date,decision,reason,alternative
2026-07-23,Keep the ground light curve undetrended.,No tested correction passed the predeclared blocked out-of-sample rule.,"Airmass, sky, width, position, comparison counts, and combined models were retained as checks."
2026-07-23,Use all ten comparison stars in the primary flux sum.,The ensemble was not selected by minimizing target scatter; pseudo-target checks were acceptable.,Equal-star and inverse-error ensembles were saved as robustness comparisons.
2026-07-23,Do not fit a transit to the GMU sequence.,"The current and historical timing sources disagree, and a fixed historical-window box gives no significant dimming.",Display the historical window and report its fixed-box check without a physical transit fit.
2026-07-23,Use a finite-exposure box for first-pass TESS measurements.,It is transparent across cadences and does not imply unsupported physical precision.,A physical limb-darkened fit remains gated by dilution and companion information.
2026-07-23,Treat nearby-star and dilution calculations as screens.,"At the time the schedule timezone was not yet confirmed; the run is not the formal program NEB procedure, and neither the ground apertures nor TESS resolve the close companion.","Confirm the schedule timezone, complete the formal program NEB procedure, and use resolving observations or permitted ExoFOP products."
2026-07-23,"Use official SPOC reports as same-observation checks, not independent validation.","The two per-sector reports, the combined report, and the project measurements all use the same Sector 54 and 81 TESS pixels.",Keep the official diagnostics beside the project results while preserving the close-companion limitation.
2026-07-24,"Before direct confirmation, use America/New_York as the working interpretation and preserve a UTC comparison.",The sheet's planned 21:10-04:55 range brackets the actual image sequence only under the Eastern civil-time interpretation.,Obtain a direct time-zone confirmation; this was completed on 2026-08-18.
2026-07-31,Adopt the 27-event mixed-pipeline trapezoidal ephemeris for timing and poster claims.,"QLP is the only pipeline available for Sectors 14 and 41, while SPOC two-minute data improve timing in Sectors 54 and 81; the trapezoid represents the near-grazing shape without counting any event twice.",Retain the QLP-only and box-shape fits as explicit controls in the same output record.
2026-08-18,Treat the 2022 schedule clocks as confirmed Eastern time.,Mason confirmed that the spreadsheet times are Eastern; America/New_York was EDT (UTC-4) on the observing night.,"The UTC calculation is retained only as an audit comparison, not as an active interpretation."
