image,slice,bjd_tdb,hours_since_first_image,raw_relative_brightness_10_comparisons,raw_relative_brightness_error,working_relative_brightness_7_comparisons,adopted_relative_brightness,condition_model_baseline,review_point,review_reason,condition_model_fit_eligible,used_in_primary_curve,primary_exclusion_reason,airmass,sky_counts_per_pixel,target_width_pixels,target_x_fits,target_y_fits,comparison_counts,meridian_side
TOI_3505.01_50.000s_R-0001_aligned.fits,1,2459782.5982348109,0.0000000000,1.0130493878,0.0031881215,1.0105520091,1.0130002121,1.0000485446,True,large star width,False,False,large star width,1.3202923983,849.1962257134,24.8247694347,1848.7697571312,1743.2782584044,4596506.4915307052,0.0000000000
TOI_3505.01_50.000s_R-0002_aligned.fits,2,2459782.5990058281,0.0185044147,1.0059299562,0.0033621684,1.0055267151,1.0058811261,1.0000485446,True,large star width,False,False,large star width,1.3162138108,882.3570314694,24.3831425628,1844.7591262064,1741.4450998724,4397867.9435929190,0.0000000000
TOI_3505.01_50.000s_R-0003_aligned.fits,3,2459782.5997669622,0.0367716327,1.0084330822,0.0030396722,1.0070527062,1.0083841306,1.0000485446,False,,True,True,,1.3122343787,847.5794584047,22.7037799484,1850.2821395422,1743.0062320410,4841158.7273055371,0.0000000000
TOI_3505.01_50.000s_R-0004_aligned.fits,4,2459782.6005278192,0.0550322011,0.9949777614,0.0030229009,0.9919005354,0.9949294630,1.0000485446,False,,True,True,,1.3083024089,844.2619796432,21.4197570419,1848.0226796878,1745.1369189789,4847446.1623190790,0.0000000000
TOI_3505.01_50.000s_R-0005_aligned.fits,5,2459782.6012884346,0.0732869692,1.0001317220,0.0024115991,0.9942485061,1.0000831734,1.0000485446,False,,True,True,,1.3044171489,743.2407354332,21.1127121163,1847.1035657283,1745.2067650556,5960401.9791125050,0.0000000000
TOI_3505.01_50.000s_R-0006_aligned.fits,6,2459782.6020486979,0.0915332884,1.0018335949,0.0021928566,0.9981518529,1.0017849636,1.0000485446,False,,True,True,,1.3005786035,692.0437567323,21.8074785010,1844.6342962151,1744.0147942584,6485265.3166475715,0.0000000000
TOI_3505.01_50.000s_R-0007_aligned.fits,7,2459782.6028088159,0.1097761206,1.0002993691,0.0021580846,0.9981905148,1.0002508123,1.0000485446,False,,True,True,,1.2967851812,680.1514358835,20.6455511657,1849.3655342556,1743.8986772620,6562662.6484804945,0.0000000000
TOI_3505.01_50.000s_R-0008_aligned.fits,8,2459782.6035703677,0.1280533634,0.9990552931,0.0020088185,0.9972020974,0.9990067967,1.0000485446,False,,True,True,,1.2930286207,640.3151096513,21.2958639790,1849.9370474354,1744.2577313791,6986101.1633658689,0.0000000000
TOI_3505.01_50.000s_R-0009_aligned.fits,9,2459782.6043305541,0.1462978385,0.9965386747,0.0019733243,0.9943154073,0.9964903005,1.0000485446,False,,True,True,,1.2893222509,625.6050982337,21.5654806361,1847.9480338779,1744.3548835551,7070940.1102254549,0.0000000000
TOI_3505.01_50.000s_R-0010_aligned.fits,10,2459782.6050918396,0.1645686887,0.9959451957,0.0019403147,0.9942804249,0.9958968502,1.0000485446,False,,True,True,,1.2856535573,616.7778820994,21.9372527405,1842.7451811006,1744.2345186540,7177739.8911390882,0.0000000000
TOI_3505.01_50.000s_R-0011_aligned.fits,11,2459782.6058534561,0.1828474849,1.0044339496,0.0019370885,1.0036892260,1.0043851922,1.0000485446,True,large star width,False,False,large star width,1.2820258906,594.2815139783,25.7882326873,1842.4172107822,1743.5635643336,7112509.1676822817,0.0000000000
TOI_3505.01_50.000s_R-0012_aligned.fits,12,2459782.6066149953,0.2011244260,1.0017549672,0.0019609874,1.0007963619,1.0017063397,1.0000485446,False,,True,True,,1.2784407605,588.1129106477,23.4079492028,1858.6444115367,1742.8010366471,6973201.8791402970,0.0000000000
TOI_3505.01_50.000s_R-0013_aligned.fits,13,2459782.6073769690,0.2194117941,0.9963202824,0.0019687475,0.9942352396,0.9962719188,1.0000485446,False,,True,True,,1.2748953315,605.4518701673,23.0245357145,1847.2093995452,1742.8526313244,7001386.6681061443,0.0000000000
TOI_3505.01_50.000s_R-0014_aligned.fits,14,2459782.6081384555,0.2376874723,0.9937245609,0.0020827424,0.9914946164,0.9936763233,1.0000485446,False,,True,True,,1.2713934416,631.1338134041,20.4548785360,1848.5450327655,1742.2310243248,6637368.4078174923,0.0000000000
TOI_3505.01_50.000s_R-0015_aligned.fits,15,2459782.6088986364,0.2559318133,1.0096540145,0.0020950135,1.0071676524,1.0096050036,1.0000485446,False,,True,True,,1.2679382739,630.8187589085,22.9755749198,1845.1356470749,1743.6331121972,6622929.8382202759,0.0000000000
TOI_3505.01_50.000s_R-0016_aligned.fits,16,2459782.6096590585,0.2741819434,0.9987366234,0.0019702375,0.9984308697,0.9986881425,1.0000485446,False,,True,True,,1.2645222813,610.0304156454,21.8871132672,1849.5143437389,1744.5130390924,7020608.3311222810,0.0000000000
TOI_3505.01_50.000s_R-0017_aligned.fits,17,2459782.6104211700,0.2924726196,1.0059894517,0.0019385520,1.0045478934,1.0059406187,1.0000485446,False,,True,True,,1.2611386933,598.7960155685,21.7674153144,1849.4924032374,1742.8115173014,7130649.4159063604,0.0000000000
TOI_3505.01_50.000s_R-0018_aligned.fits,18,2459782.6111833444,0.3107648045,0.9995036174,0.0020552728,0.9976850877,0.9994550993,1.0000485446,False,,True,True,,1.2577944513,633.2249545381,21.1726914441,1847.0809705158,1745.0533983966,6766122.0450291364,0.0000000000
TOI_3505.01_50.000s_R-0019_aligned.fits,19,2459782.6119430601,0.3289979808,1.0004429315,0.0020549652,0.9969036702,1.0003943677,1.0000485446,False,,True,True,,1.2545000259,630.0846955152,20.8807083489,1850.1163494180,1743.1012321264,6757086.7613576092,0.0000000000
TOI_3505.01_50.000s_R-0020_aligned.fits,20,2459782.6127035306,0.3472492732,0.9999166962,0.0019629911,0.9960815827,0.9998681580,1.0000485446,False,,True,True,,1.2512409491,606.2165914118,20.8700648089,1849.8992484996,1744.5899521292,7039113.5436239373,0.0000000000
TOI_3505.01_50.000s_R-0021_aligned.fits,21,2459782.6134658013,0.3655437715,1.0044055067,0.0018812730,1.0019755388,1.0043567506,1.0000485446,False,,True,True,,1.2480125451,582.3950848787,21.3979148325,1849.2657351264,1742.3844986311,7320418.9711110825,0.0000000000
TOI_3505.01_50.000s_R-0022_aligned.fits,22,2459782.6142264036,0.3837982267,1.0032015283,0.0018403046,1.0002869652,1.0031528306,1.0000485446,False,,True,True,,1.2448291261,569.8282350437,21.0639698165,1850.5714397531,1743.6002824039,7460704.1950294273,0.0000000000
TOI_3505.01_50.000s_R-0023_aligned.fits,23,2459782.6149847135,0.4019976631,1.0009703795,0.0017641574,0.9989408757,1.0009217901,1.0000485446,False,,True,True,,1.2416926281,547.7775392215,21.1087954128,1849.5269147550,1742.9191331152,7749746.3897730093,0.0000000000
TOI_3505.01_50.000s_R-0024_aligned.fits,24,2459782.6157393013,0.4201077707,1.0012363172,0.0017543433,0.9992724586,1.0011877149,1.0000485446,False,,True,True,,1.2386081580,541.8871372783,20.8203932345,1851.4530862691,1743.7807699376,7774884.7420087662,0.0000000000
TOI_3505.01_50.000s_R-0025_aligned.fits,25,2459782.6164944498,0.4382313341,0.9973050888,0.0017443794,0.9947341653,0.9972566774,1.0000485446,False,,True,True,,1.2355576182,538.4499645196,20.4418926249,1852.7517302936,1743.3920945865,7801454.0522903353,0.0000000000
TOI_3505.01_50.000s_R-0026_aligned.fits,26,2459782.6172491317,0.4563436992,0.9977398307,0.0017314823,0.9956675684,0.9976913982,1.0000485446,False,,True,True,,1.2325448110,529.2682173651,21.9259166383,1848.0939856499,1744.0946353318,7827339.5222357064,0.0000000000
TOI_3505.01_50.000s_R-0027_aligned.fits,27,2459782.6180027309,0.4744300805,1.0045483585,0.0016823185,1.0024311550,1.0044995955,1.0000485446,False,,True,True,,1.2295717438,513.2499416446,21.1225329095,1848.1287242249,1743.8896452451,8058379.1204332551,0.0000000000
TOI_3505.01_50.000s_R-0028_aligned.fits,28,2459782.6187564600,0.4925195798,1.0032390560,0.0016714490,1.0014096666,1.0031903565,1.0000485446,False,,True,True,,1.2266332223,508.0973660240,21.0269025930,1848.6628864540,1744.3056236392,8090739.3670126526,0.0000000000
TOI_3505.01_50.000s_R-0029_aligned.fits,29,2459782.6195099610,0.5106036030,1.0061996082,0.0016339402,1.0044535989,1.0061507650,1.0000485446,False,,True,True,,1.2237303062,499.4100743469,20.5919012757,1850.7933257405,1744.0033150105,8293344.5266564144,0.0000000000
TOI_3505.01_50.000s_R-0030_aligned.fits,30,2459782.6202637255,0.5286939517,1.0019700910,0.0016273280,0.9987580874,1.0019214531,1.0000485446,False,,True,True,,1.2208607734,498.7244735128,20.0552053321,1847.6123113873,1743.1579043450,8317752.5720793279,0.0000000000
TOI_3505.01_50.000s_R-0031_aligned.fits,31,2459782.6210173583,0.5467811376,1.0049029241,0.0016316697,1.0038929537,1.0048541439,1.0000485446,False,,True,True,,1.2180258141,497.0884655613,20.2706312611,1848.1711428108,1744.2946347868,8290182.0448995633,0.0000000000
TOI_3505.01_50.000s_R-0032_aligned.fits,32,2459782.6217716765,0.5648847744,1.0012152345,0.0016441008,0.9985996221,1.0011666333,1.0000485446,False,,True,True,,1.2152220774,491.5685883402,21.0249996783,1848.9046643136,1742.9034118322,8166086.4358818112,0.0000000000
TOI_3505.01_50.000s_R-0033_aligned.fits,33,2459782.6225253418,0.5829727426,1.0028028803,0.0016025726,1.0004562910,1.0027542020,1.0000485446,False,,True,True,,1.2124542245,485.6410143291,20.3254354158,1846.1640266874,1742.5388149873,8413500.1669700854,0.0000000000
TOI_3505.01_50.000s_R-0034_aligned.fits,34,2459782.6232786886,0.6010530666,0.9993232498,0.0016318747,0.9975626045,0.9992747403,1.0000485446,False,,True,True,,1.2097206597,491.6844932966,19.7565064563,1852.2051332789,1743.0777984451,8238879.0911397245,0.0000000000
TOI_3505.01_50.000s_R-0035_aligned.fits,35,2459782.6240319675,0.6191317588,1.0061893715,0.0016320420,1.0033336682,1.0061405288,1.0000485446,False,,True,True,,1.2070201443,487.4811372070,20.7982681852,1849.2062103087,1743.1139224428,8235947.9783296240,0.0000000000
TOI_3505.01_50.000s_R-0036_aligned.fits,36,2459782.6247849604,0.6372035891,1.0044955202,0.0016100044,1.0027513829,1.0044467597,1.0000485446,False,,True,True,,1.2043531439,482.8825502915,20.1009554180,1846.3091887479,1744.9771553934,8351642.5800155159,0.0000000000
TOI_3505.01_50.000s_R-0037_aligned.fits,37,2459782.6255383315,0.6552844942,1.0012889860,0.0015942514,0.9992386311,1.0012403812,1.0000485446,False,,True,True,,1.2017170181,478.4435952260,20.5827437071,1849.8252414407,1744.0680372668,8419705.7142589297,0.0000000000
TOI_3505.01_50.000s_R-0038_aligned.fits,38,2459782.6262915782,0.6733624153,1.0042284255,0.0015870966,1.0025238412,1.0041796780,1.0000485446,False,,True,True,,1.1991132570,473.1518831233,20.6434091662,1845.7850422638,1742.0390993277,8449858.1602447759,0.0000000000
TOI_3505.01_50.000s_R-0039_aligned.fits,39,2459782.6270446549,0.6914362572,0.9972887885,0.0015699700,0.9955858569,0.9972403778,1.0000485446,False,,True,True,,1.1965417199,468.4244219080,20.2485279349,1849.7910053175,1744.5397755776,8516648.0369431712,0.0000000000
TOI_3505.01_50.000s_R-0040_aligned.fits,40,2459782.6277982686,0.7095229849,0.9996645685,0.0015759926,0.9993988799,0.9996160425,1.0000485446,False,,True,True,,1.1939997360,468.7092646516,20.7644927204,1837.2357640675,1743.5185888088,8484182.5183703993,0.0000000000
TOI_3505.01_50.000s_R-0041_aligned.fits,41,2459782.6285510119,0.7275888249,1.0060810343,0.0016170847,1.0035213354,1.0060321969,1.0000485446,False,,True,True,,1.1914917624,474.4994511805,20.4910998386,1849.4836547778,1743.5214371216,8258012.3366704518,0.0000000000
TOI_3505.01_50.000s_R-0042_aligned.fits,42,2459782.6293042083,0.7456655391,1.0005252753,0.0016246477,1.0003837417,1.0004767076,1.0000485446,False,,True,True,,1.1890130935,478.4688508055,20.8396418519,1847.7307816517,1744.1030941447,8212896.1523907622,0.0000000000
TOI_3505.01_50.000s_R-0043_aligned.fits,43,2459782.6300575892,0.7637466788,1.0014505616,0.0016364964,0.9992824399,1.0014019489,1.0000485446,False,,True,True,,1.1865643924,475.7845766665,20.5929647465,1849.5787998829,1742.2829552256,8121806.7648431128,0.0000000000
TOI_3505.01_50.000s_R-0044_aligned.fits,44,2459782.6308108456,0.7818248346,1.0026828372,0.0016218775,1.0010921988,1.0026341647,1.0000485446,False,,True,True,,1.1841464047,473.2364315464,20.5265322960,1844.3006006664,1742.4802881402,8207502.8524868637,0.0000000000
TOI_3505.01_50.000s_R-0045_aligned.fits,45,2459782.6315640048,0.7999006547,1.0020778626,0.0016283311,1.0006436275,1.0020292195,1.0000485446,False,,True,True,,1.1817587787,475.3979229543,19.6144182855,1847.2689331592,1743.1370391654,8175267.0045703361,0.0000000000
TOI_3505.01_50.000s_R-0046_aligned.fits,46,2459782.6323167402,0.8179663047,1.0024023114,0.0016898374,1.0005005752,1.0023536525,1.0000485446,False,,True,True,,1.1794022653,488.4715459373,20.0822336899,1849.4357352267,1744.3076398313,7863059.2312586987,0.0000000000
TOI_3505.01_50.000s_R-0047_aligned.fits,47,2459782.6330703092,0.8360519595,1.0007482455,0.0016948003,0.9984626431,1.0006996669,1.0000485446,False,,True,True,,1.1770727082,490.2159590708,19.2709203780,1849.0346004994,1743.7035386863,7841378.5302174967,0.0000000000
TOI_3505.01_50.000s_R-0048_aligned.fits,48,2459782.6338234944,0.8541284055,1.0002149162,0.0016403697,0.9984628782,1.0001663635,1.0000485446,False,,True,True,,1.1747736562,472.7175181735,20.0978546889,1853.6420025839,1742.5939422767,8075116.6027959604,0.0000000000
TOI_3505.01_50.000s_R-0049_aligned.fits,49,2459782.6345768599,0.8722091764,1.0026977529,0.0016398996,1.0016411041,1.0026490797,1.0000485446,False,,True,True,,1.1725031355,471.2928127045,19.5027018866,1847.4159745930,1742.2932638507,8078420.3872354319,0.0000000000
TOI_3505.01_50.000s_R-0050_aligned.fits,50,2459782.6353294998,0.8902725354,0.9946589946,0.0015958996,0.9938774109,0.9946107116,1.0000485446,False,,True,True,,1.1702636119,458.9511184206,20.1164668913,1845.7740980913,1744.5960262698,8267904.5060332399,0.0000000000
TOI_3505.01_50.000s_R-0051_aligned.fits,51,2459782.6360830753,0.9083583467,1.0047302022,0.0016388620,1.0047621771,1.0046814303,1.0000485446,False,,True,True,,1.1680499264,469.9544985985,19.8308198918,1837.3908346723,1742.7785065343,8083242.4548101183,0.0000000000
TOI_3505.01_50.000s_R-0052_aligned.fits,52,2459782.6368365102,0.9264407828,0.9971082864,0.0016837753,0.9965789946,0.9970598845,1.0000485446,False,,True,True,,1.1658650564,480.4955775863,19.8161176095,1846.9029964170,1742.9254444380,7838913.0501503060,0.0000000000
TOI_3505.01_50.000s_R-0053_aligned.fits,53,2459782.6375896996,0.9445173293,0.9961467799,0.0016079516,0.9940260879,0.9960984247,1.0000485446,False,,True,True,,1.1637090631,462.5133572033,19.5339576853,1846.6495188761,1745.2045261712,8212855.0837010741,0.0000000000
TOI_3505.01_50.000s_R-0054_aligned.fits,54,2459782.6383427386,0.9625902660,0.9992929667,0.0015715708,0.9980498126,0.9992444588,1.0000485446,False,,True,True,,1.1615814352,451.0453588476,19.0230427348,1847.4224803626,1743.4881336356,8405078.2475088276,0.0000000000
TOI_3505.01_50.000s_R-0055_aligned.fits,55,2459782.6390960058,0.9806686789,0.9984049877,0.0016354866,0.9983158287,0.9983565229,1.0000485446,False,,True,True,,1.1594808909,463.8057636446,19.5195368761,1847.9765478206,1743.3033790925,8048080.9866950884,0.0000000000
TOI_3505.01_50.000s_R-0056_aligned.fits,56,2459782.6398489238,0.9987387098,1.0033688998,0.0016283420,1.0017283686,1.0033201940,1.0000485446,False,,True,True,,1.1574088202,461.2377465560,19.4800713110,1847.8398673284,1745.0127268152,8095455.1390133407,0.0000000000
TOI_3505.01_50.000s_R-0057_aligned.fits,57,2459782.6406018622,1.0168092325,0.9935448162,0.0015541576,0.9924265348,0.9934965873,1.0000485446,False,,True,True,,1.1553639852,439.7978760661,19.7271561915,1848.9356433687,1744.1510563595,8437249.5815615878,0.0000000000
TOI_3505.01_50.000s_R-0058_aligned.fits,58,2459782.6413543285,1.0348684229,1.0036927395,0.0015210546,1.0019831314,1.0036440180,1.0000485446,False,,True,True,,1.1533474917,415.7148017356,19.5243010081,1846.9219866394,1743.2456663304,8564604.7347891908,0.0000000000
TOI_3505.01_50.000s_R-0059_aligned.fits,59,2459782.6421075361,1.0529454052,0.9984529716,0.0015830769,0.9980143482,0.9984045045,1.0000485446,False,,True,True,,1.1513559029,430.2996811927,19.3090125546,1847.7654628825,1742.4750277166,8190174.4762110747,0.0000000000
TOI_3505.01_50.000s_R-0060_aligned.fits,60,2459782.6428602245,1.0710099265,1.0005093069,0.0015532466,0.9991439021,1.0004607399,1.0000485446,False,,True,True,,1.1493923669,421.3214725784,19.8292112511,1847.9389339434,1743.7817139185,8350897.1421583723,0.0000000000
TOI_3505.01_50.000s_R-0061_aligned.fits,61,2459782.6436133380,1.0890846513,1.0014780545,0.0015411868,1.0001482041,1.0014294405,1.0000485446,False,,True,True,,1.1474542222,417.2554526173,19.9350806077,1849.4655765043,1743.5252118424,8415428.8299700897,0.0000000000
TOI_3505.01_50.000s_R-0062_aligned.fits,62,2459782.6443660157,1.1071489155,0.9951798745,0.0015478717,0.9957809254,0.9951315662,1.0000485446,False,,True,True,,1.1455434916,420.4625014312,19.2643905439,1851.4292451806,1747.7142706127,8363239.1005256958,0.0000000000
TOI_3505.01_50.000s_R-0063_aligned.fits,63,2459782.6451192242,1.1252259202,0.9983643276,0.0015590503,0.9973670307,0.9983158648,1.0000485446,False,,True,True,,1.1436575397,417.0214160743,20.8114130346,1848.7645826233,1743.7232495040,8272791.0832643891,0.0000000000
TOI_3505.01_50.000s_R-0064_aligned.fits,64,2459782.6458724118,1.1433024220,0.9991240800,0.0015517001,0.9982375146,0.9990755803,1.0000485446,False,,True,True,,1.1417975896,417.0152180731,19.4103939277,1848.4537404761,1743.2919941639,8328533.9323394569,0.0000000000
TOI_3505.01_50.000s_R-0065_aligned.fits,65,2459782.6466247500,1.1613585390,1.0010142657,0.0015258028,0.9993479645,1.0009656742,1.0000485446,False,,True,True,,1.1399654658,409.6979388301,19.4815622294,1849.2042799241,1743.4592946748,8478305.4537306819,0.0000000000
TOI_3505.01_50.000s_R-0066_aligned.fits,66,2459782.6473772163,1.1794177294,0.9982082609,0.0015244905,0.9964088685,0.9981598056,1.0000485446,False,,True,True,,1.1381585680,408.9812218253,19.3789160565,1849.0131343450,1743.8078943024,8472506.8978904095,0.0000000000
TOI_3505.01_50.000s_R-0067_aligned.fits,67,2459782.6481302613,1.1974908113,1.0003501349,0.0014971616,0.9996079846,1.0003015756,1.0000485446,False,,True,True,,1.1363756776,402.0176878051,19.1629347119,1845.8152694828,1744.8122826076,8642838.1592129413,0.0000000000
TOI_3505.01_50.000s_R-0068_aligned.fits,68,2459782.6488823988,1.2155421115,1.0003138995,0.0015701911,0.9987251979,1.0002653420,1.0000485446,False,,True,True,,1.1346201258,418.7613346465,19.6373183009,1848.8277294029,1743.9891454151,8212451.1625446612,0.0000000000
TOI_3505.01_50.000s_R-0069_aligned.fits,69,2459782.6496356763,1.2336207703,1.0030950279,0.0015518904,1.0024588941,1.0030463354,1.0000485446,False,,True,True,,1.1328869766,412.4814161818,20.4034632323,1842.6215396106,1744.0528931305,8313148.9687663019,0.0000000000
TOI_3505.01_50.000s_R-0070_aligned.fits,70,2459782.6503884499,1.2516873367,1.0015596303,0.0015475509,1.0008242295,1.0015110124,1.0000485446,False,,True,True,,1.1311798781,412.7791329107,19.5491375434,1847.3650210338,1742.9390952757,8340262.7228015084,0.0000000000
TOI_3505.01_50.000s_R-0071_aligned.fits,71,2459782.6511416794,1.2697648443,1.0024047392,0.0015157974,1.0002802792,1.0023560802,1.0000485446,False,,True,True,,1.1294964899,403.4756578664,19.5768459780,1848.0493506320,1744.0733631813,8517701.8801204711,0.0000000000
TOI_3505.01_50.000s_R-0072_aligned.fits,72,2459782.6518941256,1.2878235541,1.0011421690,0.0014898067,1.0000177711,1.0010935713,1.0000485446,False,,True,True,,1.1278394031,397.2594918141,19.2152021930,1846.3619102524,1745.4188862438,8671283.0556450747,0.0000000000
TOI_3505.01_50.000s_R-0073_aligned.fits,73,2459782.6526460862,1.3058706075,0.9988739151,0.0014944777,0.9975173668,0.9988254275,1.0000485446,False,,True,True,,1.1262077440,396.3054331889,19.8277531044,1848.4729253031,1744.8446046755,8618291.1494316254,0.0000000000
TOI_3505.01_50.000s_R-0074_aligned.fits,74,2459782.6533985650,1.3239300996,1.0011003937,0.0014758929,1.0009499012,1.0010517980,1.0000485446,False,,True,True,,1.1245991848,390.2755872206,19.9369517214,1847.6457937314,1744.9721418896,8733990.6273367554,0.0000000000
TOI_3505.01_50.000s_R-0075_aligned.fits,75,2459782.6541513731,1.3419974931,1.0004143659,0.0014821119,0.9990181028,1.0003658035,1.0000485446,False,,True,True,,1.1230140161,388.6595155338,19.9006239067,1847.1540733516,1745.4017955237,8669390.9960925877,0.0000000000
TOI_3505.01_50.000s_R-0076_aligned.fits,76,2459782.6549045029,1.3600726090,0.9998326150,0.0014597969,0.9997449562,0.9997840809,1.0000485446,False,,True,True,,1.1214521373,385.6294312111,19.1058070348,1846.4252643650,1744.7646554606,8827460.5248593539,0.0000000000
TOI_3505.01_50.000s_R-0077_aligned.fits,77,2459782.6556575838,1.3781465515,0.9980533513,0.0014758891,0.9969631412,0.9980049035,1.0000485446,False,,True,True,,1.1199141837,385.2005511344,20.7303093724,1858.0469312639,1742.9509300955,8686377.2378253695,0.0000000000
TOI_3505.01_50.000s_R-0078_aligned.fits,78,2459782.6564107756,1.3962231539,1.0019812337,0.0014859668,1.0015279871,1.0019325953,1.0000485446,False,,True,True,,1.1183996888,386.9579594760,20.7402172140,1851.3127035618,1743.4965437823,8634126.1916186418,0.0000000000
TOI_3505.01_50.000s_R-0079_aligned.fits,79,2459782.6571634738,1.4142879099,1.0015534778,0.0014918761,1.0008051271,1.0015048602,1.0000485446,False,,True,True,,1.1169097090,389.5906714127,19.7770569579,1848.6002197190,1744.8830392170,8603252.8320743442,0.0000000000
TOI_3505.01_50.000s_R-0080_aligned.fits,80,2459782.6579167228,1.4323658869,0.9997369596,0.0014825644,0.9992036321,0.9996884302,1.0000485446,False,,True,True,,1.1154420420,386.4182329923,19.8239355656,1845.2892839880,1744.7475164593,8646603.4898639284,0.0000000000
TOI_3505.01_50.000s_R-0081_aligned.fits,81,2459782.6586697218,1.4504378624,1.0025406908,0.0014833890,1.0023704952,1.0024920252,1.0000485446,False,,True,True,,1.1139981249,384.4703772980,19.8859546237,1849.1239969150,1744.0508733313,8638106.9042629059,0.0000000000
TOI_3505.01_50.000s_R-0082_aligned.fits,82,2459782.6594229331,1.4685149342,1.0010764624,0.0015108381,0.9991785400,1.0010278679,1.0000485446,False,,True,True,,1.1125769370,389.6822083795,19.9286907068,1847.7493422224,1744.3407568061,8457098.5801179968,0.0000000000
TOI_3505.01_50.000s_R-0083_aligned.fits,83,2459782.6601752411,1.4865703247,0.9992251592,0.0015599801,0.9985659634,0.9991766546,1.0000485446,False,,True,True,,1.1111804211,404.0380686452,19.6407227894,1849.2311048296,1742.8828370545,8185208.8069402920,0.0000000000
TOI_3505.01_50.000s_R-0084_aligned.fits,84,2459782.6609284044,1.5046462454,0.9950496657,0.0015939105,0.9934775873,0.9950013638,1.0000485446,False,,True,True,,1.1098051820,405.5344478374,20.1462792199,1846.6287832112,1744.0618439383,7947695.3752229158,0.0000000000
TOI_3505.01_50.000s_R-0085_aligned.fits,85,2459782.6616811780,1.5227128118,1.0003736919,0.0015232502,0.9990953767,1.0003251315,1.0000485446,False,,True,True,,1.1084533889,390.2834153545,20.9687377061,1847.3618212634,1743.4543780787,8364825.2359315520,0.0000000000
TOI_3505.01_50.000s_R-0086_aligned.fits,86,2459782.6624343651,1.5407893024,1.0012791775,0.0014755360,1.0002321521,1.0012305732,1.0000485446,False,,True,True,,1.1071234770,378.8180764215,19.5800121044,1850.1439203561,1743.6097486324,8657351.2166520506,0.0000000000
TOI_3505.01_50.000s_R-0087_aligned.fits,87,2459782.6631872556,1.5588586740,1.0023595990,0.0014904123,1.0021889436,1.0023109423,1.0000485446,False,,True,True,,1.1058165844,382.1339634089,19.3673213697,1846.2854512264,1744.4245604179,8565793.8362514488,0.0000000000
TOI_3505.01_50.000s_R-0088_aligned.fits,88,2459782.6639406304,1.5769396685,0.9993845582,0.0015177324,0.9998963553,0.9993360459,1.0000485446,False,,True,True,,1.1045312454,390.8253221552,19.0669360270,1846.8087644435,1744.5857781991,8405313.4563858267,0.0000000000
TOI_3505.01_50.000s_R-0089_aligned.fits,89,2459782.6646927330,1.5949901305,0.9973207519,0.0015147680,0.9959922181,0.9972723397,1.0000485446,False,,True,True,,1.1032703054,390.4002795426,18.8397671540,1855.5708640734,1743.5483516397,8417039.2816435527,0.0000000000
TOI_3505.01_50.000s_R-0090_aligned.fits,90,2459782.6654457957,1.6130636372,0.9964814722,0.0015241916,0.9957108842,0.9964331008,1.0000485446,False,,True,True,,1.1020298940,393.8506598571,19.0311464916,1846.3097028135,1744.3136546222,8366451.6595832603,0.0000000000
TOI_3505.01_50.000s_R-0091_aligned.fits,91,2459782.6661983095,1.6311239675,0.9989487623,0.0015603764,0.9976120539,0.9989002710,1.0000485446,False,,True,True,,1.1008124036,402.4295704452,19.4563916927,1847.9332561419,1743.7587349666,8170604.0938397497,0.0000000000
TOI_3505.01_50.000s_R-0092_aligned.fits,92,2459782.6669506375,1.6491798386,0.9991395914,0.0016527848,0.9999901220,0.9990910909,1.0000485446,False,,True,True,,1.0996171052,425.9292006811,18.9561427401,1849.7667206560,1743.6762589396,7710332.8961089626,0.0000000000
TOI_3505.01_50.000s_R-0093_aligned.fits,93,2459782.6677036607,1.6672523953,1.0009811583,0.0017006888,1.0003225270,1.0009325685,1.0000485446,False,,True,True,,1.0984425133,435.4717783406,19.4865740824,1856.6379790854,1743.3835031231,7489923.3422008269,0.0000000000
TOI_3505.01_50.000s_R-0094_aligned.fits,94,2459782.6684568319,1.6853285059,1.0032704423,0.0017016121,1.0033219071,1.0032217413,1.0000485446,False,,True,True,,1.0972894144,436.5165817828,19.4265763004,1848.1780524167,1743.7579716944,7498280.4029528294,0.0000000000
TOI_3505.01_50.000s_R-0095_aligned.fits,95,2459782.6692095487,1.7033937089,1.0020149687,0.0017809641,1.0024886506,1.0019663287,1.0000485446,False,,True,True,,1.0961586143,451.1579375106,19.1829930862,1849.0959460958,1742.5297834807,7145473.4208169086,0.0000000000
TOI_3505.01_50.000s_R-0096_aligned.fits,96,2459782.6699625305,1.7214652710,1.0030022625,0.0017557318,1.0018440339,1.0029535745,1.0000485446,False,,True,True,,1.0950489232,449.0076917386,18.3437825568,1850.9831184359,1742.5021902403,7267919.8532043668,0.0000000000
TOI_3505.01_50.000s_R-0097_aligned.fits,97,2459782.6707157129,1.7395416498,0.9992381758,0.0017073347,0.9980802645,0.9991896705,1.0000485446,False,,True,True,,1.0939603571,439.2524576699,19.0272915824,1849.4555019256,1742.9822547400,7469002.6301873140,0.0000000000
TOI_3505.01_50.000s_R-0098_aligned.fits,98,2459782.6714689122,1.7576184310,1.0018401254,0.0017090370,1.0001435212,1.0017914938,1.0000485446,False,,True,True,,1.0928930948,438.4720651582,18.8472139086,1851.2293778122,1742.8372084051,7462858.4858218096,0.0000000000
TOI_3505.01_50.000s_R-0099_aligned.fits,99,2459782.6722215102,1.7756807841,0.9997344721,0.0017350510,0.9989777452,0.9996859427,1.0000485446,False,,True,True,,1.0918478926,442.1277798221,19.1254554993,1849.6255274030,1744.8609583582,7331209.1066933302,0.0000000000
TOI_3505.01_50.000s_R-0100_aligned.fits,100,2459782.6729745255,1.7937531509,0.9979050276,0.0017586509,0.9969823866,0.9978565870,1.0000485446,False,,True,True,,1.0908232361,444.1344708928,19.7185064299,1862.1130202948,1744.1924876445,7210545.3870432321,0.0000000000
TOI_3505.01_50.000s_R-0101_aligned.fits,101,2459782.6737270430,1.8118135706,0.9983232156,0.0018160977,0.9970093649,0.9982747548,1.0000485446,False,,True,True,,1.0898202770,456.7975421587,19.1383373687,1849.7429902921,1742.5284995199,6988079.6960024070,0.0000000000
TOI_3505.01_50.000s_R-0102_aligned.fits,102,2459782.6744800471,1.8298856691,0.9996669404,0.0018164463,0.9976009436,0.9996184143,1.0000485446,False,,True,True,,1.0888376138,455.5756935434,18.9906783347,1851.0811269652,1742.6377475573,6982992.7000711234,0.0000000000
TOI_3505.01_50.000s_R-0103_aligned.fits,103,2459782.6752329213,1.8479546495,1.0010909929,0.0018353745,1.0002896497,1.0010423977,1.0000485446,False,,True,True,,1.0878759812,457.4708196802,19.7521022656,1848.6107640520,1742.7148856463,6905670.6846430264,0.0000000000
TOI_3505.01_50.000s_R-0104_aligned.fits,104,2459782.6759856115,1.8660192154,0.9956372338,0.0017563173,0.9953586897,0.9955889033,1.0000485446,False,,True,True,,1.0869353504,442.8444844233,18.4803744347,1850.5558479541,1743.9026505649,7208905.0075781904,0.0000000000
TOI_3505.01_50.000s_R-0105_aligned.fits,105,2459782.6767384834,1.8840881400,0.9969722229,0.0017017802,0.9940351924,0.9969238276,1.0000485446,False,,True,True,,1.0860151821,430.1713904794,19.5039244944,1857.3308725570,1743.7649112999,7439414.1747163115,0.0000000000
TOI_3505.01_50.000s_R-0106_aligned.fits,106,2459782.6774914246,1.9021587297,0.9994591000,0.0016659329,0.9992254830,0.9994105840,1.0000485446,False,,True,True,,1.0851155437,423.9067707339,18.8327235184,1848.2770211369,1743.9082300261,7620205.4941933658,0.0000000000
TOI_3505.01_50.000s_R-0107_aligned.fits,107,2459782.6782447444,1.9202384055,0.9978705212,0.0017579398,0.9980845821,0.9978220823,1.0000485446,False,,True,True,,1.0842360058,443.0250546886,18.6182517831,1854.8767853450,1742.9983488034,7207499.3087327946,0.0000000000
TOI_3505.01_50.000s_R-0108_aligned.fits,108,2459782.6789978519,1.9383129850,1.0007024855,0.0019101155,1.0003317465,1.0006539092,1.0000485446,False,,True,True,,1.0833771881,471.2395343759,18.4835302249,1847.7093492684,1742.8535909328,6631399.4659670833,0.0000000000
TOI_3505.01_50.000s_R-0109_aligned.fits,109,2459782.6797503065,1.9563718960,1.0024002587,0.0019602775,1.0008162313,1.0023515999,1.0000485446,False,,True,True,,1.0825394842,478.5269870827,18.5417999078,1850.3319548795,1744.7450250931,6457849.1983203841,0.0000000000
TOI_3505.01_50.000s_R-0110_aligned.fits,110,2459782.6805032138,1.9744416699,1.0052785026,0.0018723591,1.0047427932,1.0052297041,1.0000485446,False,,True,True,,1.0817215823,462.6164794030,18.7525767535,1846.7406246810,1744.1002399389,6768692.4406615365,0.0000000000
TOI_3505.01_50.000s_R-0111_aligned.fits,111,2459782.6812559585,1.9925075434,0.9966333581,0.0018414990,0.9961570630,0.9965849792,1.0000485446,False,,True,True,,1.0809240916,454.9806430330,19.2870695633,1850.5359725474,1744.6657893744,6850249.2035983577,0.0000000000
TOI_3505.01_50.000s_R-0112_aligned.fits,112,2459782.6820092103,2.0105855875,1.0005239580,0.0018722630,1.0001223824,1.0004753903,1.0000485446,False,,True,True,,1.0801462473,461.3281581152,18.4935273124,1849.5988082512,1743.1874739472,6750455.1825820999,0.0000000000
TOI_3505.01_50.000s_R-0113_aligned.fits,113,2459782.6827624757,2.0286639556,0.9987357242,0.0018237008,0.9973049144,0.9986872433,1.0000485446,False,,True,True,,1.0793885138,451.7732464864,18.0766408918,1848.3111731031,1743.4359658150,6924473.6282318849,0.0000000000
TOI_3505.01_50.000s_R-0114_aligned.fits,114,2459782.6835151580,2.0467283316,1.0000485446,0.0018176920,0.9995603244,1.0000000000,1.0000485446,False,,True,True,,1.0786514027,448.2619776721,18.7028994399,1848.1020193938,1742.1216394813,6936432.8823995097,0.0000000000
TOI_3505.01_50.000s_R-0115_aligned.fits,115,2459782.6842677188,2.0647897907,0.9994035648,0.0018206206,0.9981496145,0.9993550515,1.0000485446,False,,True,True,,1.0779343707,445.8682534415,18.8106386938,1850.5697641118,1743.6757432388,6909560.5998422001,0.0000000000
TOI_3505.01_50.000s_R-0116_aligned.fits,116,2459782.6850199620,2.0828436278,1.0017365617,0.0015941585,0.9994294979,1.0016879351,1.0000485446,False,,True,True,,1.0772375253,397.5420458799,18.9969702271,1862.7310730578,1743.6825238817,7917955.0694818050,0.0000000000
TOI_3505.01_50.000s_R-0117_aligned.fits,117,2459782.6857723058,2.1008998789,0.9980460425,0.0015015351,0.9978941006,0.9979975951,1.0000485446,False,,True,True,,1.0765604117,378.0960893767,18.7878715181,1849.9954187469,1743.8178970910,8434258.4324855208,0.0000000000
TOI_3505.01_50.000s_R-0118_aligned.fits,118,2459782.6865251865,2.1189690158,0.9992525377,0.0014570377,0.9985945059,0.9992040317,1.0000485446,False,,True,True,,1.0759026041,366.1482763562,18.6189842977,1847.4629644298,1744.9396125324,8708557.8946707584,0.0000000000
TOI_3505.01_50.000s_R-0119_aligned.fits,119,2459782.6872787620,2.1370548271,0.9995833467,0.0014563843,0.9991533927,0.9995348246,1.0000485446,False,,True,True,,1.0752639565,365.7862593719,18.4216681924,1846.2676378855,1743.7843960338,8711510.0397389680,0.0000000000
TOI_3505.01_50.000s_R-0120_aligned.fits,120,2459782.6880318290,2.1551284343,1.0010982519,0.0014678403,0.9999764535,1.0010496564,1.0000485446,False,,True,True,,1.0746454422,368.1013112508,18.3645781498,1850.8950164518,1743.1422007711,8640323.0309515558,0.0000000000
TOI_3505.01_50.000s_R-0121_aligned.fits,121,2459782.6887850352,2.1732053831,1.0017826558,0.0014801224,1.0003648756,1.0017340270,1.0000485446,False,,True,True,,1.0740464617,371.4840319525,18.4469671985,1847.0469471277,1744.2203118523,8569959.4110301826,0.0000000000
TOI_3505.01_50.000s_R-0122_aligned.fits,122,2459782.6895380071,2.1912767105,1.0008388849,0.0015184716,1.0006860824,1.0007903019,1.0000485446,False,,True,True,,1.0734672567,380.8819239202,17.7613534728,1846.8217760603,1745.0793443251,8336909.3238351317,0.0000000000
TOI_3505.01_50.000s_R-0123_aligned.fits,123,2459782.6902910583,2.2093499377,1.0006697100,0.0015188600,1.0008984597,1.0006211353,1.0000485446,False,,True,True,,1.0729075318,380.0856978173,17.9002475430,1852.8314211690,1742.9887932315,8328367.6378041347,0.0000000000
TOI_3505.01_50.000s_R-0124_aligned.fits,124,2459782.6910441252,2.2274235450,0.9993622205,0.0015098747,1.0000173175,0.9993137092,1.0000485446,False,,True,True,,1.0723672893,378.1030658581,18.1134700862,1847.1090184722,1743.5556418402,8375636.6154158348,0.0000000000
TOI_3505.01_50.000s_R-0125_aligned.fits,125,2459782.6917973706,2.2455014326,0.9992812888,0.0015149235,0.9986558519,0.9992327815,1.0000485446,False,,True,True,,1.0718463751,378.5411046349,18.6077440285,1849.1910728422,1743.9795137462,8340844.6654763687,0.0000000000
TOI_3505.01_50.000s_R-0126_aligned.fits,126,2459782.6925499006,2.2635621540,0.9989447390,0.0015082568,0.9982555171,0.9988962480,1.0000485446,False,,True,True,,1.0713453419,378.0059312336,18.8117520036,1847.4555222077,1744.0334206131,8385615.9418107746,0.0000000000
TOI_3505.01_50.000s_R-0127_aligned.fits,127,2459782.6933032637,2.2816428691,1.0028207413,0.0015144672,1.0025399595,1.0027720621,1.0000485446,False,,True,True,,1.0708631207,378.5815047729,19.1184494426,1847.7846223653,1744.8487696773,8357777.3422136353,0.0000000000
TOI_3505.01_50.000s_R-0128_aligned.fits,128,2459782.6940560760,2.2997103631,1.0000000000,0.0014776115,1.0000000000,0.9999514577,1.0000485446,False,,True,True,,1.0704005680,372.5147976579,18.9554398001,1847.8921684595,1743.0829091611,8590663.0349361654,0.0000000000
TOI_3505.01_50.000s_R-0129_aligned.fits,129,2459782.6948093004,2.3177877478,1.0158132134,0.0051591556,0.9925938423,1.0157639036,1.0000485446,True,low comparison-star counts; unusual target brightness,False,False,low comparison-star counts; unusual target brightness,1.0699570471,697.0221019823,18.4041837047,1850.4569913615,1741.2733779293,2475261.2082860982,0.0000000000
TOI_3505.01_50.000s_R-0130_aligned.fits,130,2459782.6955639157,2.3358985148,1.0242244277,0.0096698745,1.0001052429,1.0241747096,1.0000485446,True,low comparison-star counts; unusual target brightness,False,False,low comparison-star counts; unusual target brightness,1.0695320138,896.0078681940,19.4429903509,1853.7646755204,1744.7030298908,1431679.8705925806,0.0000000000
TOI_3505.01_50.000s_R-0131_aligned.fits,131,2459782.6963179847,2.3539961725,1.0008644469,0.0019587083,0.9996068451,1.0008158627,1.0000485446,False,,True,True,,1.0691265556,484.9945688164,18.5424360796,1848.6646481439,1743.3319896322,6493530.8099318901,0.0000000000
TOI_3505.01_50.000s_R-0132_aligned.fits,132,2459782.6970712738,2.3720751107,0.9949306774,0.0020927475,0.9977535151,0.9948823812,1.0000485446,False,,True,True,,1.0687407129,482.7441209463,19.5326745433,1861.1525704121,1744.9419926691,5954829.5462877890,0.0000000000
TOI_3505.01_50.000s_R-0133_aligned.fits,133,2459782.6978248958,2.3901620395,1.0025837383,0.0023799372,1.0072709620,1.0025350706,1.0000485446,False,,True,True,,1.0683738664,523.2035248708,19.5714466231,1848.1516108223,1743.1918154360,5260870.5143185789,0.0000000000
TOI_3505.01_50.000s_R-0134_aligned.fits,134,2459782.6985779367,2.4082350209,0.9944484120,0.0028707316,0.9995901469,0.9944001393,1.0000485446,False,,True,True,,1.0680264203,578.7461375788,19.1585040353,1856.0207193793,1742.6751434032,4378723.3634773754,0.0000000000
TOI_3505.01_50.000s_R-0135_aligned.fits,135,2459782.6993383258,2.4264843576,0.9983258875,0.0025963379,1.0001437183,0.9982774265,1.0000485446,False,,True,True,,1.0676949452,554.3261964877,19.3425982097,1851.3219359758,1743.9691658690,4844974.3905264353,0.0000000000
TOI_3505.01_50.000s_R-0136_aligned.fits,136,2459782.7000936135,2.4446112625,0.9945560285,0.0023008353,0.9962020656,0.9945077505,1.0000485446,False,,True,True,,1.0673849258,521.8111329905,18.6560541531,1851.1954934654,1743.7843184678,5461070.9756674236,0.0000000000
TOI_3505.01_50.000s_R-0137_aligned.fits,137,2459782.7008470711,2.4626942463,0.9951579286,0.0031209526,1.0037149905,0.9951096214,1.0000485446,False,,True,True,,1.0670947292,596.3966813970,19.4680948511,1849.9016208055,1741.9916360465,4027094.0648928760,0.0000000000
TOI_3505.01_50.000s_R-0138_aligned.fits,138,2459782.7016101852,2.4810089841,0.9926802892,0.0035795683,0.9959785076,0.9926321023,1.0000485446,False,,True,True,,1.0668202044,634.7208290620,18.5386260636,1850.7934146642,1744.7231675100,3536119.1308075003,0.0000000000
TOI_3505.01_50.000s_R-0139_aligned.fits,139,2459782.7023696420,2.4992359467,0.9885403525,0.0032881035,0.9877557800,0.9884923665,1.0000485446,False,,True,True,,1.0665663466,610.0049171844,18.9101911390,1851.4381026902,1744.8668802467,3823055.0040134504,0.0000000000
TOI_3505.01_50.000s_R-0140_aligned.fits,140,2459782.7031324874,2.5175442360,1.0019769982,0.0027543896,1.0040099608,1.0019283600,1.0000485446,False,,True,True,,1.0663307684,566.3027671025,19.3997311255,1850.5128772513,1744.2074662646,4562555.9648347339,0.0000000000
TOI_3505.01_50.000s_R-0141_aligned.fits,141,2459782.7038899334,2.5357229412,1.0036877843,0.0023078553,1.0022609201,1.0036390631,1.0000485446,False,,True,True,,1.0661160869,518.5620084206,18.7208207914,1853.2679334954,1743.9559641657,5444571.3726103297,0.0000000000
TOI_3505.01_50.000s_R-0142_aligned.fits,142,2459782.7046428472,2.5537928715,1.0000549152,0.0027571056,1.0003412915,1.0000063703,1.0000485446,False,,True,True,,1.0659216614,569.4145590250,19.1801542498,1852.1825486143,1742.9152065677,4566381.1236728048,0.0000000000
TOI_3505.01_50.000s_R-0143_aligned.fits,143,2459782.7054009773,2.5719879940,1.0001899931,0.0024885921,0.9996905436,1.0001414416,1.0000485446,False,,True,True,,1.0657449841,546.4267001484,19.0776228540,1850.1068748846,1743.5113152361,5068484.8615827067,0.0000000000
TOI_3505.01_50.000s_R-0144_aligned.fits,144,2459782.7061556340,2.5900997557,1.0007353419,0.0023097863,1.0096133627,1.0006867639,1.0000485446,False,,True,True,,1.0655881309,518.9831491328,19.4013772645,1848.4889085323,1742.7473107028,5435295.0839510560,0.0000000000
TOI_3505.01_50.000s_R-0145_aligned.fits,145,2459782.7069090409,2.6081815213,0.9959493253,0.0024571968,0.9955003285,0.9959009797,1.0000485446,False,,True,True,,1.0654504482,535.8502208400,18.7210578005,1850.7988115952,1742.5796348123,5099816.9572951496,0.0000000000
TOI_3505.01_50.000s_R-0146_aligned.fits,146,2459782.7076630625,2.6262780391,1.0079533281,0.0021582876,1.0029772418,1.0079043997,1.0000485446,False,,True,True,,1.0653315598,502.1447647602,18.9212037397,1850.5576369320,1743.0276350287,5844605.7520439215,0.0000000000
TOI_3505.01_50.000s_R-0147_aligned.fits,147,2459782.7084165383,2.6443614587,1.0034737183,0.0021636252,1.0035105515,1.0034250074,1.0000485446,False,,True,True,,1.0652316414,499.9530305592,19.0143030011,1851.8509760246,1742.9813673144,5807225.2904051645,0.0000000000
TOI_3505.01_50.000s_R-0148_aligned.fits,148,2459782.7091704095,2.6624543667,1.0016164306,0.0020053789,1.0009283446,1.0015678099,1.0000485446,False,,True,True,,1.0651505541,478.8171133070,18.6058118948,1856.1980043010,1742.6816852856,6276978.2410888141,0.0000000000
TOI_3505.01_50.000s_R-0149_aligned.fits,149,2459782.7099231686,2.6805205867,1.0032886921,0.0019576827,1.0013161262,1.0032399902,1.0000485446,False,,True,True,,1.0650884264,471.3207699125,19.2814285767,1851.2344545368,1742.8686237218,6435814.6386248283,0.0000000000
TOI_3505.01_50.000s_R-0150_aligned.fits,150,2459782.7106763357,2.6985965967,0.9976448100,0.0019528630,0.9959371613,0.9975963821,1.0000485446,False,,True,True,,1.0650451011,468.1400777622,19.6548071208,1859.3258802472,1742.7027842463,6422710.7605827441,0.0000000000
TOI_3505.01_50.000s_R-0151_aligned.fits,151,2459782.7114293799,2.7166696563,1.0002846102,0.0018497504,0.9990418477,1.0002360541,1.0000485446,False,,True,True,,1.0650206160,451.6658442479,19.2627569430,1850.6640942436,1743.0071661880,6803723.7599932114,0.0000000000
TOI_3505.01_50.000s_R-0152_aligned.fits,152,2459782.7121820669,2.7347341441,0.9984849038,0.0018602394,0.9966471191,0.9984364351,1.0000485446,False,,True,True,,1.0650149585,449.8004868184,20.8567745512,1848.6421920455,1742.0995719769,6739449.5245048618,0.0000000000
TOI_3505.01_50.000s_R-0153_aligned.fits,153,2459782.7129347818,2.7527993023,0.9996100106,0.0017184961,0.9997204234,0.9995614873,1.0000485446,False,,True,True,,1.0650281130,428.0471333718,21.0414635175,1848.5585342418,1742.5287453620,7338272.0102256350,1.0000000000
TOI_3505.01_50.000s_R-0154_aligned.fits,154,2459782.7136881002,2.7708789445,1.0016680026,0.0016321164,1.0018484787,1.0016193794,1.0000485446,False,,True,True,,1.0650601143,413.0057455363,21.3627912380,1849.1988616445,1742.1781052948,7770292.9537300477,1.0000000000
TOI_3505.01_50.000s_R-0155_aligned.fits,155,2459782.7144411867,2.7889530212,1.0011333500,0.0015711344,1.0001180918,1.0010847527,1.0000485446,False,,True,True,,1.0651109435,404.7604060049,20.2883726312,1848.4916052226,1742.7836883056,8118938.2685810840,1.0000000000
TOI_3505.01_50.000s_R-0156_aligned.fits,156,2459782.7151942407,2.8070263155,0.9997339654,0.0015694491,0.9998398612,0.9996854360,1.0000485446,False,,True,True,,1.0651806084,402.4436473457,21.1856251990,1847.8007029746,1742.4098566850,8110104.3343964433,1.0000000000
TOI_3505.01_50.000s_R-0157_aligned.fits,157,2459782.7159470404,2.8250935078,0.9999537491,0.0015652607,0.9995310545,0.9999052091,1.0000485446,False,,True,True,,1.0652690835,401.6049492196,20.9955980097,1856.0468575068,1743.9926332114,8135439.9314012518,1.0000000000
TOI_3505.01_50.000s_R-0158_aligned.fits,158,2459782.7166993860,2.8431498036,1.0011993345,0.0015660675,1.0019933127,1.0011507340,1.0000485446,False,,True,True,,1.0653763263,404.7941142881,21.0061273535,1848.5052636405,1742.3593185389,8154980.4932931354,1.0000000000
TOI_3505.01_50.000s_R-0159_aligned.fits,159,2459782.7174525233,2.8612250984,1.0006629975,0.0015441901,1.0012261835,1.0006144231,1.0000485446,False,,True,True,,1.0655025358,401.0460564137,19.6092626452,1851.7260499504,1743.0033887734,8285344.6185542922,1.0000000000
TOI_3505.01_50.000s_R-0160_aligned.fits,160,2459782.7182062040,2.8793134354,1.0002462909,0.0015491296,1.0005330085,1.0001977367,1.0000485446,False,,True,True,,1.0656477311,404.6817579998,21.2621831308,1846.8920986079,1742.7607907109,8270131.4072677605,1.0000000000
TOI_3505.01_50.000s_R-0161_aligned.fits,161,2459782.7189587019,2.8973733857,0.9999045143,0.0015823784,0.9994995915,0.9998559767,1.0000485446,False,,True,True,,1.0658115680,416.7711823089,20.9788824516,1851.5134552130,1743.2784419662,8115044.3079196764,1.0000000000
TOI_3505.01_50.000s_R-0162_aligned.fits,162,2459782.7197117265,2.9154459760,1.0011180144,0.0015067098,1.0014349420,1.0010694179,1.0000485446,False,,True,True,,1.0659944075,406.4602894043,20.4294485282,1849.5507895880,1743.7428435167,8601143.0942143332,1.0000000000
TOI_3505.01_50.000s_R-0163_aligned.fits,163,2459782.7204649015,2.9335221760,1.0003376701,0.0015512022,1.0004633969,1.0002891114,1.0000485446,False,,True,True,,1.0661961991,419.7100486539,20.2518673406,1849.7301532480,1743.2544333506,8354577.2005802300,1.0000000000
TOI_3505.01_50.000s_R-0164_aligned.fits,164,2459782.7212174460,2.9515832439,1.0032145308,0.0015788749,1.0044136167,1.0031658326,1.0000485446,False,,True,True,,1.0664167322,427.4213918178,20.1051922079,1851.9973830199,1742.6901369522,8217716.6807639981,1.0000000000
TOI_3505.01_50.000s_R-0165_aligned.fits,165,2459782.7219702462,2.9696504474,0.9998247559,0.0015610688,0.9999160223,0.9997762221,1.0000485446,False,,True,True,,1.0666562712,425.4971695366,19.7682512070,1848.7493753029,1742.6371631103,8319847.4889702657,1.0000000000
TOI_3505.01_50.000s_R-0166_aligned.fits,166,2459782.7227233690,2.9877253957,1.0024977991,0.0015373069,1.0023941623,1.0024491356,1.0000485446,False,,True,True,,1.0669148789,421.7482729906,19.8564682942,1851.8593249410,1743.1439852139,8478317.6330447234,1.0000000000
TOI_3505.01_50.000s_R-0167_aligned.fits,167,2459782.7234762423,3.0057943538,1.0000177775,0.0015571577,1.0012558927,0.9999692344,1.0000485446,False,,True,True,,1.0671923837,429.3418444834,20.6829966658,1844.1677288626,1742.3004681629,8371938.2810074221,1.0000000000
TOI_3505.01_50.000s_R-0168_aligned.fits,168,2459782.7242292752,3.0238671452,1.0001428310,0.0015357067,1.0002212364,1.0000942818,1.0000485446,False,,True,True,,1.0674889560,427.0071053784,20.2475021962,1850.7769414460,1743.4138244457,8514476.2186870910,1.0000000000
TOI_3505.01_50.000s_R-0169_aligned.fits,169,2459782.7249825085,3.0419447422,0.9991661093,0.0015127654,0.9998251129,0.9991176076,1.0000485446,False,,True,True,,1.0678046503,427.0354617602,19.5986452950,1848.5890986341,1743.0092978916,8686051.2867392898,1.0000000000
TOI_3505.01_50.000s_R-0170_aligned.fits,170,2459782.7257356197,3.0600194111,1.0004730374,0.0015098082,0.9996874233,1.0004244722,1.0000485446,False,,True,True,,1.0681393609,429.3399306370,19.1955150527,1852.4900073051,1743.8271395592,8729785.2970271632,1.0000000000
TOI_3505.01_50.000s_R-0171_aligned.fits,171,2459782.7264877493,3.0780705214,1.0005941328,0.0015015989,1.0014574814,1.0005455617,1.0000485446,False,,True,True,,1.0684926923,429.4544621200,19.1685091851,1849.0502502088,1742.9198885147,8794865.9288037419,1.0000000000
TOI_3505.01_50.000s_R-0172_aligned.fits,172,2459782.7272400553,3.0961258672,1.0018989863,0.0015112990,1.0030931080,1.0018503518,1.0000485446,False,,True,True,,1.0688651875,430.9336448085,19.4136604291,1848.2709316849,1745.0504649358,8733490.2409231346,1.0000000000
TOI_3505.01_50.000s_R-0173_aligned.fits,173,2459782.7279928620,3.1141932271,0.9994001455,0.0015094010,1.0007957381,0.9993516323,1.0000485446,False,,True,True,,1.0692570640,430.2931182903,19.3797650110,1851.8834178714,1744.3632771659,8733998.5319497027,1.0000000000
TOI_3505.01_50.000s_R-0174_aligned.fits,174,2459782.7287457399,3.1322622970,1.0012608948,0.0015149054,1.0023200447,1.0012122913,1.0000485446,False,,True,True,,1.0696681531,431.1982285208,19.6398611800,1847.7232932272,1745.5227600376,8704827.2498674504,1.0000000000
TOI_3505.01_50.000s_R-0175_aligned.fits,175,2459782.7294984516,3.1503273770,1.0013084822,0.0015228737,1.0007311320,1.0012598765,1.0000485446,False,,True,True,,1.0700983561,433.5943902600,19.6901807412,1855.2667135305,1744.4493408507,8659890.2381120492,1.0000000000
TOI_3505.01_50.000s_R-0176_aligned.fits,176,2459782.7302514496,3.1683993302,0.9984017001,0.0015086493,0.9990223435,0.9983532355,1.0000485446,False,,True,True,,1.0705479726,432.2417036207,19.5352556467,1847.9203152680,1743.4040034931,8749196.2474088594,1.0000000000
TOI_3505.01_50.000s_R-0177_aligned.fits,177,2459782.7310045240,3.1864731163,0.9968814739,0.0015256250,0.9968965059,0.9968330830,1.0000485446,False,,True,True,,1.0710169291,435.6968216111,19.5748651042,1849.5084442818,1742.7454740019,8635465.0009065308,1.0000000000
TOI_3505.01_50.000s_R-0178_aligned.fits,178,2459782.7317572888,3.2045394704,0.9991852590,0.0015006296,1.0000792346,0.9991367563,1.0000485446,False,,True,True,,1.0715050159,431.1309140114,19.2253454369,1849.7268253484,1742.6428196879,8807540.7245689686,1.0000000000
TOI_3505.01_50.000s_R-0179_aligned.fits,179,2459782.7325102086,3.2226095460,1.0006712654,0.0015112176,1.0019971768,1.0006226906,1.0000485446,False,,True,True,,1.0720125696,433.1490998697,19.5343136637,1848.5302056619,1743.0006299004,8744332.5366858598,1.0000000000
TOI_3505.01_50.000s_R-0180_aligned.fits,180,2459782.7332626660,3.2406685241,0.9992119838,0.0014937307,0.9990015010,0.9991634798,1.0000485446,False,,True,True,,1.0725392049,430.9338345854,19.1468981805,1853.6581152832,1743.8750008223,8861783.8987585884,1.0000000000
TOI_3505.01_50.000s_R-0181_aligned.fits,181,2459782.7340161237,3.2587515078,0.9964376113,0.0014945776,0.9968315138,0.9963892420,1.0000485446,False,,True,True,,1.0730860112,431.2326896477,19.6725607838,1850.3836025947,1743.7545729366,8846564.5590268765,1.0000000000
TOI_3505.01_50.000s_R-0182_aligned.fits,182,2459782.7347689266,3.2768187784,1.0000832829,0.0015086972,1.0000078652,1.0000347366,1.0000485446,False,,True,True,,1.0736518472,433.3203592622,19.7004323600,1850.6354885787,1743.2378900527,8761910.8631527368,1.0000000000
TOI_3505.01_50.000s_R-0183_aligned.fits,183,2459782.7355222134,3.2948976606,0.9966450272,0.0014871026,0.9974087228,0.9965966478,1.0000485446,False,,True,True,,1.0742376100,430.7503116430,18.7537111581,1848.6831141391,1745.3415773150,8903278.0230730940,1.0000000000
TOI_3505.01_50.000s_R-0184_aligned.fits,184,2459782.7362753092,3.3129719608,0.9981860020,0.0014859512,0.9990129265,0.9981375478,1.0000485446,False,,True,True,,1.0748428358,429.0259581690,19.4300036555,1852.5910267574,1743.6460708647,8907903.1735157054,1.0000000000
TOI_3505.01_50.000s_R-0185_aligned.fits,185,2459782.7370285932,3.3310507759,0.9993665847,0.0014875548,1.0006998455,0.9993180732,1.0000485446,False,,True,True,,1.0754678819,431.4162267728,18.9101121291,1850.1013709847,1742.5979933938,8913702.8286728393,1.0000000000
TOI_3505.01_50.000s_R-0186_aligned.fits,186,2459782.7377808141,3.3491040766,1.0048218381,0.0014969956,1.0054635743,1.0047730618,1.0000485446,False,,True,True,,1.0761117279,433.1761857674,18.6471518150,1849.3302274176,1742.6871260646,8873223.3894818798,1.0000000000
TOI_3505.01_50.000s_R-0187_aligned.fits,187,2459782.7385334913,3.3671683297,0.9970911230,0.0014952905,0.9983843569,0.9970427219,1.0000485446,False,,True,True,,1.0767757058,434.0784550343,18.1265163907,1849.2492740483,1743.9794161199,8861491.6757282484,1.0000000000
TOI_3505.01_50.000s_R-0188_aligned.fits,188,2459782.7392867822,3.3852473125,1.0006366302,0.0015053112,1.0012068591,1.0005880570,1.0000485446,False,,True,True,,1.0774600533,434.6135138595,19.1720429585,1852.2502966090,1743.8210369100,8798993.1906774566,1.0000000000
TOI_3505.01_50.000s_R-0189_aligned.fits,189,2459782.7400401402,3.4033279046,1.0008945213,0.0015108389,1.0026956682,1.0008459357,1.0000485446,False,,True,True,,1.0781643590,436.0121218485,19.0274540927,1849.2991285170,1743.0583338022,8767133.3663122468,1.0000000000
TOI_3505.01_50.000s_R-0190_aligned.fits,190,2459782.7407929031,3.4213942140,1.0022215122,0.0015129757,1.0037400491,1.0021728621,1.0000485446,False,,True,True,,1.0788880444,437.6244981765,18.6642575796,1849.2109145425,1743.1558600315,8766799.2163479254,1.0000000000
TOI_3505.01_50.000s_R-0191_aligned.fits,191,2459782.7415451775,3.4394487999,1.0027367939,0.0015319787,1.0024201295,1.0026881188,1.0000485446,False,,True,True,,1.0796312299,442.5964086512,18.5755207628,1851.1453306255,1742.9943693097,8654758.0907040164,1.0000000000
TOI_3505.01_50.000s_R-0192_aligned.fits,192,2459782.7422982855,3.4575233907,0.9961722063,0.0015169151,0.9979734256,0.9961238498,1.0000485446,False,,True,True,,1.0803952994,441.0832046239,18.4660462284,1848.1231254721,1742.9956265981,8734233.6983325183,1.0000000000
TOI_3505.01_50.000s_R-0193_aligned.fits,193,2459782.7430506404,3.4755799100,1.0009938910,0.0015146559,1.0007348063,1.0009453005,1.0000485446,False,,True,True,,1.0811787124,439.1713604031,18.6878434362,1854.1871324898,1743.1185602127,8757872.2399575785,1.0000000000
TOI_3505.01_50.000s_R-0194_aligned.fits,194,2459782.7438030676,3.4936381616,0.9983869007,0.0014908676,0.9994649803,0.9983384367,1.0000485446,False,,True,True,,1.0819823682,435.6213039019,18.7833748086,1848.6067181077,1742.6578402313,8912371.1122005414,1.0000000000
TOI_3505.01_50.000s_R-0195_aligned.fits,195,2459782.7445556736,3.5117007047,1.0008068018,0.0014919051,1.0020094472,1.0007582204,1.0000485446,False,,True,True,,1.0828064602,436.8086526968,18.7483018582,1851.0003230229,1743.2342074158,8920627.9953791201,1.0000000000
TOI_3505.01_50.000s_R-0196_aligned.fits,196,2459782.7453087107,3.5297735967,1.0008608303,0.0014877019,1.0025159146,1.0008122463,1.0000485446,False,,True,True,,1.0836513607,436.0750555637,18.2248261446,1848.8615618812,1742.7030460325,8951009.9931465536,1.0000000000
TOI_3505.01_50.000s_R-0197_aligned.fits,197,2459782.7460613889,3.5478378721,1.0008300378,0.0014921883,1.0023997486,1.0007814552,1.0000485446,False,,True,True,,1.0845162591,437.3451858329,18.7434029919,1849.6558911352,1743.0465668447,8922987.9450158309,1.0000000000
TOI_3505.01_50.000s_R-0198_aligned.fits,198,2459782.7468153709,3.5659334399,0.9991543777,0.0014918629,1.0002983245,0.9991058765,1.0000485446,False,,True,True,,1.0854031804,438.6055026209,18.3754305621,1849.7167234143,1742.8176042832,8927993.1235730406,1.0000000000
TOI_3505.01_50.000s_R-0199_aligned.fits,199,2459782.7475679070,3.5839943066,0.9987576255,0.0014987406,1.0001056756,0.9987091436,1.0000485446,False,,True,True,,1.0863089604,441.0100304315,18.3312496374,1849.3554469088,1743.0722831883,8885979.7571337763,1.0000000000
TOI_3505.01_50.000s_R-0200_aligned.fits,200,2459782.7483209199,3.6020666175,0.9943121944,0.0015028363,0.9949644994,0.9942639282,1.0000485446,False,,True,True,,1.0872359529,441.6974861577,19.1848064199,1859.3949879991,1743.2810859727,8841269.7404084895,1.0000000000
TOI_3505.01_50.000s_R-0201_aligned.fits,201,2459782.7490735962,3.6201308481,0.9991741457,0.0014979620,1.0004986398,0.9991256435,1.0000485446,False,,True,True,,1.0881832432,441.8102143557,18.8895492150,1849.0700747167,1743.0384942330,8899430.3051825147,1.0000000000
TOI_3505.01_50.000s_R-0202_aligned.fits,202,2459782.7498263419,3.6381967440,1.0043226511,0.0015075249,1.0049780765,1.0042738990,1.0000485446,False,,True,True,,1.0891514140,443.6911099796,18.9998922431,1852.5324905638,1743.3361207856,8857132.4747996107,1.0000000000
TOI_3505.01_50.000s_R-0203_aligned.fits,203,2459782.7505788938,3.6562579907,1.0023515536,0.0015004352,1.0042698001,1.0023028972,1.0000485446,False,,True,True,,1.0901402066,442.9243651987,19.6632095409,1847.4330012481,1743.2971399046,8899745.0844027940,1.0000000000
TOI_3505.01_50.000s_R-0204_aligned.fits,204,2459782.7513317387,3.6743262671,1.0036551593,0.0014954500,1.0051786729,1.0036064396,1.0000485446,False,,True,True,,1.0911503519,443.0403526157,18.9969846736,1851.4767002664,1743.4284216331,8945820.5104211736,1.0000000000
TOI_3505.01_50.000s_R-0205_aligned.fits,205,2459782.7520842613,3.6923868097,1.0006133642,0.0014930529,1.0015329349,1.0005647922,1.0000485446,False,,True,True,,1.0921811107,443.3021163804,19.0791137065,1849.0143624514,1743.9220489336,8955643.2453956734,1.0000000000
TOI_3505.01_50.000s_R-0206_aligned.fits,206,2459782.7528368193,3.7104482017,1.0018732390,0.0014988868,1.0020909823,1.0018246058,1.0000485446,False,,True,True,,1.0932330523,445.0837377882,19.5117392900,1849.1191192607,1742.7235477823,8924322.4947871193,1.0000000000
TOI_3505.01_50.000s_R-0207_aligned.fits,207,2459782.7535894997,3.7285125330,1.0000551173,0.0014981353,1.0013959519,1.0000065723,1.0000485446,False,,True,True,,1.0943063978,446.2075759061,18.9020467032,1850.2401939813,1743.3843325464,8930950.0783955418,1.0000000000
TOI_3505.01_50.000s_R-0208_aligned.fits,208,2459782.7543420116,3.7465728186,0.9998720253,0.0014983754,1.0016020975,0.9998234893,1.0000485446,False,,True,True,,1.0954008259,447.3636503506,19.0622005214,1848.8529916318,1742.8021208957,8934877.4587224610,1.0000000000
TOI_3505.01_50.000s_R-0209_aligned.fits,209,2459782.7550954781,3.7646560147,1.0008606474,0.0015030511,1.0011047177,1.0008120634,1.0000485446,False,,True,True,,1.0965180993,448.0004911513,19.2188718657,1853.4811705356,1743.5056172515,8906697.4269545488,1.0000000000
TOI_3505.01_50.000s_R-0210_aligned.fits,210,2459782.7558484720,3.7827278674,1.0006795454,0.0015023519,1.0026461996,1.0006309701,1.0000485446,False,,True,True,,1.0976562223,448.3586548695,19.0925644560,1846.9404411721,1742.5839947971,8913506.6684349179,1.0000000000
TOI_3505.01_50.000s_R-0211_aligned.fits,211,2459782.7566008535,3.8007850237,0.9997867753,0.0015009544,1.0007435064,0.9997382434,1.0000485446,False,,True,True,,1.0988150382,448.6356487941,19.0046134261,1851.2542678770,1743.2583289508,8924138.4779381230,1.0000000000
TOI_3505.01_50.000s_R-0212_aligned.fits,212,2459782.7573540136,3.8188608661,0.9985412000,0.0015020874,0.9999584380,0.9984927286,1.0000485446,False,,True,True,,1.0999968009,450.3140305704,19.1254869617,1849.5491264933,1743.1263532422,8920450.8183155302,1.0000000000
TOI_3505.01_50.000s_R-0213_aligned.fits,213,2459782.7581184660,3.8372077234,1.0039383490,0.0015153825,1.0045741613,1.0038896156,1.0000485446,False,,True,True,,1.1012186401,452.0915567225,19.6580561357,1857.9720359339,1744.5142125559,8848426.0407561585,1.0000000000
TOI_3505.01_50.000s_R-0214_aligned.fits,214,2459782.7588714752,3.8552799448,1.0005029188,0.0015069840,1.0023385801,1.0004543521,1.0000485446,False,,True,True,,1.1024443204,453.5260230308,19.1842048030,1848.8701656879,1742.5035983432,8909444.5059444178,1.0000000000
TOI_3505.01_50.000s_R-0215_aligned.fits,215,2459782.7596239583,3.8733395375,0.9987796276,0.0015512198,0.9996942790,0.9987311446,1.0000485446,False,,True,True,,1.1036911961,464.8931763720,18.7455699642,1849.1269972875,1742.9750030075,8637682.7976486571,1.0000000000
TOI_3505.01_50.000s_R-0216_aligned.fits,216,2459782.7603768315,3.8914084956,1.0018032030,0.0015663550,1.0022759255,1.0017545732,1.0000485446,False,,True,True,,1.1049608929,469.0122237710,18.6525860198,1851.4183334547,1743.1000508906,8564955.9331175424,1.0000000000
TOI_3505.01_50.000s_R-0217_aligned.fits,217,2459782.7611298510,3.9094809629,0.9997699847,0.0016333695,1.0005483081,0.9997214536,1.0000485446,False,,True,True,,1.1062531369,486.0595410133,18.6070894137,1847.2552229336,1743.5026451709,8198734.1018951908,1.0000000000
TOI_3505.01_50.000s_R-0218_aligned.fits,218,2459782.7618830381,3.9275574535,1.0079708500,0.0017132111,1.0064311281,1.0079219208,1.0000485446,False,,True,True,,1.1075680953,498.2539554387,19.5358766032,1854.7614700606,1742.8619493715,7798640.1178679382,1.0000000000
TOI_3505.01_50.000s_R-0219_aligned.fits,219,2459782.7626361796,3.9456328489,0.9943836898,0.0016397572,0.9969778337,0.9943354202,1.0000485446,False,,True,True,,1.1089055220,489.4248736884,18.7756973732,1851.0610432060,1743.4843246697,8156688.6155163217,1.0000000000
TOI_3505.01_50.000s_R-0220_aligned.fits,220,2459782.7633886291,3.9636916369,1.0025958741,0.0015518871,1.0039174516,1.0025472058,1.0000485446,False,,True,True,,1.1102643564,468.7818123101,19.2559545210,1853.8257269892,1743.3841054307,8670357.0089995358,1.0000000000
TOI_3505.01_50.000s_R-0221_aligned.fits,221,2459782.7641416239,3.9817635119,0.9992651559,0.0015293173,1.0006130448,0.9992166493,1.0000485446,False,,True,True,,1.1116469519,465.9956902138,18.7734730098,1849.5283878755,1743.3521166947,8810996.3993961532,1.0000000000
TOI_3505.01_50.000s_R-0222_aligned.fits,222,2459782.7648947048,3.9998374544,1.0006409669,0.0015337721,1.0016355833,1.0005923935,1.0000485446,False,,True,True,,1.1130526189,467.2301626145,19.9987886814,1851.0587308315,1743.2695797031,8789948.6849283073,1.0000000000
TOI_3505.01_50.000s_R-0223_aligned.fits,223,2459782.7656475282,4.0179052167,0.9984264916,0.0015419214,1.0002513578,0.9983780257,1.0000485446,False,,True,True,,1.1144808372,469.6883948532,20.8596799794,1849.1124140427,1742.7526457610,8734872.3620168697,1.0000000000
TOI_3505.01_50.000s_R-0224_aligned.fits,224,2459782.7664007670,4.0359829478,0.9988167152,0.0015409480,0.9997827703,0.9987682303,1.0000485446,False,,True,True,,1.1159330256,472.0259698242,20.2711411096,1847.1687818076,1742.5771368680,8759457.1203084569,1.0000000000
TOI_3505.01_50.000s_R-0225_aligned.fits,225,2459782.7671540114,4.0540608130,0.9983299408,0.0015438041,0.9993001874,0.9982814796,1.0000485446,False,,True,True,,1.1174085432,474.0744009435,19.9965659051,1849.1975481244,1742.9147844179,8748317.9635208361,1.0000000000
TOI_3505.01_50.000s_R-0226_aligned.fits,226,2459782.7679064879,4.0721202493,1.0005525297,0.0015455188,1.0018254893,1.0005039606,1.0000485446,False,,True,True,,1.1189059787,475.8625751581,19.7968336083,1848.0249949977,1743.9484652455,8753251.5253855940,1.0000000000
TOI_3505.01_50.000s_R-0227_aligned.fits,227,2459782.7686598850,4.0902017802,0.9996521162,0.0015535933,1.0007329781,0.9996035908,1.0000485446,False,,True,True,,1.1204288367,477.1419306542,20.2292871801,1847.3386620360,1743.9591810815,8698831.6984507795,1.0000000000
TOI_3505.01_50.000s_R-0228_aligned.fits,228,2459782.7694134377,4.1082870439,0.9998745564,0.0015587131,1.0004695452,0.9998260202,1.0000485446,False,,True,True,,1.1219757639,479.0929509912,20.6201742106,1845.3559109052,1743.3319293131,8674190.2978254650,1.0000000000
TOI_3505.01_50.000s_R-0229_aligned.fits,229,2459782.7701664320,4.1263589077,1.0013067814,0.0015732880,1.0027604820,1.0012581758,1.0000485446,False,,True,True,,1.1235454215,481.5328340109,20.9388381275,1846.0366278393,1744.1693113737,8587819.6393646207,1.0000000000
TOI_3505.01_50.000s_R-0230_aligned.fits,230,2459782.7709195474,4.1444336772,1.0052897857,0.0015764464,1.0066908946,1.0052409867,1.0000485446,False,,True,True,,1.1251393500,484.6360289141,20.4233053655,1848.7697143113,1743.5197092372,8598572.4477522261,1.0000000000
TOI_3505.01_50.000s_R-0231_aligned.fits,231,2459782.7716841977,4.1627852842,1.0005470273,0.0016126593,1.0016587795,1.0004984585,1.0000485446,False,,True,True,,1.1267824228,493.2112644090,21.0005820423,1849.2747471743,1742.0511786434,8380399.8109856118,1.0000000000
TOI_3505.01_50.000s_R-0232_aligned.fits,232,2459782.7724372265,4.1808579750,1.0022892538,0.0016170220,1.0029345971,1.0022406005,1.0000485446,False,,True,True,,1.1284250296,497.2389951431,20.8020162388,1848.8849507001,1742.1312064818,8380499.0036288667,1.0000000000
TOI_3505.01_50.000s_R-0233_aligned.fits,233,2459782.7731901570,4.1989283077,0.9987901102,0.0016217740,1.0001541453,0.9987416267,1.0000485446,False,,True,True,,1.1300918942,499.3380227302,20.9759854533,1848.0234812001,1742.5321340549,8349458.3856171425,1.0000000000
TOI_3505.01_50.000s_R-0234_aligned.fits,234,2459782.7739435956,4.2170108333,1.0047111416,0.0020465479,1.0077354759,1.0046623706,1.0000485446,False,,True,True,,1.1317845349,502.2772015834,21.8275367723,1848.0504916764,1743.7636333337,6236837.9774618177,1.0000000000
TOI_3505.01_50.000s_R-0235_aligned.fits,235,2459782.7746966756,4.2350847535,0.9950452067,0.0017176298,0.9970362862,0.9949969050,1.0000485446,False,,True,True,,1.1335011752,521.7351774664,19.5545963257,1848.2844519375,1742.0927566580,7862026.4647669727,1.0000000000
TOI_3505.01_50.000s_R-0236_aligned.fits,236,2459782.7754508555,4.2531850711,0.9959165390,0.0016722083,0.9982040575,0.9958681949,1.0000485446,False,,True,True,,1.1352453387,513.3069003786,22.2081190500,1845.6600331374,1743.5316165262,8092967.4072764544,1.0000000000
TOI_3505.01_50.000s_R-0237_aligned.fits,237,2459782.7762046782,4.2712768167,0.9988693073,0.0016759118,1.0004158255,0.9988208199,1.0000485446,False,,True,True,,1.1370138620,517.9543053975,20.4604394128,1847.7607650355,1744.4661768801,8105525.4390988927,1.0000000000
TOI_3505.01_50.000s_R-0238_aligned.fits,238,2459782.7769582062,4.2893614881,1.0015113338,0.0017818248,1.0053454680,1.0014627182,1.0000485446,False,,True,True,,1.1388070269,538.8662920853,20.5289764424,1849.0661402138,1742.9717241042,7608983.0442211097,1.0000000000
TOI_3505.01_50.000s_R-0239_aligned.fits,239,2459782.7777132667,4.3074829392,0.9953309706,0.0018862133,0.9994319335,0.9952826549,1.0000485446,False,,True,True,,1.1406294201,565.3913330557,19.7568536112,1850.0613138247,1743.8061158269,7194368.1226120833,1.0000000000
TOI_3505.01_50.000s_R-0240_aligned.fits,240,2459782.7784713698,4.3256774135,0.9950449477,0.0018001867,0.9978793313,0.9949966459,1.0000485446,False,,True,True,,1.1424850956,554.1094787381,19.8110833344,1844.1560991245,1743.1558348711,7568370.6009819116,1.0000000000
TOI_3505.01_50.000s_R-0241_aligned.fits,241,2459782.7792286621,4.3438524306,0.9944670432,0.0020656518,0.9985847552,0.9944187696,1.0000485446,False,,True,True,,1.1443649199,599.9693535196,19.6650615116,1848.6750071644,1744.0377177305,6577012.0261687394,1.0000000000
TOI_3505.01_50.000s_R-0242_aligned.fits,242,2459782.7799883364,4.3620846123,0.9974799361,0.0025182309,1.0019466469,0.9974315162,1.0000485446,False,,True,True,,1.1462770835,651.3582748473,20.2331959564,1848.7761852473,1742.6981650201,5366192.3895385386,1.0000000000
TOI_3505.01_50.000s_R-0243_aligned.fits,243,2459782.7807455729,4.3802582882,0.9931751354,0.0028808731,1.0001061514,0.9931269244,1.0000485446,False,,True,True,,1.1482096432,684.6679836310,20.3350404544,1849.0284574700,1742.9613788684,4679134.0512110572,1.0000000000
TOI_3505.01_50.000s_R-0244_aligned.fits,244,2459782.7814999372,4.3983630314,0.9842175251,0.0030091576,0.9857271323,0.9841697489,1.0000485446,True,unusual target brightness,True,True,,1.1501614000,693.5781982715,20.9567910335,1849.5029204011,1743.6023991651,4466276.8230594881,1.0000000000
TOI_3505.01_50.000s_R-0245_aligned.fits,245,2459782.7822548579,4.4164811298,1.0097164374,0.0030840805,1.0031435589,1.0096674235,1.0000485446,True,large star width,False,False,large star width,1.1521412984,691.3649230784,28.6163019706,1849.9330787452,1755.2038328096,4364257.2233995870,1.0000000000
TOI_3505.01_50.000s_R-0246_aligned.fits,246,2459782.7830085154,4.4345689081,0.9990708131,0.0024693097,1.0036580209,0.9990223159,1.0000485446,False,,True,True,,1.1541447230,659.0502217056,18.9308903147,1853.7965656701,1742.2805124008,5519864.9289990496,1.0000000000
TOI_3505.01_50.000s_R-0247_aligned.fits,247,2459782.7837648145,4.4527200870,0.9876964855,0.0022912021,0.9846132757,0.9876485404,1.0000485446,False,,True,True,,1.1561823274,628.3901899751,19.0140667268,1851.4491208029,1743.2080535516,5896094.7227932718,1.0000000000
TOI_3505.01_50.000s_R-0248_aligned.fits,248,2459782.7845243327,4.4709485248,0.9944350565,0.0019309931,0.9966171130,0.9943867844,1.0000485446,False,,True,True,,1.1582561920,580.6560143801,19.0850565156,1850.6714253548,1743.7536731098,7054942.4208874442,1.0000000000
TOI_3505.01_50.000s_R-0249_aligned.fits,249,2459782.7852845681,4.4891941734,0.9933266184,0.0017519378,0.9951573918,0.9932784000,1.0000485446,False,,True,True,,1.1603599082,552.2286739722,19.9296406556,1846.6072852260,1745.0886694476,7821463.4895509873,1.0000000000
TOI_3505.01_50.000s_R-0250_aligned.fits,250,2459782.7860405776,4.5073384009,0.9958680097,0.0019618337,1.0018775070,0.9958196680,1.0000485446,False,,True,True,,1.1624798203,580.8402197204,20.2576171498,1853.5695930070,1744.7231210626,6923807.6952740140,1.0000000000
TOI_3505.01_50.000s_R-0251_aligned.fits,251,2459782.7868010262,4.5255891681,0.9909558412,0.0022969696,0.9942507995,0.9909077380,1.0000485446,False,,True,True,,1.1646404530,617.1817013499,20.2112266900,1850.6362984187,1743.4466838995,5843344.7056323467,1.0000000000
TOI_3505.01_50.000s_R-0252_aligned.fits,252,2459782.7875607163,4.5438217297,0.9978768806,0.0023444597,1.0004437880,0.9978284414,1.0000485446,False,,True,True,,1.1668274681,624.2702395449,19.9771635855,1852.0744667060,1743.4338078224,5739567.4593987036,1.0000000000
TOI_3505.01_50.000s_R-0253_aligned.fits,253,2459782.7883201572,4.5620483123,0.9865057660,0.0024541902,0.9909007213,0.9864578788,1.0000485446,True,unusual target brightness,True,False,field-wide vertical PSF trail confirmed in target and comparison stars,1.1690425000,593.4888105328,21.2241105954,1849.5392432112,1744.4756646272,5308434.8390381886,1.0000000000
TOI_3505.01_50.000s_R-0254_aligned.fits,254,2459782.7890817099,4.5803255774,0.9956460047,0.0019600956,0.9938611280,0.9955976738,1.0000485446,False,,True,True,,1.1712927699,567.6704115553,20.2916707269,1847.2231584516,1741.9811200270,6870476.1224174919,1.0000000000
TOI_3505.01_50.000s_R-0255_aligned.fits,255,2459782.7898395183,4.5985129774,0.9988863392,0.0021321083,0.9996240332,0.9988378510,1.0000485446,False,,True,True,,1.1735611163,578.0858133469,19.9445180839,1850.6632021886,1743.4785094526,6245376.9826736441,1.0000000000
TOI_3505.01_50.000s_R-0256_aligned.fits,256,2459782.7905998630,4.6167612523,1.0007843221,0.0017749885,1.0016595820,1.0007357418,1.0000485446,False,,True,True,,1.1758665063,540.6239958270,19.6892636783,1847.3348366534,1744.2557010773,7653486.1083022095,1.0000000000
TOI_3505.01_50.000s_R-0257_aligned.fits,257,2459782.7913538311,4.6348564848,1.0010338135,0.0017105409,1.0037430917,1.0009852211,1.0000485446,False,,True,True,,1.1781819293,528.0308733731,21.8294833406,1846.5782537025,1743.2856633525,7956418.2659696909,1.0000000000
TOI_3505.01_50.000s_R-0258_aligned.fits,258,2459782.7921076119,4.6529472247,0.9973546333,0.0017208233,1.0007164719,0.9973062195,1.0000485446,False,,True,True,,1.1805262542,532.6036871666,21.0250623093,1845.1412497472,1743.6390708223,7908075.8588355081,1.0000000000
TOI_3505.01_50.000s_R-0259_aligned.fits,259,2459782.7928616721,4.6710446700,0.9974554669,0.0017739647,1.0020075224,0.9974070481,1.0000485446,False,,True,True,,1.1829011809,542.8350818726,20.6951197044,1848.3039464314,1742.1012572665,7660558.6561472854,1.0000000000
TOI_3505.01_50.000s_R-0260_aligned.fits,260,2459782.7936161715,4.6891526543,1.0001027000,0.0020079034,1.0009182569,1.0000541528,1.0000485446,False,,True,True,,1.1853075024,583.8335251415,20.3366393857,1847.7282786628,1743.2076358532,6749891.9356461950,1.0000000000
TOI_3505.01_50.000s_R-0261_aligned.fits,261,2459782.7943770611,4.7074140050,0.9911465267,0.0024662346,0.9970735010,0.9910984142,1.0000485446,False,,True,True,,1.1877648679,646.1878752870,20.6952620658,1849.8150191704,1744.8616180425,5471585.5878074449,1.0000000000
TOI_3505.01_50.000s_R-0262_aligned.fits,262,2459782.7951350249,4.7256051376,0.9925797418,0.0026204054,0.9890033594,0.9925315597,1.0000485446,False,,True,True,,1.1902436600,658.4576438419,21.6203967735,1852.4311272696,1743.2852544601,5137422.6507610083,1.0000000000
TOI_3505.01_50.000s_R-0263_aligned.fits,263,2459782.7958915341,4.7437613569,0.9856000858,0.0033753531,0.9896179754,0.9855522426,1.0000485446,True,unusual target brightness,True,True,,1.1927486874,726.7564146240,20.0247977151,1855.1929117883,1745.4088033892,4001454.3821732048,1.0000000000
TOI_3505.01_50.000s_R-0264_aligned.fits,264,2459782.7966453354,4.7618525885,0.9831355436,0.0032509158,0.9882456300,0.9830878199,1.0000485446,True,unusual target brightness,True,True,,1.1952758110,720.7545163083,20.6345486610,1849.5254952871,1745.7993064381,4157695.8866490992,1.0000000000
TOI_3505.01_50.000s_R-0265_aligned.fits,265,2459782.7973991074,4.7799431160,0.9873352260,0.0032715867,0.9933910240,0.9872872985,1.0000485446,False,,True,True,,1.1978341152,731.9751191609,21.8109853536,1848.5926074034,1743.9438990026,4159506.9328831732,1.0000000000
TOI_3505.01_50.000s_R-0266_aligned.fits,266,2459782.7981529119,4.7980344258,0.9904481232,0.0056296557,0.9931323678,0.9904000447,1.0000485446,True,low comparison-star counts,False,False,low comparison-star counts,1.2004240839,865.2910998393,21.4086544215,1846.7392901897,1745.6526657951,2477103.1329108444,1.0000000000
TOI_3505.01_50.000s_R-0267_aligned.fits,267,2459782.7989072786,4.8161392249,0.9949162268,0.0041673602,1.0015640828,0.9948679313,1.0000485446,True,low comparison-star counts,False,False,low comparison-star counts,1.2030478536,795.6568025180,21.5254997106,1848.8081888624,1748.1110510866,3303598.7330610836,1.0000000000
TOI_3505.01_50.000s_R-0268_aligned.fits,268,2459782.7996603507,4.8342129551,1.0078011930,0.0046817537,1.0171922092,1.0077522721,1.0000485446,True,low comparison-star counts,False,False,low comparison-star counts,1.2056992047,809.9438154580,21.5748147893,1850.6218081727,1741.0389274179,2940549.5177501231,1.0000000000
TOI_3505.01_50.000s_R-0269_aligned.fits,269,2459782.8004136644,4.8522924855,0.9809362185,0.0042487483,0.9754290266,0.9808886017,1.0000485446,True,low comparison-star counts; unusual target brightness,False,False,low comparison-star counts; unusual target brightness,1.2083837654,799.5240855155,20.4945535845,1847.8087941810,1739.6027757631,3232440.2974630268,1.0000000000
TOI_3505.01_50.000s_R-0270_aligned.fits,270,2459782.8011668329,4.8703685291,0.9954513113,0.0067809558,1.0032885736,0.9954029898,1.0000485446,True,low comparison-star counts,False,False,low comparison-star counts,1.2111004597,896.8768502750,20.7473755562,1850.9431177702,1737.8533453394,2069033.3611015875,1.0000000000
TOI_3505.01_50.000s_R-0271_aligned.fits,271,2459782.8019205416,4.8884575367,0.9840163840,0.0049773862,0.9845987229,0.9839686176,1.0000485446,True,low comparison-star counts; unusual target brightness,False,False,low comparison-star counts; unusual target brightness,1.2138520829,826.6725994780,21.5844645436,1846.1487706114,1740.4434890978,2765227.0030375030,1.0000000000
TOI_3505.01_50.000s_R-0272_aligned.fits,272,2459782.8026749203,4.9065626264,0.9937487160,0.0037763651,0.9953853920,0.9937004772,1.0000485446,False,,True,True,,1.2166394932,766.0976528238,20.9726438243,1848.5603244873,1745.3907285366,3621651.5560834454,1.0000000000
TOI_3505.01_50.000s_R-0273_aligned.fits,273,2459782.8034281861,4.9246410057,0.9920121975,0.0042985664,0.9916835589,0.9919640429,1.0000485446,True,low comparison-star counts,False,False,low comparison-star counts,1.2194563823,793.7630582587,22.3317469424,1849.4445009302,1741.8204017391,3188424.0116571374,1.0000000000
TOI_3505.01_50.000s_R-0274_aligned.fits,274,2459782.8041823604,4.9427411892,0.9857723894,0.0039996969,0.9868782698,0.9857245378,1.0000485446,True,unusual target brightness,True,True,,1.2223106106,783.3808482026,20.4641393443,1853.5720508641,1743.2318695382,3426851.9024132830,1.0000000000
TOI_3505.01_50.000s_R-0275_aligned.fits,275,2459782.8049353827,4.9608137235,0.9967345295,0.0047692909,0.9931922935,0.9966861458,1.0000485446,True,low comparison-star counts,False,False,low comparison-star counts,1.2251946809,830.9634298148,21.2081953483,1851.7871720355,1741.6444023974,2910244.4385741036,1.0000000000
TOI_3505.01_50.000s_R-0276_aligned.fits,276,2459782.8056891970,4.9789052680,0.9960303010,0.0057573380,0.9990556461,0.9959819514,1.0000485446,True,low comparison-star counts,False,False,low comparison-star counts,1.2281163434,876.3276165309,21.4611620431,1850.4548151829,1745.2713736573,2435882.3217579061,1.0000000000
TOI_3505.01_50.000s_R-0277_aligned.fits,277,2459782.8064434510,4.9970073625,0.9795314741,0.0055639608,0.9799583367,0.9794839254,1.0000485446,True,low comparison-star counts; unusual target brightness,False,False,low comparison-star counts; unusual target brightness,1.2310746461,873.1614801497,21.5940229956,1848.5729823635,1745.7223582442,2514698.9898937866,1.0000000000
TOI_3505.01_50.000s_R-0278_aligned.fits,278,2459782.8071970316,5.0150932968,0.9862874776,0.0035447623,0.9878790073,0.9862396010,1.0000485446,True,unusual target brightness,True,True,,1.2340655442,763.6560540309,21.9977325792,1849.1003937498,1742.2934987915,3874126.6359630455,1.0000000000
TOI_3505.01_50.000s_R-0279_aligned.fits,279,2459782.8079504250,5.0331747383,0.9898671138,0.0039430881,0.9916752179,0.9898190634,1.0000485446,False,,True,True,,1.2370912488,779.4317209153,23.8736993342,1850.8932783602,1742.7726066482,3477140.2284430945,1.0000000000
TOI_3505.01_50.000s_R-0280_aligned.fits,280,2459782.8087046882,5.0512770563,0.9914884081,0.0037611163,0.9972343584,0.9914402790,1.0000485446,False,,True,True,,1.2401564019,775.8467030742,23.5412416831,1853.1031912615,1743.2988072563,3657646.9198122509,1.0000000000
TOI_3505.01_50.000s_R-0281_aligned.fits,281,2459782.8094587056,5.0693734735,0.9875515809,0.0044997351,0.9913798968,0.9875036430,1.0000485446,True,low comparison-star counts,False,False,low comparison-star counts,1.2432568683,826.4860897267,22.7563983531,1853.9728443306,1743.8272835202,3087261.5994242551,1.0000000000
