image,slice,bjd_tdb,hours_since_first_image,relative_brightness_all_comparisons,relative_brightness_working_set,relative_brightness_error,sky_counts_per_pixel,star_width_pixels,airmass,working_comparison_counts,target_x_fits,target_y_fits,review_point,review_reason
TOI_3505.01_50.000s_R-0001_aligned.fits,1,2459782.5982348109,0.0000000000,1.0109728846,1.0092972998,0.0039343489,849.2020765692,29.3313689371,1.3202923983,3590228.2412937828,1847.6644064646,1743.9836777571,True,large star width
TOI_3505.01_50.000s_R-0002_aligned.fits,2,2459782.5990058281,0.0185044147,1.0056671560,1.0043637364,0.0042847136,882.3080754352,27.9076132129,1.3162138108,3333402.5241489667,1843.7566311159,1742.0247476185,True,large star width
TOI_3505.01_50.000s_R-0003_aligned.fits,3,2459782.5997669622,0.0367716327,1.0059120464,1.0055131432,0.0039542826,847.5508601519,25.1809130258,1.3122343787,3563898.4362796117,1849.3480784199,1743.4056977293,False,
TOI_3505.01_50.000s_R-0004_aligned.fits,4,2459782.6005278192,0.0550322011,0.9957035536,0.9932877951,0.0040115947,844.3182816536,23.4542921898,1.3083024089,3493381.0397183923,1847.3906060720,1745.2984700912,False,
TOI_3505.01_50.000s_R-0005_aligned.fits,5,2459782.6012884346,0.0732869692,1.0016959232,0.9965655231,0.0031391715,743.2786157289,23.0835246188,1.3044171489,4295332.0316216545,1846.5267938372,1745.3603986411,False,
TOI_3505.01_50.000s_R-0006_aligned.fits,6,2459782.6020486979,0.0915332884,1.0023719415,0.9991296410,0.0028159942,692.0181261262,24.0479834351,1.3005786035,4695415.0025372645,1844.2605656447,1744.2140628914,False,
TOI_3505.01_50.000s_R-0007_aligned.fits,7,2459782.6028088159,0.1097761206,1.0018716037,1.0002934206,0.0027984217,680.0957726091,22.5214516193,1.2967851812,4691721.4953329135,1848.9339031415,1744.0589542351,False,
TOI_3505.01_50.000s_R-0008_aligned.fits,8,2459782.6035703677,0.1280533634,0.9990810206,0.9975048776,0.0025629303,640.3742670184,23.3188960709,1.2930286207,5038889.7965883315,1849.2740562966,1744.4570267708,False,
TOI_3505.01_50.000s_R-0009_aligned.fits,9,2459782.6043305541,0.1462978385,0.9975686507,0.9948392718,0.0024996450,625.5925754172,23.8407373707,1.2893222509,5128649.6848409977,1847.4090767985,1744.4913157655,False,
TOI_3505.01_50.000s_R-0010_aligned.fits,10,2459782.6050918396,0.1645686887,0.9945581836,0.9927879934,0.0024592638,616.7824016167,23.9795816283,1.2856535573,5188705.3395372182,1842.4860947375,1744.3408965243,False,
TOI_3505.01_50.000s_R-0011_aligned.fits,11,2459782.6058534561,0.1828474849,1.0034644638,1.0029358260,0.0023824899,594.2819687079,28.6267812744,1.2820258906,5310047.1567933690,1843.3787000626,1743.7022181111,True,large star width
TOI_3505.01_50.000s_R-0012_aligned.fits,12,2459782.6066149953,0.2011244260,0.9970062428,0.9969218794,0.0024044936,588.1646934057,26.5660721593,1.2784407605,5223040.0169942044,1858.1944496330,1742.9390585350,True,large star width
TOI_3505.01_50.000s_R-0013_aligned.fits,13,2459782.6073769690,0.2194117941,0.9941297591,0.9929986210,0.0024539750,605.4549363133,25.8644199708,1.2748953315,5160269.3072311888,1847.1479206068,1742.9467122306,False,
TOI_3505.01_50.000s_R-0014_aligned.fits,14,2459782.6081384555,0.2376874723,0.9935738623,0.9909759712,0.0026188658,631.1229855582,23.6960124388,1.2713934416,4880963.9273762871,1848.1059911862,1742.3766337424,False,
TOI_3505.01_50.000s_R-0015_aligned.fits,15,2459782.6088986364,0.2559318133,1.0065698954,1.0045749533,0.0026366690,630.8316727213,25.4764592420,1.2679382739,4861291.1581556154,1844.6407822088,1743.8762144914,False,
TOI_3505.01_50.000s_R-0016_aligned.fits,16,2459782.6096590585,0.2741819434,0.9968519324,0.9966569900,0.0024998721,610.0566680959,24.0121724717,1.2645222813,5074472.8587318519,1849.0653492263,1744.7055420564,False,
TOI_3505.01_50.000s_R-0017_aligned.fits,17,2459782.6104211700,0.2924726196,1.0039365195,1.0026688224,0.0024414627,598.7993003114,23.8801722637,1.2611386933,5180723.5861351565,1848.6094662473,1743.0353256110,False,
TOI_3505.01_50.000s_R-0018_aligned.fits,18,2459782.6111833444,0.3107648045,0.9995756632,0.9982631358,0.0026451604,633.2058995626,22.9400213964,1.2577944513,4842531.5088659134,1846.5513959400,1745.2844803787,False,
TOI_3505.01_50.000s_R-0019_aligned.fits,19,2459782.6119430601,0.3289979808,0.9979863035,0.9952450579,0.0026367909,630.0693655827,22.4673088896,1.2545000259,4846361.2816861849,1849.4896429455,1743.2792311712,False,
TOI_3505.01_50.000s_R-0020_aligned.fits,20,2459782.6127035306,0.3472492732,0.9994110417,0.9955228983,0.0025050832,606.2202433665,22.6643877127,1.2512409491,5047911.0560825458,1849.5190681912,1744.7842177669,False,
TOI_3505.01_50.000s_R-0021_aligned.fits,21,2459782.6134658013,0.3655437715,1.0035959792,1.0016028674,0.0023852111,582.3684566623,23.1438824021,1.2480125451,5255670.6369118653,1848.6756560792,1742.5396251708,False,
TOI_3505.01_50.000s_R-0022_aligned.fits,22,2459782.6142264036,0.3837982267,1.0034226828,1.0008411969,0.0023303023,569.8445837969,22.9199176592,1.2448291261,5347310.3312072884,1850.1538866110,1743.7206805082,False,
TOI_3505.01_50.000s_R-0023_aligned.fits,23,2459782.6149847135,0.4019976631,1.0011530910,0.9984340928,0.0022190523,547.7641452088,22.9501607364,1.2416926281,5559518.1774109565,1849.0959556013,1743.1064715616,False,
TOI_3505.01_50.000s_R-0024_aligned.fits,24,2459782.6157393013,0.4201077707,1.0023454924,1.0009285105,0.0022121344,541.8923006031,22.6653002461,1.2386081580,5558121.3599575534,1851.0338836791,1743.9415609210,False,
TOI_3505.01_50.000s_R-0025_aligned.fits,25,2459782.6164944498,0.4382313341,0.9977744189,0.9955417091,0.0022004841,538.4513011596,22.1065298990,1.2355576182,5567892.3751877239,1852.2399690023,1743.5476466643,False,
TOI_3505.01_50.000s_R-0026_aligned.fits,26,2459782.6172491317,0.4563436992,0.9967410361,0.9949504266,0.0021649124,529.2680627863,23.8430755732,1.2325448110,5631004.8797977557,1847.8202799054,1744.2384877605,False,
TOI_3505.01_50.000s_R-0027_aligned.fits,27,2459782.6180027309,0.4744300805,1.0050607115,1.0036292282,0.0020996407,513.2700204523,23.0896932040,1.2295717438,5782400.2301459573,1847.6995170574,1744.0631688646,False,
TOI_3505.01_50.000s_R-0028_aligned.fits,28,2459782.6187564600,0.4925195798,1.0017509058,1.0000171985,0.0020760987,508.1294191321,22.8915048013,1.2266332223,5824834.7472331123,1847.9058768825,1744.4493898202,False,
TOI_3505.01_50.000s_R-0029_aligned.fits,29,2459782.6195099610,0.5106036030,1.0078369828,1.0059930969,0.0020386151,499.3806218880,22.3530323512,1.2237303062,5921502.8097765641,1850.2717101608,1744.1581361218,False,
TOI_3505.01_50.000s_R-0030_aligned.fits,30,2459782.6202637255,0.5286939517,1.0035647100,1.0005947114,0.0020353672,498.6961419439,21.6528798164,1.2208607734,5918084.5566405272,1847.1761077282,1743.3099229342,False,
TOI_3505.01_50.000s_R-0031_aligned.fits,31,2459782.6210173583,0.5467811376,1.0045337023,1.0038945067,0.0020412682,497.0726032810,21.8154342734,1.2180258141,5896037.8520977199,1847.7732192844,1744.5199956792,False,
TOI_3505.01_50.000s_R-0032_aligned.fits,32,2459782.6217716765,0.5648847744,0.9997731118,0.9974405542,0.0020262441,491.5490132322,23.0890486652,1.2152220774,5910753.7318207603,1848.2694915904,1743.0827063097,False,
TOI_3505.01_50.000s_R-0033_aligned.fits,33,2459782.6225253418,0.5829727426,1.0029772979,1.0010866221,0.0019958752,485.6768452861,21.9670290521,1.2124542245,5994378.7701839600,1845.7070172434,1742.6875577333,False,
TOI_3505.01_50.000s_R-0034_aligned.fits,34,2459782.6232786886,0.6010530666,0.9996301751,0.9980485791,0.0020440356,491.6743282733,21.2060780135,1.2097206597,5850463.3744667275,1851.8053646279,1743.2010254171,False,
TOI_3505.01_50.000s_R-0035_aligned.fits,35,2459782.6240319675,0.6191317588,1.0044025743,1.0019778805,0.0020300549,487.5007207093,22.3507579994,1.2070201443,5884448.5609821547,1848.8156847535,1743.2957893531,False,
TOI_3505.01_50.000s_R-0036_aligned.fits,36,2459782.6247849604,0.6372035891,1.0045353992,1.0025375913,0.0020065592,482.8928613753,21.6568076106,1.2043531439,5945351.4486379065,1845.9278627352,1745.1657089314,False,
TOI_3505.01_50.000s_R-0037_aligned.fits,37,2459782.6255383315,0.6552844942,1.0013186163,0.9994949811,0.0019789624,478.4266807903,22.2853022535,1.2017170181,6011322.1266683573,1849.3828815738,1744.2093835140,False,
TOI_3505.01_50.000s_R-0038_aligned.fits,38,2459782.6262915782,0.6733624153,1.0047879024,1.0032713162,0.0019695497,473.1154808419,22.3413385510,1.1991132570,6028234.8872396238,1845.3584403677,1742.2060964197,False,
TOI_3505.01_50.000s_R-0039_aligned.fits,39,2459782.6270446549,0.6914362572,0.9970466713,0.9953783879,0.0019441512,468.4175085041,21.9417375648,1.1965417199,6080196.0950487889,1849.3173285843,1744.6397426896,False,
TOI_3505.01_50.000s_R-0040_aligned.fits,40,2459782.6277982686,0.7095229849,0.9985341977,0.9988910686,0.0019609097,468.7149227677,22.2119126333,1.1939997360,6026965.9994453378,1836.9280121000,1743.6403515981,False,
TOI_3505.01_50.000s_R-0041_aligned.fits,41,2459782.6285510119,0.7275888249,1.0052282508,1.0034781612,0.0020057203,474.5103466302,22.1616772776,1.1914917624,5905921.5300573464,1848.9012642251,1743.6380132640,False,
TOI_3505.01_50.000s_R-0042_aligned.fits,42,2459782.6293042083,0.7456655391,0.9998512817,0.9999120008,0.0020271567,478.4848571881,22.4781520941,1.1890130935,5845536.3461496904,1847.3842694343,1744.2107979532,False,
TOI_3505.01_50.000s_R-0043_aligned.fits,43,2459782.6300575892,0.7637466788,1.0017254126,0.9998245298,0.0020196664,475.7860136367,22.6985869500,1.1865643924,5856389.1531478744,1848.9871615751,1742.3849323648,False,
TOI_3505.01_50.000s_R-0044_aligned.fits,44,2459782.6308108456,0.7818248346,1.0024812719,1.0008405769,0.0020197884,473.2283527569,22.1284125606,1.1841464047,5845343.8488902543,1844.0389769975,1742.6124965160,False,
TOI_3505.01_50.000s_R-0045_aligned.fits,45,2459782.6315640048,0.7999006547,1.0020612505,1.0006916744,0.0020365230,475.4109790388,21.0877239823,1.1817587787,5799545.8665419817,1846.9057724112,1743.2056580420,False,
TOI_3505.01_50.000s_R-0046_aligned.fits,46,2459782.6323167402,0.8179663047,1.0014084067,0.9998724370,0.0021211451,488.4622724062,21.4443157482,1.1794022653,5586005.0692088455,1848.9514351988,1744.4508468921,False,
TOI_3505.01_50.000s_R-0047_aligned.fits,47,2459782.6330703092,0.8360519595,1.0018826460,0.9997513833,0.0021344212,490.2049669800,20.7495375689,1.1770727082,5557942.9254222894,1848.6433412208,1743.8245873124,False,
TOI_3505.01_50.000s_R-0048_aligned.fits,48,2459782.6338234944,0.8541284055,1.0008111310,0.9989572355,0.0020477780,472.7002511063,21.5823119408,1.1747736562,5745423.4122974025,1853.1098428217,1742.7306023344,False,
TOI_3505.01_50.000s_R-0049_aligned.fits,49,2459782.6345768599,0.8722091764,1.0054430433,1.0044078626,0.0020531443,471.2744161170,21.2026599881,1.1725031355,5731415.8296381235,1847.1134583133,1742.3901557785,False,
TOI_3505.01_50.000s_R-0050_aligned.fits,50,2459782.6353294998,0.8902725354,0.9935631498,0.9928160539,0.0019786762,458.9546884417,21.7779971734,1.1702636119,5900159.5675297398,1845.2898624182,1744.7219064370,False,
TOI_3505.01_50.000s_R-0051_aligned.fits,51,2459782.6360830753,0.9083583467,1.0053792530,1.0058444287,0.0020523916,469.9751486008,21.4060580267,1.1680499264,5727479.5128529109,1837.0733969329,1742.8767963057,False,
TOI_3505.01_50.000s_R-0052_aligned.fits,52,2459782.6368365102,0.9264407828,0.9948390847,0.9940786178,0.0021094074,480.5200649291,21.2577492685,1.1658650564,5574663.5955323316,1846.4529531451,1743.0299538623,False,
TOI_3505.01_50.000s_R-0053_aligned.fits,53,2459782.6375896996,0.9445173293,0.9975789009,0.9952972475,0.0020044071,462.4990648248,21.1339902266,1.1637090631,5834428.9020736152,1846.2406137032,1745.3374926480,False,
TOI_3505.01_50.000s_R-0054_aligned.fits,54,2459782.6383427386,0.9625902660,1.0020323780,1.0012145895,0.0019581018,451.0287685075,20.6695293260,1.1615814352,5951148.4826035751,1847.0835726676,1743.5933672999,False,
TOI_3505.01_50.000s_R-0055_aligned.fits,55,2459782.6390960058,0.9806686789,0.9994984188,0.9994301042,0.0020489722,463.7977428251,21.0352678582,1.1594808909,5698260.1024118252,1847.5896539839,1743.3975618941,False,
TOI_3505.01_50.000s_R-0056_aligned.fits,56,2459782.6398489238,0.9987387098,1.0042506766,1.0022685141,0.0020324944,461.2573651615,21.0100904337,1.1574088202,5745248.5695064049,1847.3939499385,1745.1562474968,False,
TOI_3505.01_50.000s_R-0057_aligned.fits,57,2459782.6406018622,1.0168092325,0.9943532365,0.9929769361,0.0019233806,439.7786309754,21.3576282660,1.1553639852,5999308.6395850247,1848.5397581283,1744.3057125553,False,
TOI_3505.01_50.000s_R-0058_aligned.fits,58,2459782.6413543285,1.0348684229,1.0036338364,1.0017617203,0.0018723067,415.7235254936,21.0413913799,1.1533474917,6080930.5209411876,1846.6234328710,1743.3527747873,False,
TOI_3505.01_50.000s_R-0059_aligned.fits,59,2459782.6421075361,1.0529454052,0.9973742925,0.9959528648,0.0019549659,430.3022396032,20.9666083500,1.1513559029,5838111.4504012102,1847.2556161866,1742.6268499033,False,
TOI_3505.01_50.000s_R-0060_aligned.fits,60,2459782.6428602245,1.0710099265,1.0012781880,1.0000279491,0.0019182356,421.3074725774,21.4293004106,1.1493923669,5932166.2024076898,1847.6442471339,1743.9169380340,False,
TOI_3505.01_50.000s_R-0061_aligned.fits,61,2459782.6436133380,1.0890846513,0.9995681149,0.9980878437,0.0018948276,417.2513674420,21.4447577520,1.1474542222,5993814.9534144662,1848.9984692734,1743.6354240222,False,
TOI_3505.01_50.000s_R-0062_aligned.fits,62,2459782.6443660157,1.1071489155,0.9948049922,0.9947939990,0.0019165317,420.4678791234,20.6963976331,1.1455434916,5921638.4365611244,1851.0206008458,1747.7481510019,False,
TOI_3505.01_50.000s_R-0063_aligned.fits,63,2459782.6451192242,1.1252259202,0.9974929375,0.9961375717,0.0019122380,417.0235553802,22.6822933832,1.1436575397,5921581.1593728643,1848.3785270459,1743.8087975227,False,
TOI_3505.01_50.000s_R-0064_aligned.fits,64,2459782.6458724118,1.1433024220,1.0010785494,1.0001203031,0.0019157757,416.9843971334,21.1773014002,1.1417975896,5917386.9875967074,1848.1226131089,1743.3427869670,False,
TOI_3505.01_50.000s_R-0065_aligned.fits,65,2459782.6466247500,1.1613585390,1.0033752850,1.0019443323,0.0018773030,409.6792297851,21.2960018008,1.1399654658,6026528.0983752180,1848.8550839627,1743.5601129126,False,
TOI_3505.01_50.000s_R-0066_aligned.fits,66,2459782.6473772163,1.1794177294,0.9990442126,0.9970574754,0.0018709178,408.9660880672,21.1657334301,1.1381585680,6038661.1240054481,1848.5081602757,1743.9093570780,False,
TOI_3505.01_50.000s_R-0067_aligned.fits,67,2459782.6481302613,1.1974908113,0.9990630004,0.9979220129,0.0018368369,402.0275107978,20.6784597024,1.1363756776,6133352.8909625215,1845.6437423831,1744.8872772213,False,
TOI_3505.01_50.000s_R-0068_aligned.fits,68,2459782.6488823988,1.2155421115,1.0009755403,0.9993805270,0.0019352616,418.7409462451,21.3813874709,1.1346201258,5852696.5379684260,1848.3714208303,1744.0984486413,False,
TOI_3505.01_50.000s_R-0069_aligned.fits,69,2459782.6496356763,1.2336207703,1.0022968781,1.0018611964,0.0019128689,412.4898026545,21.9156261965,1.1328869766,5907557.8510736348,1842.3108933283,1744.1238281551,False,
TOI_3505.01_50.000s_R-0070_aligned.fits,70,2459782.6503884499,1.2516873367,1.0009933671,1.0000567825,0.0019059829,412.7868462113,21.1067266436,1.1311798781,5930311.3643206963,1846.9181024282,1743.0638731376,False,
TOI_3505.01_50.000s_R-0071_aligned.fits,71,2459782.6511416794,1.2697648443,1.0036828369,1.0013323736,0.0018596483,403.4831375160,21.2486412115,1.1294964899,6059205.3809980294,1847.6743802105,1744.1645141915,False,
TOI_3505.01_50.000s_R-0072_aligned.fits,72,2459782.6518941256,1.2878235541,1.0013396216,1.0000275866,0.0018288273,397.2593345543,20.6494049736,1.1278394031,6143656.5472374614,1846.0275719045,1745.4902188035,False,
TOI_3505.01_50.000s_R-0073_aligned.fits,73,2459782.6526460862,1.3058706075,0.9987105268,0.9967957913,0.0018258362,396.2861881238,21.4917327284,1.1262077440,6141780.1419431325,1848.0478351674,1744.9549946483,False,
TOI_3505.01_50.000s_R-0074_aligned.fits,74,2459782.6533985650,1.3239300996,1.0032461127,1.0028513302,0.0018077388,390.2713907266,21.5990114562,1.1245991848,6194067.9908668883,1847.4159815502,1745.0639171420,False,
TOI_3505.01_50.000s_R-0075_aligned.fits,75,2459782.6541513731,1.3419974931,1.0024307567,1.0014643876,0.0018031319,388.6499279769,21.9403012185,1.1230140161,6198664.4272473343,1846.6555692905,1745.4470069757,False,
TOI_3505.01_50.000s_R-0076_aligned.fits,76,2459782.6549045029,1.3600726090,0.9997214660,0.9995217019,0.0017877420,385.6271506313,20.5152658546,1.1214521373,6241989.7441654159,1846.0041982198,1744.8512943025,False,
TOI_3505.01_50.000s_R-0077_aligned.fits,77,2459782.6556575838,1.3781465515,0.9977678237,0.9964529795,0.0017914035,385.2145665254,22.4391110786,1.1199141837,6218832.6589268185,1857.4181796298,1743.0349713160,False,
TOI_3505.01_50.000s_R-0078_aligned.fits,78,2459782.6564107756,1.3962231539,1.0035055454,1.0035645545,0.0018129444,386.9478055137,22.5865805707,1.1183996888,6155013.0069473647,1850.9886679816,1743.5734903089,False,
TOI_3505.01_50.000s_R-0079_aligned.fits,79,2459782.6571634738,1.4142879099,1.0037340714,1.0030328462,0.0018275156,389.5777446620,21.4650097250,1.1169097090,6108350.9933100566,1848.2500970782,1744.9565868192,False,
TOI_3505.01_50.000s_R-0080_aligned.fits,80,2459782.6579167228,1.4323658869,1.0007029788,1.0000202858,0.0018122190,386.4234501467,21.5055059255,1.1154420420,6143932.5430771336,1845.0310317825,1744.8186535127,False,
TOI_3505.01_50.000s_R-0081_aligned.fits,81,2459782.6586697218,1.4504378624,1.0033953404,1.0033747769,0.0018129662,384.4596723078,21.5816182746,1.1139981249,6137166.9402499693,1848.7511363502,1744.1203850476,False,
TOI_3505.01_50.000s_R-0082_aligned.fits,82,2459782.6594229331,1.4685149342,1.0037569538,1.0018038684,0.0018432500,389.6726221689,21.8675870831,1.1125769370,6045464.4722649874,1847.2389799807,1744.3647385041,False,
TOI_3505.01_50.000s_R-0083_aligned.fits,83,2459782.6601752411,1.4865703247,0.9991714757,0.9986676029,0.0019260343,404.0555914219,21.1732146910,1.1111804211,5803940.5127643887,1848.9228212579,1742.9756167240,False,
TOI_3505.01_50.000s_R-0084_aligned.fits,84,2459782.6609284044,1.5046462454,0.9957393088,0.9944474200,0.0019560313,405.5301089836,22.1194592763,1.1098051820,5697251.9139044583,1846.1146754350,1744.1311181766,False,
TOI_3505.01_50.000s_R-0085_aligned.fits,85,2459782.6616811780,1.5227128118,1.0003933774,0.9995366344,0.0018634953,390.2845735052,22.6279117377,1.1084533889,5963704.7427612534,1847.1286437828,1743.5289539074,False,
TOI_3505.01_50.000s_R-0086_aligned.fits,86,2459782.6624343651,1.5407893024,1.0029417986,1.0014913313,0.0018021426,378.8517504292,21.1984941645,1.1071234770,6144294.6942156050,1849.7411843724,1743.6975434764,False,
TOI_3505.01_50.000s_R-0087_aligned.fits,87,2459782.6631872556,1.5588586740,1.0020945813,1.0019977533,0.0018241351,382.1210786346,20.8971492940,1.1058165844,6074748.8167265272,1845.9945099544,1744.4690201717,False,
TOI_3505.01_50.000s_R-0088_aligned.fits,88,2459782.6639406304,1.5769396685,0.9990204040,0.9989439760,0.0018701068,390.8224395590,20.4473025808,1.1045312454,5940614.0971239675,1846.4818374141,1744.6417317334,False,
TOI_3505.01_50.000s_R-0089_aligned.fits,89,2459782.6646927330,1.5949901305,0.9978066315,0.9961318434,0.0018615284,390.4160902633,20.2591062825,1.1032703054,5964385.3442700300,1855.1750347807,1743.6053688508,False,
TOI_3505.01_50.000s_R-0090_aligned.fits,90,2459782.6654457957,1.6130636372,0.9973291204,0.9962343469,0.0018789436,393.8728840520,20.5146425841,1.1020298940,5917114.5759017188,1846.1058575491,1744.3991398336,False,
TOI_3505.01_50.000s_R-0091_aligned.fits,91,2459782.6661983095,1.6311239675,0.9999501888,0.9989502645,0.0019220395,402.4046831872,21.2002020869,1.1008124036,5810337.6342716729,1847.5965040467,1743.8350489467,False,
TOI_3505.01_50.000s_R-0092_aligned.fits,92,2459782.6669506375,1.6491798386,0.9988196868,0.9996855789,0.0020656667,425.9517185729,20.4552242611,1.0996171052,5451591.7474922007,1849.5461177930,1743.7495243840,False,
TOI_3505.01_50.000s_R-0093_aligned.fits,93,2459782.6677036607,1.6672523953,0.9977727671,0.9968488420,0.0021165283,435.5007463723,20.9199257822,1.0984425133,5339782.7056391872,1856.0923896910,1743.4597234182,False,
TOI_3505.01_50.000s_R-0094_aligned.fits,94,2459782.6684568319,1.6853285059,1.0035678383,1.0032051248,0.0021342598,436.5051852790,20.8420420396,1.0972894144,5303891.3088612501,1847.9781126156,1743.8464483326,False,
TOI_3505.01_50.000s_R-0095_aligned.fits,95,2459782.6692095487,1.7033937089,1.0021276813,1.0024371400,0.0022423112,451.1585513450,20.7664004173,1.0961586143,5072950.9611791689,1848.6340561942,1742.6103349116,False,
TOI_3505.01_50.000s_R-0096_aligned.fits,96,2459782.6699625305,1.7214652710,1.0041743868,1.0031576694,0.0022142536,448.9925054532,19.8588628058,1.0950489232,5136964.6564144129,1850.7279184525,1742.5515010974,False,
TOI_3505.01_50.000s_R-0097_aligned.fits,97,2459782.6707157129,1.7395416498,1.0001317945,0.9989030454,0.0021408434,439.2815913977,20.5457897093,1.0939603571,5290885.1409909073,1849.1154069225,1743.0511212529,False,
TOI_3505.01_50.000s_R-0098_aligned.fits,98,2459782.6714689122,1.7576184310,1.0021780159,1.0005359978,0.0021423373,438.4541190617,20.2565484195,1.0928930948,5284274.4410518734,1850.7964116188,1742.9291418295,False,
TOI_3505.01_50.000s_R-0099_aligned.fits,99,2459782.6722215102,1.7756807841,0.9997449929,0.9991373683,0.0021800990,442.1347512961,20.6039143549,1.0918478926,5191665.7435245886,1849.2525686250,1744.9725048895,False,
TOI_3505.01_50.000s_R-0100_aligned.fits,100,2459782.6729745255,1.7937531509,0.9986682581,0.9980167809,0.0022070418,444.1189525131,21.2387449168,1.0908232361,5126141.5684428578,1861.5402736254,1744.3166902044,False,
TOI_3505.01_50.000s_R-0101_aligned.fits,101,2459782.6737270430,1.8118135706,0.9972382295,0.9960022951,0.0022977502,456.8038982874,20.4139805166,1.0898202770,4944890.2642761879,1849.3532820625,1742.6019557064,False,
TOI_3505.01_50.000s_R-0102_aligned.fits,102,2459782.6744800471,1.8298856691,1.0007254641,0.9986488180,0.0022967905,455.5542545793,20.3873147248,1.0888376138,4944665.8031611759,1850.7431604076,1742.7493886393,False,
TOI_3505.01_50.000s_R-0103_aligned.fits,103,2459782.6752329213,1.8479546495,1.0009253460,0.9996587372,0.0023220427,457.4474437695,21.1123188301,1.0878759812,4893959.4065836817,1848.3029306187,1742.8470345985,False,
TOI_3505.01_50.000s_R-0104_aligned.fits,104,2459782.6759856115,1.8660192154,0.9958601841,0.9955930415,0.0022160675,442.8302059493,19.8668920546,1.0869353504,5091014.1406447440,1850.2012945020,1743.9643330034,False,
TOI_3505.01_50.000s_R-0105_aligned.fits,105,2459782.6767384834,1.8840881400,0.9977871191,0.9953125863,0.0021225490,430.1530080347,21.1228615788,1.0860151821,5290019.8918183530,1856.9729022309,1743.8545516640,False,
TOI_3505.01_50.000s_R-0106_aligned.fits,106,2459782.6774914246,1.9021587297,0.9991935100,0.9987574718,0.0020823648,423.8993522223,20.2241959501,1.0851155437,5387170.6051912066,1847.9834399335,1743.9926440521,False,
TOI_3505.01_50.000s_R-0107_aligned.fits,107,2459782.6782447444,1.9202384055,0.9981213596,0.9978386841,0.0022145799,443.0373700139,20.0833217183,1.0842360058,5099434.9461287484,1854.4035980617,1743.0792876431,False,
TOI_3505.01_50.000s_R-0108_aligned.fits,108,2459782.6789978519,1.9383129850,1.0009045033,1.0006789371,0.0024395377,471.2395135683,19.7763384857,1.0833771881,4679038.5533992415,1847.3847247001,1742.9470471367,False,
TOI_3505.01_50.000s_R-0109_aligned.fits,109,2459782.6797503065,1.9563718960,1.0038044207,1.0019765621,0.0025053938,478.5214397317,19.9285321587,1.0825394842,4568865.1755906465,1849.8896589967,1744.8194168043,False,
TOI_3505.01_50.000s_R-0110_aligned.fits,110,2459782.6805032138,1.9744416699,1.0051235901,1.0044086690,0.0023833602,462.6338362394,19.9596632393,1.0817215823,4775092.3328978382,1846.3698386012,1744.2248789406,False,
TOI_3505.01_50.000s_R-0111_aligned.fits,111,2459782.6812559585,1.9925075434,0.9984986177,0.9979872524,0.0023236763,454.9933887327,20.9883423820,1.0809240916,4875111.3546644850,1849.9519073213,1744.7951417666,False,
TOI_3505.01_50.000s_R-0112_aligned.fits,112,2459782.6820092103,2.0105855875,1.0030942968,1.0026730303,0.0023862118,461.3029354975,19.9383104074,1.0801462473,4761595.5394634353,1849.2423424234,1743.2632275657,False,
TOI_3505.01_50.000s_R-0113_aligned.fits,113,2459782.6827624757,2.0286639556,0.9992092979,0.9976117404,0.0023130484,451.8386695393,19.3132988462,1.0793885138,4885080.4326448329,1848.0443655933,1743.5066834081,False,
TOI_3505.01_50.000s_R-0114_aligned.fits,114,2459782.6835151580,2.0467283316,0.9992893092,0.9988689487,0.0022990285,448.2823624733,20.0234017402,1.0786514027,4904852.9786725398,1847.6703375224,1742.2159062424,False,
TOI_3505.01_50.000s_R-0115_aligned.fits,115,2459782.6842677188,2.0647897907,1.0007581829,0.9993573611,0.0023045894,445.9012085380,20.2663925368,1.0779343707,4883711.7271570079,1850.2438647280,1743.7814367472,False,
TOI_3505.01_50.000s_R-0116_aligned.fits,116,2459782.6850199620,2.0828436278,1.0020721909,0.9998813318,0.0019593325,397.5374282546,20.7629098144,1.0772375253,5652006.2524500322,1862.2326849282,1743.7613456657,False,
TOI_3505.01_50.000s_R-0117_aligned.fits,117,2459782.6857723058,2.1008998789,0.9994037997,0.9987720672,0.0018456028,378.0841769166,20.2453544503,1.0765604117,5957170.2872289913,1849.8487814193,1743.8695979454,False,
TOI_3505.01_50.000s_R-0118_aligned.fits,118,2459782.6865251865,2.1189690158,0.9988629264,0.9977873321,0.0017715831,366.1462637886,20.1378593646,1.0759026041,6186338.7574235843,1846.9134749420,1745.0205540131,False,
TOI_3505.01_50.000s_R-0119_aligned.fits,119,2459782.6872787620,2.1370548271,0.9994332772,0.9991542523,0.0017786939,365.7988843590,19.8639834508,1.0752639565,6155300.0665442562,1846.0645511089,1743.8336677592,False,
TOI_3505.01_50.000s_R-0120_aligned.fits,120,2459782.6880318290,2.1551284343,1.0012861493,0.9998945325,0.0017923643,368.1111303278,19.7399864825,1.0746454422,6112849.8392999610,1850.4998711809,1743.2373239099,False,
TOI_3505.01_50.000s_R-0121_aligned.fits,121,2459782.6887850352,2.1732053831,1.0006669367,0.9988666681,0.0018086817,371.5076458894,19.7390187218,1.0740464617,6065871.3658302277,1846.6584392847,1744.3098827717,False,
TOI_3505.01_50.000s_R-0122_aligned.fits,122,2459782.6895380071,2.1912767105,1.0023764659,1.0020204960,0.0018722458,380.8879500499,19.1676319095,1.0734672567,5878183.7210386684,1846.4921305482,1745.1737949946,False,
TOI_3505.01_50.000s_R-0123_aligned.fits,123,2459782.6902910583,2.2093499377,1.0017129734,1.0015251356,0.0018709581,380.0582466536,19.2700654824,1.0729075318,5877791.2946209321,1852.4216180901,1743.1029861724,False,
TOI_3505.01_50.000s_R-0124_aligned.fits,124,2459782.6910441252,2.2274235450,0.9979272323,0.9981059976,0.0018578724,378.1195511344,19.3137772917,1.0723672893,5905965.4083417524,1846.8423377662,1743.6412521943,False,
TOI_3505.01_50.000s_R-0125_aligned.fits,125,2459782.6917973706,2.2455014326,0.9974205690,0.9962180914,0.0018598110,378.5271168416,19.7754630127,1.0718463751,5897186.4774149666,1848.7684722965,1744.0702083115,False,
TOI_3505.01_50.000s_R-0126_aligned.fits,126,2459782.6925499006,2.2635621540,0.9976081825,0.9966088073,0.0018508751,378.0025913738,20.0251529111,1.0713453419,5930339.0485287933,1846.9650740813,1744.1266838771,False,
TOI_3505.01_50.000s_R-0127_aligned.fits,127,2459782.6933032637,2.2816428691,1.0051579267,1.0044893442,0.0018590644,378.5909992096,20.6550142336,1.0708631207,5919214.9554837048,1847.2788256996,1744.9534223831,False,
TOI_3505.01_50.000s_R-0128_aligned.fits,128,2459782.6940560760,2.2997103631,1.0005981354,1.0000000000,0.0018079932,372.5088852816,20.3686984376,1.0704005680,6078280.7809583684,1847.5920861753,1743.1539303666,False,
TOI_3505.01_50.000s_R-0129_aligned.fits,129,2459782.6948093004,2.3177877478,1.0260067890,1.0032717978,0.0069518473,697.0285642669,20.7033473402,1.0699570471,1789116.2798888911,1850.4395825137,1741.1210921023,True,low comparison-star counts
TOI_3505.01_50.000s_R-0130_aligned.fits,130,2459782.6955639157,2.3358985148,1.0297459805,1.0079508328,0.0132474232,896.0598357757,21.5513355727,1.0695320138,1038638.9218383646,1853.7290939477,1744.6727288020,True,low comparison-star counts
TOI_3505.01_50.000s_R-0131_aligned.fits,131,2459782.6963179847,2.3539961725,1.0029098996,1.0016911800,0.0025126762,484.9823032917,19.8552695074,1.0691265556,4579794.7657391028,1848.3098276352,1743.4595491561,False,
TOI_3505.01_50.000s_R-0132_aligned.fits,132,2459782.6970712738,2.3720751107,0.9950174302,0.9974253574,0.0026909095,482.7468321594,21.1974534612,1.0687407129,4222869.6711313007,1860.7528986477,1745.0549207587,False,
TOI_3505.01_50.000s_R-0133_aligned.fits,133,2459782.6978248958,2.3901620395,1.0035858437,1.0081233840,0.0031288183,523.1253431748,20.9226870801,1.0683738664,3701565.6155690514,1847.8310446051,1743.3407531991,False,
TOI_3505.01_50.000s_R-0134_aligned.fits,134,2459782.6985779367,2.4082350209,0.9946172008,0.9997972289,0.0038289951,578.7494930841,20.8425879456,1.0680264203,3092821.5630619102,1855.5232331098,1742.7804362163,False,
TOI_3505.01_50.000s_R-0135_aligned.fits,135,2459782.6993383258,2.4264843576,1.0032865208,1.0041240764,0.0034411022,554.3309540987,20.8580255072,1.0676949452,3412514.1073688800,1850.9163657885,1744.0422510174,False,
TOI_3505.01_50.000s_R-0136_aligned.fits,136,2459782.7000936135,2.4446112625,0.9983378298,1.0003037842,0.0030127000,521.7738840638,20.2170398673,1.0673849258,3847545.4791907240,1850.8511331146,1743.8573069386,False,
TOI_3505.01_50.000s_R-0137_aligned.fits,137,2459782.7008470711,2.4626942463,0.9970694599,1.0052861308,0.0042262147,596.3967852040,20.9012513838,1.0670947292,2821870.6605730024,1849.5939944794,1742.0650479649,False,
TOI_3505.01_50.000s_R-0138_aligned.fits,138,2459782.7016101852,2.4810089841,0.9967753666,0.9992808449,0.0048782214,634.6750032077,19.8189555813,1.0668202044,2484657.1272112615,1850.2291515354,1744.8802041047,True,low comparison-star counts
TOI_3505.01_50.000s_R-0139_aligned.fits,139,2459782.7023696420,2.4992359467,0.9889302171,0.9871060741,0.0044176361,609.9811111761,20.2170879129,1.0665663466,2705219.2248803726,1850.9563878030,1744.9513985534,False,
TOI_3505.01_50.000s_R-0140_aligned.fits,140,2459782.7031324874,2.5175442360,1.0036543505,1.0051354665,0.0036551389,566.2755315074,20.8512804387,1.0663307684,3224087.0771708223,1850.0577476591,1744.2764290075,False,
TOI_3505.01_50.000s_R-0141_aligned.fits,141,2459782.7038899334,2.5357229412,1.0059343452,1.0032932320,0.0030031960,518.5611380990,20.1355489287,1.0661160869,3855019.6843755483,1852.8549030956,1744.0776520137,False,
TOI_3505.01_50.000s_R-0142_aligned.fits,142,2459782.7046428472,2.5537928715,0.9966603048,0.9967023551,0.0036582578,569.4097722890,20.1610451810,1.0659216614,3223930.0585032715,1851.8129826676,1743.0263458560,False,
TOI_3505.01_50.000s_R-0143_aligned.fits,143,2459782.7054009773,2.5719879940,0.9964394399,0.9954352527,0.0032547714,546.4392038000,20.2943777980,1.0657449841,3597342.8086659289,1849.5460192037,1743.5973375632,False,
TOI_3505.01_50.000s_R-0144_aligned.fits,144,2459782.7061556340,2.5900997557,1.0032882344,1.0118488721,0.0030397943,518.9625282969,20.8782050039,1.0655881309,3813399.2379485397,1848.0559658074,1742.8556964619,False,
TOI_3505.01_50.000s_R-0145_aligned.fits,145,2459782.7069090409,2.6081815213,0.9951131855,0.9942899987,0.0032247025,535.8498385841,19.8971709291,1.0654504482,3602121.0752835763,1850.3400618377,1742.7170832324,False,
TOI_3505.01_50.000s_R-0146_aligned.fits,146,2459782.7076630625,2.6262780391,1.0104713671,1.0050340845,0.0027822844,502.1604250845,20.3331899273,1.0653315598,4143570.8762724660,1850.2216852443,1743.1628366077,False,
TOI_3505.01_50.000s_R-0147_aligned.fits,147,2459782.7084165383,2.6443614587,1.0051240465,1.0045613608,0.0028041162,499.9198393955,20.3247966337,1.0652316414,4098926.5388543950,1851.4291162086,1743.0745331324,False,
TOI_3505.01_50.000s_R-0148_aligned.fits,148,2459782.7091704095,2.6624543667,1.0024112544,1.0010964410,0.0025672566,478.9085070515,20.1554967031,1.0651505541,4441945.1125392420,1855.8486355900,1742.7043583845,False,
TOI_3505.01_50.000s_R-0149_aligned.fits,149,2459782.7099231686,2.6805205867,1.0028409170,1.0011817722,0.0024996155,471.3255478842,20.5394602552,1.0650884264,4552025.4787387643,1850.8146776004,1742.9714463073,False,
TOI_3505.01_50.000s_R-0150_aligned.fits,150,2459782.7106763357,2.6985965967,0.9958842921,0.9939294050,0.0024781554,468.0804890603,21.1812245374,1.0650451011,4573922.0100456784,1858.9147031004,1742.7946428693,False,
TOI_3505.01_50.000s_R-0151_aligned.fits,151,2459782.7114293799,2.7166696563,1.0020596300,1.0003121028,0.0023449273,451.6413211172,20.7014814441,1.0650206160,4813451.9085252304,1850.3737784234,1743.0575246442,False,
TOI_3505.01_50.000s_R-0152_aligned.fits,152,2459782.7121820669,2.7347341441,0.9987129606,0.9973572437,0.0023404927,449.7988309540,22.5822630191,1.0650149585,4807317.9341488034,1848.3078237937,1742.1654304048,False,
TOI_3505.01_50.000s_R-0153_aligned.fits,153,2459782.7129347818,2.7527993023,0.9988853966,0.9989401246,0.0021383981,428.0500989838,22.8535736671,1.0650281130,5240618.7020452162,1848.2590386532,1742.6360379649,False,
TOI_3505.01_50.000s_R-0154_aligned.fits,154,2459782.7136881002,2.7708789445,1.0015723952,1.0012935299,0.0020110146,413.0209990957,23.2566103269,1.0650601143,5564404.7794098072,1848.6869519795,1742.3083322652,False,
TOI_3505.01_50.000s_R-0155_aligned.fits,155,2459782.7144411867,2.7889530212,1.0005827832,0.9994628598,0.0019344669,404.7544086067,21.8737279364,1.0651109435,5780354.0151009141,1848.1306999952,1742.9064455519,False,
TOI_3505.01_50.000s_R-0156_aligned.fits,156,2459782.7151942407,2.8070263155,0.9990341341,0.9988218902,0.0019258911,402.4710080032,22.9691092852,1.0651806084,5795495.3528497657,1847.3486937016,1742.4916206659,False,
TOI_3505.01_50.000s_R-0157_aligned.fits,157,2459782.7159470404,2.8250935078,0.9999311756,0.9994681144,0.0019171955,401.6192712652,22.9755229681,1.0652690835,5824924.6243131366,1855.6296579889,1744.0988459644,False,
TOI_3505.01_50.000s_R-0158_aligned.fits,158,2459782.7166993860,2.8431498036,1.0010140828,1.0015276964,0.0019272175,404.7850868847,22.6987755713,1.0653763263,5810763.0788473953,1848.1876669022,1742.4287411163,False,
TOI_3505.01_50.000s_R-0159_aligned.fits,159,2459782.7174525233,2.8612250984,1.0009033080,1.0013598753,0.0019061751,401.0708216403,21.0876292128,1.0655025358,5869044.3985335473,1851.2818099683,1743.1128953160,False,
TOI_3505.01_50.000s_R-0160_aligned.fits,160,2459782.7182062040,2.8793134354,1.0019948291,1.0017878097,0.0019008709,404.6648065763,23.2090109653,1.0656477311,5907092.5396445505,1846.5495042873,1742.8442985567,False,
TOI_3505.01_50.000s_R-0161_aligned.fits,161,2459782.7189587019,2.8973733857,0.9978954087,0.9971173509,0.0019459477,416.7727578743,22.7004714736,1.0658115680,5800935.3205626141,1851.1332013451,1743.3329682155,False,
TOI_3505.01_50.000s_R-0162_aligned.fits,162,2459782.7197117265,2.9154459760,1.0012258187,1.0016537377,0.0018494450,406.4273701467,22.0753079128,1.0659944075,6119174.6417693142,1849.0802279057,1743.8736369552,False,
TOI_3505.01_50.000s_R-0163_aligned.fits,163,2459782.7204649015,2.9335221760,1.0009269127,1.0011842901,0.0019133682,419.7027410848,21.9369695780,1.0661961991,5944739.8949126061,1849.2737062927,1743.3831513423,False,
TOI_3505.01_50.000s_R-0164_aligned.fits,164,2459782.7212174460,2.9515832439,1.0009621918,1.0017246284,0.0019547617,427.3906453148,21.5163736272,1.0664167322,5836148.6698299032,1851.5007644339,1742.8184976364,False,
TOI_3505.01_50.000s_R-0165_aligned.fits,165,2459782.7219702462,2.9696504474,0.9998976835,0.9996031869,0.0019305856,425.4766413510,21.3546131447,1.0666562712,5910231.1323873196,1848.3204802358,1742.7325651480,False,
TOI_3505.01_50.000s_R-0166_aligned.fits,166,2459782.7227233690,2.9877253957,1.0027374076,1.0018117775,0.0018955052,421.7555335020,21.4419573851,1.0669148789,6026618.3407361433,1851.3954357250,1743.2631964009,False,
TOI_3505.01_50.000s_R-0167_aligned.fits,167,2459782.7234762423,3.0057943538,0.9981993651,0.9994119301,0.0019242572,429.3427827884,22.2680206843,1.0671923837,5953333.0956068859,1843.8079978239,1742.4055393454,False,
TOI_3505.01_50.000s_R-0168_aligned.fits,168,2459782.7242292752,3.0238671452,1.0006640494,1.0005141311,0.0018935329,426.9835501984,21.9461233494,1.0674889560,6059081.6457789689,1850.3110637219,1743.4929969305,False,
TOI_3505.01_50.000s_R-0169_aligned.fits,169,2459782.7249825085,3.0419447422,0.9984980627,0.9988738242,0.0018675059,427.0362781802,21.0511880044,1.0678046503,6160301.5935591161,1848.1241439877,1743.1019255470,False,
TOI_3505.01_50.000s_R-0170_aligned.fits,170,2459782.7257356197,3.0600194111,0.9997413361,0.9985971764,0.0018640067,429.3293261976,20.5620752296,1.0681393609,6187303.8485490317,1852.0130576407,1743.9326559859,False,
TOI_3505.01_50.000s_R-0171_aligned.fits,171,2459782.7264877493,3.0780705214,1.0003412715,1.0009376865,0.0018582611,429.4618791276,20.5139023215,1.0684926923,6215570.8350291634,1848.6828973326,1742.9787884130,False,
TOI_3505.01_50.000s_R-0172_aligned.fits,172,2459782.7272400553,3.0961258672,1.0031260156,1.0039490979,0.0018702031,430.9027065677,20.9612252301,1.0688651875,6182021.3082735213,1847.7897005857,1745.1721550477,False,
TOI_3505.01_50.000s_R-0173_aligned.fits,173,2459782.7279928620,3.1141932271,0.9999294221,1.0012642943,0.0018694039,430.3030053751,20.8516428644,1.0692570640,6175490.9279901609,1851.4628124593,1744.5052240349,False,
TOI_3505.01_50.000s_R-0174_aligned.fits,174,2459782.7287457399,3.1322622970,1.0020760968,1.0027862810,0.0018761939,431.2128444503,21.1313757722,1.0696681531,6158112.6691182721,1847.3140481764,1745.6459721168,False,
TOI_3505.01_50.000s_R-0175_aligned.fits,175,2459782.7294984516,3.1503273770,1.0006804154,0.9998530593,0.0018810510,433.6021298440,21.1055631475,1.0700983561,6145030.5844673021,1854.7978168441,1744.4962030436,False,
TOI_3505.01_50.000s_R-0176_aligned.fits,176,2459782.7302514496,3.1683993302,0.9981275981,0.9984122140,0.0018670452,432.2548142175,20.9839050298,1.0705479726,6190367.1815535910,1847.5104936586,1743.5223683893,False,
TOI_3505.01_50.000s_R-0177_aligned.fits,177,2459782.7310045240,3.1864731163,0.9974827314,0.9973557953,0.0018868680,435.6936277390,21.1492048470,1.0710169291,6128911.0823949445,1848.9895885648,1742.8568867862,False,
TOI_3505.01_50.000s_R-0178_aligned.fits,178,2459782.7317572888,3.2045394704,0.9994264301,1.0002186248,0.0018572573,431.1217367154,20.6054418071,1.0715050159,6225820.2327047614,1849.3566913134,1742.7663323211,False,
TOI_3505.01_50.000s_R-0179_aligned.fits,179,2459782.7325102086,3.2226095460,1.0000068265,1.0013121222,0.0018693954,433.1220099311,20.9692637077,1.0720125696,6192892.6506620217,1848.0980839109,1743.1402204598,False,
TOI_3505.01_50.000s_R-0180_aligned.fits,180,2459782.7332626660,3.2406685241,0.9991288227,0.9987822615,0.0018455050,430.9364950728,20.4958215154,1.0725392049,6272067.5139482198,1853.1304472787,1744.0304400905,False,
TOI_3505.01_50.000s_R-0181_aligned.fits,181,2459782.7340161237,3.2587515078,0.9971109169,0.9973938387,0.0018499654,431.2577879621,21.1097696339,1.0730860112,6252604.8278351063,1850.1177947225,1743.8098025540,False,
TOI_3505.01_50.000s_R-0182_aligned.fits,182,2459782.7347689266,3.2768187784,1.0010796986,1.0007586828,0.0018653921,433.2979447852,21.2576848661,1.0736518472,6207286.3491773754,1850.2742825094,1743.2880573201,False,
TOI_3505.01_50.000s_R-0183_aligned.fits,183,2459782.7355222134,3.2948976606,0.9970901923,0.9977096818,0.0018428112,430.7493607279,20.0738055950,1.0742376100,6279068.5804231875,1848.2281999037,1745.4037013278,False,
TOI_3505.01_50.000s_R-0184_aligned.fits,184,2459782.7362753092,3.3129719608,0.9969227907,0.9978225065,0.0018341019,429.0327698350,20.8311497216,1.0748428358,6306402.0676509347,1852.2112182027,1743.6879760002,False,
TOI_3505.01_50.000s_R-0185_aligned.fits,185,2459782.7370285932,3.3310507759,0.9994535631,1.0007555948,0.0018417801,431.3309486138,20.2171486777,1.0754678819,6288894.4374217838,1849.7328574202,1742.6901755703,False,
TOI_3505.01_50.000s_R-0186_aligned.fits,186,2459782.7377808141,3.3491040766,1.0030129893,1.0032702690,0.0018532849,433.1856808250,19.7829086211,1.0761117279,6262873.2499650232,1848.8610198385,1742.7807521220,False,
TOI_3505.01_50.000s_R-0187_aligned.fits,187,2459782.7385334913,3.3671683297,0.9971998552,0.9982459239,0.0018597501,434.0696039820,19.2974521270,1.0767757058,6229932.6624862384,1848.9152469084,1744.0664546174,False,
TOI_3505.01_50.000s_R-0188_aligned.fits,188,2459782.7392867822,3.3852473125,1.0012591590,1.0013066370,0.0018647218,434.5987172941,20.4706403009,1.0774600533,6218351.4744784767,1851.7321292647,1743.9332925139,False,
TOI_3505.01_50.000s_R-0189_aligned.fits,189,2459782.7400401402,3.4033279046,1.0015134968,1.0029439508,0.0018776583,436.0064740620,20.3210949963,1.0781643590,6179873.9660654515,1848.8462717097,1743.1388679061,False,
TOI_3505.01_50.000s_R-0190_aligned.fits,190,2459782.7407929031,3.4213942140,1.0037977118,1.0047988950,0.0018828401,437.5936926134,19.9734481291,1.0788880444,6171391.7164166495,1848.7494794535,1743.2271988439,False,
TOI_3505.01_50.000s_R-0191_aligned.fits,191,2459782.7415451775,3.4394487999,1.0041705691,1.0039104869,0.0019074731,442.5826992911,19.9066276873,1.0796312299,6101697.6499907374,1850.7060292349,1743.0712007999,False,
TOI_3505.01_50.000s_R-0192_aligned.fits,192,2459782.7422982855,3.4575233907,0.9978140331,0.9991606924,0.0018907846,441.0779671962,19.7507478336,1.0803952994,6147366.2162236189,1847.5649848063,1743.1408698440,False,
TOI_3505.01_50.000s_R-0193_aligned.fits,193,2459782.7430506404,3.4755799100,1.0009811067,0.9998548943,0.0018759737,439.1473979957,20.0709418288,1.0811787124,6195505.8990940778,1853.7648476696,1743.2251140302,False,
TOI_3505.01_50.000s_R-0194_aligned.fits,194,2459782.7438030676,3.4936381616,1.0002474971,1.0007649255,0.0018500187,435.6311409529,20.1821002501,1.0819823682,6282513.4446204444,1848.2901111106,1742.6902033315,False,
TOI_3505.01_50.000s_R-0195_aligned.fits,195,2459782.7445556736,3.5117007047,1.0008874125,1.0017603741,0.0018523901,436.8460356823,19.9730550324,1.0828064602,6282244.5276694959,1850.5869741669,1743.2742970205,False,
TOI_3505.01_50.000s_R-0196_aligned.fits,196,2459782.7453087107,3.5297735967,1.0021163171,1.0041052170,0.0018495651,436.0481860435,19.5777488123,1.0836513607,6296088.4758532681,1848.4680679593,1742.7777309056,False,
TOI_3505.01_50.000s_R-0197_aligned.fits,197,2459782.7460613889,3.5478378721,1.0014400091,1.0029343839,0.0018499120,437.3267160148,20.1284526113,1.0845162591,6298693.5280204676,1849.1181252712,1743.1909549665,False,
TOI_3505.01_50.000s_R-0198_aligned.fits,198,2459782.7468153709,3.5659334399,0.9986628614,0.9995036150,0.0018521991,438.6035798927,19.5650983091,1.0854031804,6290389.7678203871,1849.2889217942,1742.9410114436,False,
TOI_3505.01_50.000s_R-0199_aligned.fits,199,2459782.7475679070,3.5839943066,0.9989608246,0.9998004160,0.0018643323,441.0179607994,19.5406614084,1.0863089604,6253319.9182193261,1848.9966529209,1743.2027424645,False,
TOI_3505.01_50.000s_R-0200_aligned.fits,200,2459782.7483209199,3.6020666175,0.9927624285,0.9932896033,0.0018625066,441.7159042247,20.4497649823,1.0872359529,6251419.0585894994,1858.8547209954,1743.3049167713,False,
TOI_3505.01_50.000s_R-0201_aligned.fits,201,2459782.7490735962,3.6201308481,0.9994884013,1.0004894346,0.0018606672,441.8447677207,20.2249094991,1.0881832432,6274681.9090861492,1848.5994875568,1743.1078554483,False,
TOI_3505.01_50.000s_R-0202_aligned.fits,202,2459782.7498263419,3.6381967440,1.0035331502,1.0040642712,0.0018715656,443.6623343336,20.1487915106,1.0891514140,6248666.7906599483,1851.9538302066,1743.4482452156,False,
TOI_3505.01_50.000s_R-0203_aligned.fits,203,2459782.7505788938,3.6562579907,0.9999979449,1.0017922861,0.0018618980,442.9316546268,20.7496011304,1.0901402066,6279002.0989368828,1846.9655155842,1743.3933233517,False,
TOI_3505.01_50.000s_R-0204_aligned.fits,204,2459782.7513317387,3.6743262671,1.0028053968,1.0041372927,0.0018582425,443.0112973027,20.0516074581,1.0911503519,6299870.6931662774,1850.8641791499,1743.5437754342,False,
TOI_3505.01_50.000s_R-0205_aligned.fits,205,2459782.7520842613,3.6923868097,1.0008385783,1.0017437909,0.0018540569,443.3950152883,20.3719874721,1.0921811107,6312658.4696003664,1848.5599396996,1743.9516820091,False,
TOI_3505.01_50.000s_R-0206_aligned.fits,206,2459782.7528368193,3.7104482017,1.0030331324,1.0030377050,0.0018614275,445.0638632903,20.7880228457,1.0932330523,6295443.8221693523,1848.6452989046,1742.7832207815,False,
TOI_3505.01_50.000s_R-0207_aligned.fits,207,2459782.7535894997,3.7285125330,1.0003472259,1.0012355601,0.0018636368,446.1882636596,20.1115291775,1.0943063978,6289623.6426497623,1849.7890017376,1743.4696790277,False,
TOI_3505.01_50.000s_R-0208_aligned.fits,208,2459782.7543420116,3.7465728186,0.9996073123,1.0011859072,0.0018638778,447.3725496341,20.2665347757,1.0954008259,6293660.9355799118,1848.3446154070,1742.9087454709,False,
TOI_3505.01_50.000s_R-0209_aligned.fits,209,2459782.7550954781,3.7646560147,1.0011167124,1.0006346901,0.0018641896,448.0291510005,20.5379808607,1.0965180993,6296804.0315025775,1853.0010990994,1743.5819876072,False,
TOI_3505.01_50.000s_R-0210_aligned.fits,210,2459782.7558484720,3.7827278674,0.9999871702,1.0013451236,0.0018689334,448.3505611113,20.2969309278,1.0976562223,6279849.8846011739,1846.5068624603,1742.6325708508,False,
TOI_3505.01_50.000s_R-0211_aligned.fits,211,2459782.7566008535,3.8007850237,1.0015330812,1.0021514061,0.0018668180,448.6249897478,20.3959252532,1.0988150382,6293554.9893204262,1850.7654953159,1743.3419878711,False,
TOI_3505.01_50.000s_R-0212_aligned.fits,212,2459782.7573540136,3.8188608661,0.9987233861,0.9997615576,0.0018682593,450.3248546442,20.3936361967,1.0999968009,6290878.6016361509,1849.0840518864,1743.2234077654,False,
TOI_3505.01_50.000s_R-0213_aligned.fits,213,2459782.7581184660,3.8372077234,1.0043295501,1.0043485582,0.0018751416,452.1093892728,21.1831660243,1.1012186401,6283029.1321200998,1857.4130501155,1744.5977275578,False,
TOI_3505.01_50.000s_R-0214_aligned.fits,214,2459782.7588714752,3.8552799448,1.0021747076,1.0037901222,0.0018792768,453.5025029806,20.4854773647,1.1024443204,6271786.2259823559,1848.4452965987,1742.6240951941,False,
TOI_3505.01_50.000s_R-0215_aligned.fits,215,2459782.7596239583,3.8733395375,0.9994511239,0.9999145013,0.0019383479,464.8614501384,20.1092948067,1.1036911961,6096981.0428580921,1848.6556167571,1743.0696296920,False,
TOI_3505.01_50.000s_R-0216_aligned.fits,216,2459782.7603768315,3.8914084956,0.9991343264,0.9990361489,0.0019577356,469.0343492483,19.6422005372,1.1049608929,6045557.1214424251,1850.8200833052,1743.1972812767,False,
TOI_3505.01_50.000s_R-0217_aligned.fits,217,2459782.7611298510,3.9094809629,0.9992744801,1.0000232170,0.0020619868,486.0479862661,19.7012153594,1.1062531369,5769862.1678766757,1846.7280713126,1743.6166555821,False,
TOI_3505.01_50.000s_R-0218_aligned.fits,218,2459782.7618830381,3.9275574535,1.0076157237,1.0054932018,0.0021600406,498.2442229753,20.7823343030,1.1075680953,5529336.2251967322,1854.1952357557,1742.9631371345,False,
TOI_3505.01_50.000s_R-0219_aligned.fits,219,2459782.7626361796,3.9456328489,0.9956873195,0.9981294143,0.0020757632,489.4177368528,20.0365839425,1.1089055220,5734621.6304301042,1850.5559177131,1743.6260914836,False,
TOI_3505.01_50.000s_R-0220_aligned.fits,220,2459782.7633886291,3.9636916369,1.0035194510,1.0045896913,0.0019420985,468.7808724329,20.4466733770,1.1102643564,6110817.8606670564,1853.2496519996,1743.4667481365,False,
TOI_3505.01_50.000s_R-0221_aligned.fits,221,2459782.7641416239,3.9817635119,1.0000796508,1.0012336076,0.0019120636,465.9892712034,20.0298124594,1.1116469519,6205223.0988770276,1849.0652733825,1743.4400840871,False,
TOI_3505.01_50.000s_R-0222_aligned.fits,222,2459782.7648947048,3.9998374544,1.0014804982,1.0023956760,0.0019155586,467.2366104458,21.1653730624,1.1130526189,6200445.1032517841,1850.4648506356,1743.4037869158,False,
TOI_3505.01_50.000s_R-0223_aligned.fits,223,2459782.7656475282,4.0179052167,0.9981025159,0.9999496719,0.0019228188,469.6627462310,22.1510245060,1.1144808372,6178439.5324593782,1848.5170395883,1742.8338966941,False,
TOI_3505.01_50.000s_R-0224_aligned.fits,224,2459782.7664007670,4.0359829478,0.9982716140,0.9988258522,0.0019239761,472.0105525339,21.3809804539,1.1159330256,6187169.7602035571,1846.5440693525,1742.7370076459,False,
TOI_3505.01_50.000s_R-0225_aligned.fits,225,2459782.7671540114,4.0540608130,0.9989985532,0.9999409132,0.0019311392,474.0612183411,21.2149354682,1.1174085432,6171698.4503749683,1848.6655369802,1743.0842078286,False,
TOI_3505.01_50.000s_R-0226_aligned.fits,226,2459782.7679064879,4.0721202493,1.0002104512,1.0014691852,0.0019334218,475.8217301103,20.9193056979,1.1189059787,6174575.4555524634,1847.3848207310,1744.0707669138,False,
TOI_3505.01_50.000s_R-0227_aligned.fits,227,2459782.7686598850,4.0902017802,0.9993727754,1.0002242890,0.0019414059,477.1447953420,21.4634566297,1.1204288367,6148563.8460860951,1846.8110423720,1744.0203769266,False,
TOI_3505.01_50.000s_R-0228_aligned.fits,228,2459782.7694134377,4.1082870439,0.9999704853,1.0002037923,0.0019437624,479.1024640003,21.9798189381,1.1219757639,6149227.1089948621,1844.8363128987,1743.4329240483,False,
TOI_3505.01_50.000s_R-0229_aligned.fits,229,2459782.7701664320,4.1263589077,1.0011113726,1.0021188328,0.0019599191,481.5200271671,22.4456685963,1.1235454215,6105183.6568423845,1845.4802785917,1744.2701639486,False,
TOI_3505.01_50.000s_R-0230_aligned.fits,230,2459782.7709195474,4.1444336772,1.0067575751,1.0076157268,0.0019739616,484.6457402341,21.8236751330,1.1251393500,6082186.4444490662,1848.1818171873,1743.6325676312,False,
TOI_3505.01_50.000s_R-0231_aligned.fits,231,2459782.7716841977,4.1627852842,1.0011178539,1.0018665666,0.0020195201,493.1801627151,22.4939787807,1.1267824228,5951411.4180475418,1848.7309964034,1742.1516362883,False,
TOI_3505.01_50.000s_R-0232_aligned.fits,232,2459782.7724372265,4.1808579750,1.0035837244,1.0041660351,0.0020300998,497.2454972929,22.2580130880,1.1284250296,5938639.5359767508,1848.3095344794,1742.2415896929,False,
TOI_3505.01_50.000s_R-0233_aligned.fits,233,2459782.7731901570,4.1989283077,0.9996158917,1.0006104851,0.0020350294,499.3050895806,22.4766736834,1.1300918942,5925875.2312140288,1847.4460403097,1742.6722891664,False,
TOI_3505.01_50.000s_R-0234_aligned.fits,234,2459782.7739435956,4.2170108333,1.0004610991,1.0005183989,0.0025413023,502.2780670871,24.7828019718,1.1317845349,4591115.7549477741,1847.4135264001,1744.0749302541,False,
TOI_3505.01_50.000s_R-0235_aligned.fits,235,2459782.7746966756,4.2350847535,0.9998689754,1.0009976604,0.0021925211,521.7481598936,21.0671181954,1.1335011752,5531523.9731393196,1847.9491139476,1742.1311866387,False,
TOI_3505.01_50.000s_R-0236_aligned.fits,236,2459782.7754508555,4.2531850711,0.9999882680,1.0021224627,0.0021143111,513.3266428218,23.8526323427,1.1352453387,5732946.0093009779,1845.3239049304,1743.7245805417,False,
TOI_3505.01_50.000s_R-0237_aligned.fits,237,2459782.7762046782,4.2712768167,1.0012203790,1.0018236549,0.0021221945,517.9620802531,22.0118007940,1.1370138620,5730025.0530863283,1847.4754333054,1744.4591077280,False,
TOI_3505.01_50.000s_R-0238_aligned.fits,238,2459782.7769582062,4.2893614881,1.0024404483,1.0052811782,0.0022837744,538.8559543806,21.7910623965,1.1388070269,5353085.5912304018,1848.7092153109,1743.0425854892,False,
TOI_3505.01_50.000s_R-0239_aligned.fits,239,2459782.7777132667,4.3074829392,0.9950040015,0.9988447670,0.0024414695,565.3825186032,20.9252764087,1.1406294201,5052952.6681220103,1849.7349790121,1743.8737094854,False,
TOI_3505.01_50.000s_R-0240_aligned.fits,240,2459782.7784713698,4.3256774135,0.9962953436,0.9980490152,0.0023137658,554.0847948452,21.0241379672,1.1424850956,5324734.3526387140,1843.9210367610,1743.2412451352,False,
TOI_3505.01_50.000s_R-0241_aligned.fits,241,2459782.7792286621,4.3438524306,0.9960800866,0.9997327461,0.0027059173,599.9388269119,20.8717556947,1.1443649199,4617216.9687967086,1848.4302366209,1744.1380057736,False,
TOI_3505.01_50.000s_R-0242_aligned.fits,242,2459782.7799883364,4.3620846123,1.0002011738,1.0036842617,0.0033598040,651.3569567249,21.5505594011,1.1462770835,3771402.5118961786,1848.4245926531,1742.7769051568,False,
TOI_3505.01_50.000s_R-0243_aligned.fits,243,2459782.7807455729,4.3802582882,0.9970249984,1.0027032090,0.0038385139,684.6358451166,22.6375665995,1.1482096432,3334370.4902247381,1848.7127905259,1742.9729884348,False,
TOI_3505.01_50.000s_R-0244_aligned.fits,244,2459782.7814999372,4.3983630314,0.9821363749,0.9831281006,0.0040458945,693.5615608510,22.0757334543,1.1501614000,3156007.2737263283,1849.1310722395,1743.6507230820,True,unusual target brightness
TOI_3505.01_50.000s_R-0245_aligned.fits,245,2459782.7822548579,4.4164811298,1.0066732900,1.0033952231,0.0038568179,691.4232775818,31.4580106876,1.1521412984,3332407.5890394859,1849.7012048456,1756.0696959365,True,large star width
TOI_3505.01_50.000s_R-0246_aligned.fits,246,2459782.7830085154,4.4345689081,1.0006646567,1.0050724271,0.0033016728,659.0538249474,20.2113696847,1.1541447230,3864792.8642816897,1853.5460407646,1742.3630608827,False,
TOI_3505.01_50.000s_R-0247_aligned.fits,247,2459782.7837648145,4.4527200870,0.9901282195,0.9859955115,0.0030116530,628.3797977869,20.2393495878,1.1561823274,4164078.1070284662,1851.1858434562,1743.2234852813,False,
TOI_3505.01_50.000s_R-0248_aligned.fits,248,2459782.7845243327,4.4709485248,0.9979153569,0.9995133365,0.0025119328,580.6556530487,20.4026002968,1.1582561920,4948682.8229200030,1850.4249092411,1743.8253000529,False,
TOI_3505.01_50.000s_R-0249_aligned.fits,249,2459782.7852845681,4.4891941734,0.9907528240,0.9924020464,0.0022410033,552.2221831341,20.9859676947,1.1603599082,5510401.3841474671,1846.2794286497,1745.2032824743,False,
TOI_3505.01_50.000s_R-0250_aligned.fits,250,2459782.7860405776,4.5073384009,0.9954184617,1.0012124614,0.0025588033,580.8243665526,21.3306439661,1.1624798203,4851452.9170499574,1853.2303644805,1744.7995288674,False,
TOI_3505.01_50.000s_R-0251_aligned.fits,251,2459782.7868010262,4.5255891681,0.9914931519,0.9946092967,0.0030378665,617.1843217642,21.2354093130,1.1646404530,4102828.9417172507,1850.2272532093,1743.5467046598,False,
TOI_3505.01_50.000s_R-0252_aligned.fits,252,2459782.7875607163,4.5438217297,0.9992185188,1.0010379877,0.0031029538,624.2748727542,21.1478875719,1.1668274681,4033408.8220703877,1851.7371248698,1743.5176842228,False,
TOI_3505.01_50.000s_R-0253_aligned.fits,253,2459782.7883201572,4.5620483123,0.9881894720,0.9908660546,0.0031575949,593.4855280406,24.4544300726,1.1690425000,3859065.4042115682,1849.3622860549,1744.4919748309,False,
TOI_3505.01_50.000s_R-0254_aligned.fits,254,2459782.7890817099,4.5803255774,0.9948332106,0.9918771374,0.0025203780,567.7477693109,21.4982739676,1.1712927699,4869980.5356945954,1846.7686014996,1742.1132137531,False,
TOI_3505.01_50.000s_R-0255_aligned.fits,255,2459782.7898395183,4.5985129774,1.0016510901,1.0027585248,0.0027178119,578.0814991793,22.6953705653,1.1735611163,4522819.9712515911,1850.2623792495,1743.5330067844,False,
TOI_3505.01_50.000s_R-0256_aligned.fits,256,2459782.7905998630,4.6167612523,1.0031836519,1.0034873304,0.0022743470,540.5940572382,20.8729388479,1.1758665063,5384579.7936555920,1846.8338854036,1744.3857456737,False,
TOI_3505.01_50.000s_R-0257_aligned.fits,257,2459782.7913538311,4.6348564848,1.0036700682,1.0057024727,0.0021703602,528.0194655349,23.3617426731,1.1781819293,5633338.2867674027,1846.2014175782,1743.3513417315,False,
TOI_3505.01_50.000s_R-0258_aligned.fits,258,2459782.7921076119,4.6529472247,0.9989329445,1.0012602011,0.0021953956,532.5746754674,22.2455876007,1.1805262542,5570006.7825371828,1844.7014567988,1743.6838367603,False,
TOI_3505.01_50.000s_R-0259_aligned.fits,259,2459782.7928616721,4.6710446700,0.9979358049,1.0015108212,0.0022713347,542.8607587730,21.9404681970,1.1829011809,5399407.5958370790,1847.6775429739,1742.1986519648,False,
TOI_3505.01_50.000s_R-0260_aligned.fits,260,2459782.7936161715,4.6891526543,0.9978436477,0.9983732595,0.0026027171,583.7874517089,21.3562410924,1.1853075024,4764038.9473546986,1847.2166895462,1743.2802584427,False,
TOI_3505.01_50.000s_R-0261_aligned.fits,261,2459782.7943770611,4.7074140050,0.9928257019,0.9984550245,0.0032904742,646.1293484026,21.9474654914,1.1877648679,3839406.2436945480,1849.3828159931,1744.9464797672,False,
TOI_3505.01_50.000s_R-0262_aligned.fits,262,2459782.7951350249,4.7256051376,0.9930235748,0.9888943710,0.0034615639,658.4508942874,22.9035443885,1.1902436600,3653002.4783027964,1851.9279267326,1743.4213533489,False,
TOI_3505.01_50.000s_R-0263_aligned.fits,263,2459782.7958915341,4.7437613569,0.9839091183,0.9861756289,0.0045990409,726.7586030259,20.9265255205,1.1927486874,2811147.2346658162,1854.6967046724,1745.4678067513,False,
TOI_3505.01_50.000s_R-0264_aligned.fits,264,2459782.7966453354,4.7618525885,0.9819488730,0.9868986252,0.0044279070,720.7414874912,21.6621069313,1.1952758110,2916754.0693327738,1849.1517368917,1745.8829408569,False,
TOI_3505.01_50.000s_R-0265_aligned.fits,265,2459782.7973991074,4.7799431160,0.9898412299,0.9946964398,0.0044475687,731.9837909014,23.0696673394,1.1978341152,2928865.3686310053,1848.0548367473,1744.1149763378,False,
TOI_3505.01_50.000s_R-0266_aligned.fits,266,2459782.7981529119,4.7980344258,0.9969229534,0.9976461219,0.0078844668,865.2623595554,22.4445427363,1.2004240839,1739452.9696372431,1846.2102416661,1745.8390670384,True,low comparison-star counts
TOI_3505.01_50.000s_R-0267_aligned.fits,267,2459782.7989072786,4.8161392249,1.0014599480,1.0066126433,0.0057639081,795.6323556843,23.0116319201,1.2030478536,2320565.8230829677,1848.4147025388,1748.3044135246,True,low comparison-star counts
TOI_3505.01_50.000s_R-0268_aligned.fits,268,2459782.7996603507,4.8342129551,1.0099324124,1.0190439074,0.0065470550,809.9207963994,22.6927700817,1.2056992047,2052814.7508746549,1850.2027505703,1741.1885406164,True,unusual target brightness; low comparison-star counts
TOI_3505.01_50.000s_R-0269_aligned.fits,269,2459782.8004136644,4.8522924855,0.9767447984,0.9711411178,0.0058201045,799.4904108234,20.8298616767,1.2083837654,2285987.0609163963,1847.3700879023,1739.7431842881,True,unusual target brightness; low comparison-star counts
TOI_3505.01_50.000s_R-0270_aligned.fits,270,2459782.8011668329,4.8703685291,0.9979420061,1.0054626872,0.0096063635,896.7850730192,21.7627865612,1.2111004597,1445564.5714058285,1850.3718339850,1737.9808909582,True,low comparison-star counts
TOI_3505.01_50.000s_R-0271_aligned.fits,271,2459782.8019205416,4.8884575367,0.9900488251,0.9867813724,0.0068809487,826.6328611750,22.8129962698,1.2138520829,1956047.7870798102,1845.5805381960,1740.6426691020,True,low comparison-star counts
TOI_3505.01_50.000s_R-0272_aligned.fits,272,2459782.8026749203,4.9065626264,0.9957246947,0.9960189534,0.0051486573,766.0812126965,22.3663729077,1.2166394932,2563935.9621542278,1848.0088738197,1745.4381872386,True,low comparison-star counts
TOI_3505.01_50.000s_R-0273_aligned.fits,273,2459782.8034281861,4.9246410057,0.9963054179,0.9948142390,0.0058942648,793.7472568908,23.6809442394,1.2194563823,2259074.7274364592,1848.9947208986,1741.8129018097,True,low comparison-star counts
TOI_3505.01_50.000s_R-0274_aligned.fits,274,2459782.8041823604,4.9427411892,0.9778594470,0.9784959687,0.0054756486,783.3825479772,21.0449165250,1.2223106106,2419114.8332959362,1853.3701970038,1743.3488708883,True,unusual target brightness; low comparison-star counts
TOI_3505.01_50.000s_R-0275_aligned.fits,275,2459782.8049353827,4.9608137235,1.0000000000,0.9977296813,0.0065878170,830.9680611772,22.3844283887,1.2251946809,2056770.1842492218,1851.2282565294,1741.7696318330,True,low comparison-star counts
TOI_3505.01_50.000s_R-0276_aligned.fits,276,2459782.8056891970,4.9789052680,0.9991766517,0.9996339037,0.0080484615,876.2952421922,22.4746083572,1.2281163434,1714516.1353504681,1849.8978580922,1745.3929545150,True,low comparison-star counts
TOI_3505.01_50.000s_R-0277_aligned.fits,277,2459782.8064434510,4.9970073625,0.9871532380,0.9851368481,0.0077383978,873.1153985535,22.9590117917,1.2310746461,1777729.4912162879,1848.0464831055,1745.9373472398,True,low comparison-star counts
TOI_3505.01_50.000s_R-0278_aligned.fits,278,2459782.8071970316,5.0150932968,0.9825675059,0.9824809623,0.0048152366,763.6592006940,23.0274725460,1.2340655442,2741089.8219116926,1848.7138233492,1742.4169386194,True,unusual target brightness
TOI_3505.01_50.000s_R-0279_aligned.fits,279,2459782.8079504250,5.0331747383,0.9915380843,0.9922488083,0.0053149079,779.4501709388,25.8097527063,1.2370912488,2498652.0101738507,1850.3222585138,1742.8973048802,True,low comparison-star counts
TOI_3505.01_50.000s_R-0280_aligned.fits,280,2459782.8087046882,5.0512770563,0.9925490023,0.9960776970,0.0050902892,775.8379106529,25.2744744469,1.2401564019,2612263.5097166896,1852.6440770093,1743.3890485515,True,low comparison-star counts
TOI_3505.01_50.000s_R-0281_aligned.fits,281,2459782.8094587056,5.0693734735,0.9932364555,0.9951477071,0.0061870496,826.4792674197,24.4732461808,1.2432568683,2190047.4474248691,1853.3289294899,1743.8780234645,True,low comparison-star counts
