ID,GAIA,ra,dec,dstArcSec,Tmag,delta_tmag,flux_ratio_to_target,eclipse_fraction_needed_simple,screening_verdict
390988385,1.8245613778917194e+18,297.04346734277,18.6989063168931,0.0404539033979641,10.9372,0.0,1.0,0.00291,bright enough to mimic the catalog depth in simple full-throughput arithmetic
1845606917,1.8245613821994957e+18,297.041951559033,18.6982800902179,5.677183358408272,20.1042,9.166999999999998,0.00021537733556621793,13.511170951900452,too faint to mimic the catalog depth even in a total eclipse under the simple screen
1845606910,1.824561382199064e+18,297.043938044743,18.700436264738,5.702144630098885,19.5623,8.6251,0.00035478071121764306,8.202249750310797,too faint to mimic the catalog depth even in a total eclipse under the simple screen
1845606914,1.8245613821994885e+18,297.045347126143,18.6988892237034,6.381124496748039,18.7395,7.802299999999999,0.0007569723216336029,3.844262091010147,too faint to mimic the catalog depth even in a total eclipse under the simple screen
1845606911,1.824561382199064e+18,297.044296455521,18.7005972945904,6.674515597050313,18.4827,7.5455000000000005,0.0009589589129147383,3.0345408555149747,too faint to mimic the catalog depth even in a total eclipse under the simple screen
1845606912,1.824561382199064e+18,297.044633903187,18.700524852659,7.015634166554065,17.6657,6.7285,0.0020351667563669085,1.4298582614403577,too faint to mimic the catalog depth even in a total eclipse under the simple screen
1845606419,1.824561176040633e+18,297.043605510731,18.6968835378833,7.322992600427026,17.7327,6.7955000000000005,0.0019133745805423,1.520873136704487,too faint to mimic the catalog depth even in a total eclipse under the simple screen
1845606916,1.8245613821994929e+18,297.042465063847,18.6970350614914,7.591964257968216,19.6464,8.7092,0.00032833713174474353,8.862841630298146,too faint to mimic the catalog depth even in a total eclipse under the simple screen
1845606880,1.8245613821985912e+18,297.041683179669,18.697334739428,8.348535715278048,18.726,7.788799999999998,0.0007664432433341239,3.7967586319126987,too faint to mimic the catalog depth even in a total eclipse under the simple screen
390988375,1.824561377897561e+18,297.045437934591,18.7003365530501,8.425224133951067,16.9521,6.014900000000001,0.003926811010000651,0.7410593462707841,bright enough to mimic the catalog depth in simple full-throughput arithmetic
1845606879,1.824561382198591e+18,297.041381696127,18.6973752051444,9.038240523039834,20.1476,9.2104,0.00020693788210048557,14.062190887731965,too faint to mimic the catalog depth even in a total eclipse under the simple screen
1845606408,1.8245611760401441e+18,297.045809696357,18.6970325764228,10.450042348848898,18.4759,7.538699999999999,0.0009649837499263005,3.015594822422914,too faint to mimic the catalog depth even in a total eclipse under the simple screen
1845606443,1.8245611760415675e+18,297.044966589358,18.6962304184124,10.916452169246496,20.5927,9.6555,0.00013734093509770002,21.188147568166166,too faint to mimic the catalog depth even in a total eclipse under the simple screen
1845606885,1.8245613821986033e+18,297.040239361493,18.6992463923986,11.101536767504893,19.333,8.395799999999998,0.00043820769542885667,6.64068666606162,too faint to mimic the catalog depth even in a total eclipse under the simple screen
1845606915,1.8245613821994926e+18,297.043680979744,18.7020888433028,11.450788788798324,19.9202,8.983,0.00025515260109096674,11.404939583439832,too faint to mimic the catalog depth even in a total eclipse under the simple screen
390988378,1.8245613778927089e+18,297.040173048187,18.7000526520513,11.985709528943614,14.9568,4.019599999999999,0.024669480270775836,0.11795951791685162,bright enough to mimic the catalog depth in simple full-throughput arithmetic
1845606937,1.8245613822000973e+18,297.03975881451,18.6994965872269,12.847843469893776,20.5403,9.603099999999998,0.00014413186292930438,20.189845193545672,too faint to mimic the catalog depth even in a total eclipse under the simple screen
1845606440,1.8245611760414164e+18,297.043553668504,18.695276778044,13.09667732094386,20.6201,9.6829,0.00013391832231998013,21.72966289890445,too faint to mimic the catalog depth even in a total eclipse under the simple screen
1845606439,1.8245611760414147e+18,297.045500611795,18.6956840759548,13.522889525877188,20.8698,9.9326,0.00010640450115437353,27.348467108342724,too faint to mimic the catalog depth even in a total eclipse under the simple screen
1845606430,1.8245611760410506e+18,297.047234353138,18.6966707613062,15.148130763292484,19.1127,8.1755,0.0005367845410255124,5.421169533758412,too faint to mimic the catalog depth even in a total eclipse under the simple screen
1845606884,1.8245613821986022e+18,297.042937287821,18.7030972349816,15.171269254286372,17.5434,6.606199999999998,0.0022778231370740054,1.2775355349748805,too faint to mimic the catalog depth even in a total eclipse under the simple screen
390988357,1.8245613778927027e+18,297.045746077129,18.7026192885245,15.42239953456375,17.3108,6.3736,0.002822019432552989,1.0311764569840038,too faint to mimic the catalog depth even in a total eclipse under the simple screen
1845606919,1.8245613821994982e+18,297.041419884839,18.7028360477748,15.764326309678848,19.73,8.7928,0.00030400449141637615,9.57222699718062,too faint to mimic the catalog depth even in a total eclipse under the simple screen
1845606386,1.8245611717611958e+18,297.048131139345,18.6993821008397,15.963102164864791,18.0862,7.149000000000001,0.001381656231167327,2.106167897886881,too faint to mimic the catalog depth even in a total eclipse under the simple screen
1845606931,1.8245613821998464e+18,297.045231032606,18.7031088060357,16.243895841603525,20.8052,9.867999999999999,0.0001129275744209417,25.768728452033045,too faint to mimic the catalog depth even in a total eclipse under the simple screen
1845606941,1.8245613822396605e+18,297.038699385053,18.6992029539578,16.32132539288657,19.7222,8.785,0.00030619634336906756,9.503705916214976,too faint to mimic the catalog depth even in a total eclipse under the simple screen
1845606920,1.8245613821994982e+18,297.041786401419,18.7031758094065,16.388615742328245,20.3899,9.4527,0.00016554649874608933,17.578142830210368,too faint to mimic the catalog depth even in a total eclipse under the simple screen
1845606378,1.8245611717611336e+18,297.043685576868,18.6943570157945,16.420702288748938,18.3021,7.364899999999999,0.0011325046659666305,2.5695258372434324,too faint to mimic the catalog depth even in a total eclipse under the simple screen
1845606882,1.8245613821985981e+18,297.039505684002,18.6961864547389,16.724686566161072,18.8312,7.893999999999998,0.0006956647535283527,4.183049357094386,too faint to mimic the catalog depth even in a total eclipse under the simple screen
1845606881,1.824561382198595e+18,297.044725770371,18.7034855168982,17.00028038175089,19.3111,8.373899999999999,0.0004471363733484771,6.50808159087537,too faint to mimic the catalog depth even in a total eclipse under the simple screen
1845606921,1.8245613821994988e+18,297.039936465009,18.6953471938372,17.62271768164622,20.412,9.474799999999998,0.00016221088733366792,17.93960965156505,too faint to mimic the catalog depth even in a total eclipse under the simple screen
390988347,1.8245613778927086e+18,297.04242199477,18.7037282921783,17.700188305219594,14.1089,3.1716999999999995,0.05386665405020958,0.05402228988062937,bright enough to mimic the catalog depth in simple full-throughput arithmetic
1845606913,1.8245613821990646e+18,297.047499483922,18.7020630168873,17.79747480326571,19.7559,8.8187,0.0002968383439424834,9.80331570830975,too faint to mimic the catalog depth even in a total eclipse under the simple screen
1845606382,1.8245611717611648e+18,297.045987046392,18.6944401862666,18.24047248804568,17.9807,7.043499999999998,0.0015226496955679395,1.9111421415380685,too faint to mimic the catalog depth even in a total eclipse under the simple screen
1845606409,1.824561176040145e+18,297.048253886057,18.7012273774365,18.297536678163695,19.5464,8.609199999999998,0.00036001450594230403,8.083007634326703,too faint to mimic the catalog depth even in a total eclipse under the simple screen
1845606429,1.8245611760410473e+18,297.04881206563,18.699622315849,18.373636494167485,20.7733,9.836099999999998,0.00011629472069995441,25.02263200328698,too faint to mimic the catalog depth even in a total eclipse under the simple screen
1845606890,1.824561382198617e+18,297.039252801393,18.7024120590594,19.13031629551853,19.9321,8.994899999999998,0.0002523713204352665,11.530628737770611,too faint to mimic the catalog depth even in a total eclipse under the simple screen
1845606870,1.824561377892687e+18,297.037869309457,18.6985971073033,19.152720147255724,17.4376,6.500399999999999,0.002510961188795655,1.1589187491168425,too faint to mimic the catalog depth even in a total eclipse under the simple screen
1845606436,1.824561176041411e+18,297.048989897545,18.6977116271186,19.294152051827783,20.398,9.460799999999999,0.00016431605516203262,17.70977277375871,too faint to mimic the catalog depth even in a total eclipse under the simple screen
1845606940,1.8245613822396575e+18,297.038726217828,18.6956703262815,19.96733114155299,19.3963,8.4591,0.00041339003166469937,7.039356968240348,too faint to mimic the catalog depth even in a total eclipse under the simple screen
390988410,1.8245611760812165e+18,297.048836998294,18.6966698522315,19.9866091504305,16.6888,5.7516,0.005004492007616596,0.5814775996387086,bright enough to mimic the catalog depth in simple full-throughput arithmetic
1845606883,1.8245613821985997e+18,297.038855825323,18.6953983331765,20.208912402890327,20.6066,9.6694,0.00013559385246647283,21.461149949401513,too faint to mimic the catalog depth even in a total eclipse under the simple screen
1845610040,1.8245628553883694e+18,297.047792243368,18.7028663648703,20.471293466458025,18.2228,7.285599999999999,0.001218316146476835,2.388542586762253,too faint to mimic the catalog depth even in a total eclipse under the simple screen
1845606878,1.824561377919512e+18,297.040156973044,18.7036772451198,20.545857791819827,18.3356,7.398399999999999,0.0010980952172992785,2.6500434153215138,too faint to mimic the catalog depth even in a total eclipse under the simple screen
1845606387,1.8245611717612027e+18,297.049510654525,18.6986754729417,20.595967360922412,20.0787,9.1415,0.0002204956367969631,13.197540061437076,too faint to mimic the catalog depth even in a total eclipse under the simple screen
390988435,1.8245611717611185e+18,297.042863789067,18.6932151858678,20.62167655279839,16.6913,5.7540999999999976,0.004992981995398547,0.5828180439428401,bright enough to mimic the catalog depth in simple full-throughput arithmetic
1845610086,1.8245628596682365e+18,297.047117285913,18.7035924089744,20.92444775855946,19.4983,8.5611,0.0003763223395290793,7.732732538922626,too faint to mimic the catalog depth even in a total eclipse under the simple screen
1845606411,1.8245611760401472e+18,297.042292280803,18.6929909964784,21.701518364105247,19.2527,8.3155,0.0004718456982481569,6.1672703826782564,too faint to mimic the catalog depth even in a total eclipse under the simple screen
1845606447,1.82456117608122e+18,297.042728406635,18.6928104658163,22.120117748650102,20.325,9.387799999999999,0.0001757437948813928,16.558194853843467,too faint to mimic the catalog depth even in a total eclipse under the simple screen
390988422,1.8245611717342464e+18,297.048855820112,18.6954206991198,22.24188577974649,17.3869,6.4497,0.0026309948622158484,1.1060454894044038,too faint to mimic the catalog depth even in a total eclipse under the simple screen
1845606932,1.8245613821998556e+18,297.037513879064,18.7015742798593,22.473321992828517,20.0196,9.0824,0.00023283056926689535,12.498358824455932,too faint to mimic the catalog depth even in a total eclipse under the simple screen
1845606887,1.824561382198616e+18,297.040991762693,18.7047940650334,22.800281075366012,19.1133,8.176099999999998,0.0005364879848747973,5.424166210691784,too faint to mimic the catalog depth even in a total eclipse under the simple screen
1845606944,1.824561382239664e+18,297.03686977241,18.700178177593,22.982128871818254,18.6272,7.689999999999998,0.000839459986519399,3.466514243359654,too faint to mimic the catalog depth even in a total eclipse under the simple screen
1845606427,1.8245611760410445e+18,297.048622064545,18.6945862424771,23.46642920586775,19.9758,9.038599999999999,0.00024241528505140048,12.00419354490365,too faint to mimic the catalog depth even in a total eclipse under the simple screen
1845610057,1.8245628596673326e+18,297.048285787351,18.7035828256262,23.483942456089327,20.0362,9.099,0.00022929785918248207,12.690916567538187,too faint to mimic the catalog depth even in a total eclipse under the simple screen
390988436,1.8245611760401554e+18,297.040452736427,18.6928869551998,24.022077622878975,15.6386,4.7014,0.013165580109455753,0.2210308984341667,bright enough to mimic the catalog depth in simple full-throughput arithmetic
390988374,1.8245626492030144e+18,297.050494791309,18.7004974563993,24.603306739452496,15.9991,5.0619,0.009445827277856882,0.3080725397998422,bright enough to mimic the catalog depth in simple full-throughput arithmetic
1845606893,1.8245613821986304e+18,297.037183767641,18.7024099152033,24.87481364292888,18.7791,7.841899999999999,0.0007298607347767406,3.9870619987389087,too faint to mimic the catalog depth even in a total eclipse under the simple screen
1845606374,1.8245611717342787e+18,297.041254615289,18.6922977386424,24.994076552257766,18.0548,7.1175999999999995,0.0014221977918329664,2.046128897619447,too faint to mimic the catalog depth even in a total eclipse under the simple screen
1845606886,1.824561382198611e+18,297.036729944204,18.6961510319539,25.062421087249184,19.3945,8.4573,0.00041407594340249,7.0276963594850095,too faint to mimic the catalog depth even in a total eclipse under the simple screen
1845606922,1.824561382199507e+18,297.037079272411,18.6954625380115,25.103605435817705,19.4718,8.534600000000001,0.0003856203993044069,7.546281278814972,too faint to mimic the catalog depth even in a total eclipse under the simple screen
1845606933,1.824561382199856e+18,297.036386852189,18.696810717296,25.33208305125858,20.7026,9.7654,0.0001241194950230861,23.445148559932047,too faint to mimic the catalog depth even in a total eclipse under the simple screen
1845606891,1.8245613821986202e+18,297.040630865629,18.7054175612508,25.34329110475503,19.0247,8.087499999999999,0.0005821032177708721,4.999113406628575,too faint to mimic the catalog depth even in a total eclipse under the simple screen
1845606888,1.8245613821986166e+18,297.041851713673,18.7057993869199,25.3986555977469,19.35,8.4128,0.0004313998601716753,6.745482019493393,too faint to mimic the catalog depth even in a total eclipse under the simple screen
1845606415,1.824561176040152e+18,297.040868969557,18.6922985368383,25.420852782178457,20.2968,9.3596,0.0001803682119518725,16.13366329082684,too faint to mimic the catalog depth even in a total eclipse under the simple screen
1845606441,1.8245611760414172e+18,297.042503032771,18.6918507520411,25.64324071582483,20.7449,9.8077,0.00011937681839834743,24.376592030536845,too faint to mimic the catalog depth even in a total eclipse under the simple screen
1845609652,1.8245626535097912e+18,297.050952930092,18.6997075468234,25.655661193601308,20.1171,9.1799,0.00021283350638592524,13.672659203966576,too faint to mimic the catalog depth even in a total eclipse under the simple screen
1845606889,1.8245613821986168e+18,297.041480785303,18.7057950178787,25.688966316049516,19.5263,8.589099999999998,0.0003667414519079014,7.934745267711866,too faint to mimic the catalog depth even in a total eclipse under the simple screen
1845606943,1.824561382239661e+18,297.036508900934,18.6959102030011,26.103101261881108,20.3353,9.3981,0.00017408445812572748,16.716024114561314,too faint to mimic the catalog depth even in a total eclipse under the simple screen
390988358,1.8245613822396657e+18,297.036661752855,18.7025175437528,26.612272211741452,15.3027,4.365499999999999,0.01793907311734206,0.16221573884922988,bright enough to mimic the catalog depth in simple full-throughput arithmetic
1845606418,1.8245611760406323e+18,297.049065851962,18.6937538808062,26.61629345540659,19.6733,8.7361,0.00032030225779850895,9.085168552981541,too faint to mimic the catalog depth even in a total eclipse under the simple screen
1845606424,1.8245611760410396e+18,297.050656049462,18.6959993783265,26.637625043540144,19.7065,8.769299999999998,0.00031065618170371704,9.36726893390894,too faint to mimic the catalog depth even in a total eclipse under the simple screen
1845606417,1.8245611760406318e+18,297.045608956811,18.6917326197951,26.85665052320912,19.7055,8.7683,0.00031094243842678796,9.358645332310164,too faint to mimic the catalog depth even in a total eclipse under the simple screen
390988400,1.8245613778926822e+18,297.035710030952,18.6975981281457,26.902251895806323,16.7168,5.7795999999999985,0.004877081353266233,0.5966683328034177,bright enough to mimic the catalog depth in simple full-throughput arithmetic
1845606918,1.8245613821994975e+18,297.042861493785,18.7063818645626,26.96584849441318,19.8879,8.950699999999998,0.00026285727419948687,11.070646642221327,too faint to mimic the catalog depth even in a total eclipse under the simple screen
1845606414,1.8245611760401503e+18,297.041152747352,18.6917253447299,27.06465332283112,18.1925,7.255299999999998,0.0012527949670713442,2.3228062663778895,too faint to mimic the catalog depth even in a total eclipse under the simple screen
1845606413,1.82456117604015e+18,297.040891422684,18.6917855748759,27.13362644498743,19.5765,8.639299999999999,0.00035017085776162666,8.310228951093745,too faint to mimic the catalog depth even in a total eclipse under the simple screen
1845606379,1.824561171761134e+18,297.043735506882,18.6913634950037,27.19621913015886,19.1021,8.1649,0.0005420508128274267,5.368500389882193,too faint to mimic the catalog depth even in a total eclipse under the simple screen
1845606406,1.8245611760401393e+18,297.043945432685,18.6913603543981,27.240200707301497,20.5028,9.5656,0.00014919696888016993,19.50441769589311,too faint to mimic the catalog depth even in a total eclipse under the simple screen
1845606892,1.8245613821986304e+18,297.03652398979,18.7026924972737,27.331341188427647,17.5445,6.607299999999999,0.00227551655780825,1.2788305099405106,too faint to mimic the catalog depth even in a total eclipse under the simple screen
1845610091,1.8245628596685937e+18,297.048287039993,18.704992004089,27.347802233506652,20.9218,9.9846,0.00010142849933122974,28.690161238578174,too faint to mimic the catalog depth even in a total eclipse under the simple screen
1845606384,1.8245611717611935e+18,297.048123218763,18.6927084315242,27.389992463563697,19.6688,8.7316,0.0003216325544706378,9.047591605860461,too faint to mimic the catalog depth even in a total eclipse under the simple screen
1845606412,1.82456117604015e+18,297.040434070959,18.6918506649485,27.462434845579892,19.6536,8.7164,0.00032616698564703705,8.921810385644205,too faint to mimic the catalog depth even in a total eclipse under the simple screen
1845606432,1.8245611760410598e+18,297.042935906985,18.6911280631602,28.089816051180765,20.2825,9.345299999999998,0.0001827595163164863,15.922563479325074,too faint to mimic the catalog depth even in a total eclipse under the simple screen
1845606894,1.8245613821986317e+18,297.038727010108,18.7053079387945,28.1437537331465,20.0592,9.122,0.00022449155075695898,12.962625943773045,too faint to mimic the catalog depth even in a total eclipse under the simple screen
1845610041,1.8245628553883704e+18,297.047761381383,18.705701686958,28.471653911135498,18.7927,7.855499999999999,0.0007207754733695284,4.037318287754911,too faint to mimic the catalog depth even in a total eclipse under the simple screen
1845606942,1.8245613822396605e+18,297.036208744735,18.6950072008154,28.494401432508766,16.528,5.590799999999998,0.00580336652098368,0.5014330887904612,bright enough to mimic the catalog depth in simple full-throughput arithmetic
1845606381,1.8245611717611594e+18,297.046071036548,18.6913704782823,28.562104448890196,19.9663,9.0291,0.00024454568268342036,11.899617151561724,too faint to mimic the catalog depth even in a total eclipse under the simple screen
1845606898,1.824561382198636e+18,297.036496087875,18.7033520906429,28.666323660642277,18.1251,7.187899999999999,0.0013330302351993633,2.1829962465665984,too faint to mimic the catalog depth even in a total eclipse under the simple screen
520558503,1.824561176081213e+18,297.050564936751,18.6946245280562,28.684720299819706,18.1015,7.164300000000001,0.0013623227213064334,2.136057744973513,too faint to mimic the catalog depth even in a total eclipse under the simple screen
1845610082,1.8245628596682258e+18,297.050206274216,18.70371510701,28.7302622819197,20.3012,9.364,0.00017963873990638893,16.199178426192603,too faint to mimic the catalog depth even in a total eclipse under the simple screen
390988325,1.8245613822396652e+18,297.039743639017,18.7061274184373,28.91936182097926,15.1972,4.26,0.01976969640111861,0.14719497664290615,bright enough to mimic the catalog depth in simple full-throughput arithmetic
1845606895,1.824561382198632e+18,297.038912187899,18.7057271836821,29.047858823885186,18.5411,7.603899999999999,0.000908740743219373,3.2022334441513163,too faint to mimic the catalog depth even in a total eclipse under the simple screen
1845606428,1.8245611760410447e+18,297.04796499968,18.6920511201973,29.06424601722996,20.7227,9.785499999999999,0.00012184283627084008,23.883226039908205,too faint to mimic the catalog depth even in a total eclipse under the simple screen
390988333,1.8245613778927296e+18,297.037755057686,18.7049231214225,29.129703143125028,17.483,6.5458,0.002408130398771091,1.2084063227992228,too faint to mimic the catalog depth even in a total eclipse under the simple screen
1845606405,1.8245611760401326e+18,297.0453003658,18.6909867768585,29.208233319263204,19.3724,8.435199999999998,0.00042259076300015154,6.886094668375315,too faint to mimic the catalog depth even in a total eclipse under the simple screen
390988426,1.8245611717612308e+18,297.050724822795,18.6945914414042,29.208951594755316,16.9634,6.026199999999999,0.0038861539394258017,0.7488123335716255,bright enough to mimic the catalog depth in simple full-throughput arithmetic
1845606416,1.8245611760401536e+18,297.040097559703,18.6913722042151,29.49361795351967,19.2153,8.278099999999998,0.0004883823946705128,5.9584457420158055,too faint to mimic the catalog depth even in a total eclipse under the simple screen
1845606939,1.8245613822001974e+18,297.034881457665,18.7000894193992,29.611013850750517,20.7869,9.849699999999999,0.00011484709118997534,25.338038341662457,too faint to mimic the catalog depth even in a total eclipse under the simple screen
1845606896,1.8245613821986355e+18,297.037774109545,18.7052282713946,29.912277160546036,20.2927,9.3555,0.00018105061317218128,16.072853601619983,too faint to mimic the catalog depth even in a total eclipse under the simple screen
1845606927,1.824561382199513e+18,297.036363896202,18.703932028094,30.240514571946505,19.6772,8.739999999999998,0.0003191537855100765,9.117861457758343,too faint to mimic the catalog depth even in a total eclipse under the simple screen
1845606448,1.824561176081418e+18,297.043471575825,18.6904568900364,30.445599606908136,20.2112,9.274000000000001,0.00019516413002858244,14.910526845142192,too faint to mimic the catalog depth even in a total eclipse under the simple screen
1845606899,1.824561382198636e+18,297.034683596482,18.7007494536433,30.701237952965,18.1511,7.213899999999999,0.0013014874960156327,2.235903156126094,too faint to mimic the catalog depth even in a total eclipse under the simple screen
1845606410,1.824561176040145e+18,297.041464825795,18.6905639346229,30.83266251339546,19.0353,8.098099999999999,0.0005764478185186137,5.048158578305098,too faint to mimic the catalog depth even in a total eclipse under the simple screen
1845606897,1.8245613821986358e+18,297.034310485838,18.6997735431408,31.406937093498936,18.4332,7.495999999999999,0.0010036909309200975,2.899298888087354,too faint to mimic the catalog depth even in a total eclipse under the simple screen
390988448,1.8245611760812242e+18,297.038055703469,18.6918293843894,31.498009548630215,16.496,5.558799999999998,0.0059769551915905515,0.48686997086648864,bright enough to mimic the catalog depth in simple full-throughput arithmetic
1845606423,1.8245611760410378e+18,297.051073831574,18.6938972276852,31.58234886652948,19.5913,8.6541,0.00034542995816573373,8.424283798233308,too faint to mimic the catalog depth even in a total eclipse under the simple screen
1845606928,1.8245613821995146e+18,297.03442354504,18.6970237926223,31.60997677635763,19.8649,8.927699999999998,0.0002684849832488256,10.838595011114942,too faint to mimic the catalog depth even in a total eclipse under the simple screen
1845606923,1.8245613821995095e+18,297.038656027348,18.7064627949639,31.75920037022988,20.2968,9.3596,0.0001803682119518725,16.13366329082684,too faint to mimic the catalog depth even in a total eclipse under the simple screen
1845606874,1.8245613779194301e+18,297.03434393873,18.7007188088338,31.810576755713537,20.357,9.419799999999999,0.0001706396689940529,17.053478931100237,too faint to mimic the catalog depth even in a total eclipse under the simple screen
1845606929,1.8245613821995167e+18,297.034587539997,18.7017294424507,31.959010927242993,20.0692,9.131999999999998,0.00022243339984851155,13.082567644885426,too faint to mimic the catalog depth even in a total eclipse under the simple screen
390988407,1.8245611717342464e+18,297.05260748511,18.6968236630337,32.03477045228765,17.1646,6.227399999999999,0.0032287914907042736,0.9012660025826759,bright enough to mimic the catalog depth in simple full-throughput arithmetic
1845606875,1.8245613779194486e+18,297.034849634726,18.6953201552316,32.13550814225217,18.5567,7.619499999999999,0.000895777191219215,3.2485756821283736,too faint to mimic the catalog depth even in a total eclipse under the simple screen
1845606924,1.8245613821995095e+18,297.03848646836,18.7065107274715,32.20861687195337,20.2113,9.2741,0.00019514615557568975,14.911900218661094,too faint to mimic the catalog depth even in a total eclipse under the simple screen
390988312,1.8245613822396662e+18,297.040166183121,18.7076256945463,33.331032617520606,15.7605,4.8233,0.011767386009646929,0.24729366382766535,bright enough to mimic the catalog depth in simple full-throughput arithmetic
1845606438,1.8245611760414141e+18,297.044880263001,18.689745371942,33.352617874333944,20.6467,9.709499999999998,0.0001306772540579989,22.268603828394234,too faint to mimic the catalog depth even in a total eclipse under the simple screen
1845606376,1.8245611717611064e+18,297.041843467195,18.6897583337085,33.42723376351834,19.5727,8.6355,0.0003513985782353995,8.281194575723669,too faint to mimic the catalog depth even in a total eclipse under the simple screen
1845609651,1.8245626535097902e+18,297.051974954345,18.7036036445001,33.53976893798156,20.1594,9.2222,0.0002047010168401861,14.215855128222891,too faint to mimic the catalog depth even in a total eclipse under the simple screen
1845610083,1.824562859668226e+18,297.05045897259,18.7055363545353,33.694916894575165,19.4439,8.506699999999999,0.0003956580443110057,7.354835929261693,too faint to mimic the catalog depth even in a total eclipse under the simple screen
1845606442,1.8245611760414208e+18,297.038969161705,18.6904679692234,34.06906692416739,20.632,9.6948,0.00013245855103910772,21.969136587798225,too faint to mimic the catalog depth even in a total eclipse under the simple screen
1845606945,1.8245613822396687e+18,297.033544259172,18.700239797577,34.20156130960115,19.1817,8.244499999999999,0.0005037325327855021,5.776875247482034,too faint to mimic the catalog depth even in a total eclipse under the simple screen
1845606868,1.824561347880112e+18,297.035083897845,18.6936883287653,34.247025341039674,20.4465,9.5093,0.00015713755810946024,18.518806293101022,too faint to mimic the catalog depth even in a total eclipse under the simple screen
1845609634,1.8245626535088666e+18,297.053527258151,18.6980610448019,34.41193740936928,18.8998,7.962599999999998,0.0006530703998706813,4.455874895840062,too faint to mimic the catalog depth even in a total eclipse under the simple screen
1845610064,1.8245628596673774e+18,297.041030857409,18.7081886763083,34.41410747306775,18.6969,7.759699999999999,0.0007872632885306326,3.696349166022075,too faint to mimic the catalog depth even in a total eclipse under the simple screen
1845610101,1.8245628597084063e+18,297.047076326116,18.7079039800035,34.61417980778801,18.7844,7.847200000000001,0.0007263066156462568,4.006572344671163,too faint to mimic the catalog depth even in a total eclipse under the simple screen
1845606437,1.8245611760414126e+18,297.045973086372,18.6895105043578,34.907118431067076,20.8019,9.8647,0.00011327133002508954,25.690525566844112,too faint to mimic the catalog depth even in a total eclipse under the simple screen
390988462,1.824561171761066e+18,297.039299077216,18.6899893534864,35.1444888036839,16.6701,5.732900000000001,0.0050914326119095585,0.5715483679766499,bright enough to mimic the catalog depth in simple full-throughput arithmetic
390988315,1.8245628553883884e+18,297.049050619342,18.7071437974884,35.20102841167518,16.7519,5.814699999999998,0.004721934951242402,0.6162727843665744,bright enough to mimic the catalog depth in simple full-throughput arithmetic
1845610089,1.824562859668246e+18,297.04381638654,18.7087006955342,35.25121726649259,19.4785,8.5413,0.0003832480907668253,7.5929928161612,too faint to mimic the catalog depth even in a total eclipse under the simple screen
1845606375,1.8245611717378744e+18,297.048567682704,18.6903864121622,35.269259474239355,19.7316,8.7944,0.00030355682377660955,9.586343551089128,too faint to mimic the catalog depth even in a total eclipse under the simple screen
1845609633,1.824562653508866e+18,297.053848119704,18.6985235978676,35.39666298877052,17.2419,6.3047,0.003006907026969692,0.9677718578923428,bright enough to mimic the catalog depth in simple full-throughput arithmetic
390988392,1.824562653508866e+18,297.053848119704,18.6985235978676,35.433983700514666,17.2419,6.3047,0.003006907026969692,0.9677718578923428,bright enough to mimic the catalog depth in simple full-throughput arithmetic
1845606426,1.824561176041042e+18,297.048918519777,18.6904800393544,35.58533154585314,20.3844,9.447199999999999,0.00016638723317752483,17.489322614645623,too faint to mimic the catalog depth even in a total eclipse under the simple screen
1845609661,1.8245626535499622e+18,297.054031537401,18.6981823362524,36.09048382547166,17.6559,6.718699999999998,0.0020536195969569787,1.417010240996917,too faint to mimic the catalog depth even in a total eclipse under the simple screen
1845609605,1.824562649230021e+18,297.053930282751,18.7007933853108,36.28504719134594,18.3666,7.429399999999998,0.00106718570692276,2.726798139370712,too faint to mimic the catalog depth even in a total eclipse under the simple screen
1845606820,1.8245613478388628e+18,297.035974637758,18.6917535087856,36.31571505101736,19.0221,8.084899999999998,0.0005834988440285021,4.987156409615535,too faint to mimic the catalog depth even in a total eclipse under the simple screen
1845606434,1.824561176041407e+18,297.053214780633,18.6947810795003,36.390069849485,20.813,9.875799999999998,0.0001121192025057719,25.95451925240186,too faint to mimic the catalog depth even in a total eclipse under the simple screen
1845606872,1.8245613779194086e+18,297.03287999407,18.7005929782543,36.63404975704173,18.2792,7.341999999999999,0.0011566447741656462,2.515897763078685,too faint to mimic the catalog depth even in a total eclipse under the simple screen
1845606350,1.824561141681331e+18,297.03834831889,18.6899703052762,36.63901620320967,20.0146,9.0774,0.00023390526634503058,12.440934081866704,too faint to mimic the catalog depth even in a total eclipse under the simple screen
390988472,1.824561176081216e+18,297.044418591289,18.6887394868792,36.76901281372086,16.7682,5.8309999999999995,0.004651574703021666,0.625594596623303,bright enough to mimic the catalog depth in simple full-throughput arithmetic
1845606876,1.8245613779194499e+18,297.036033166297,18.7063203538069,36.81059986494679,18.4677,7.5305,0.0009722993602579225,2.9929053941042008,too faint to mimic the catalog depth even in a total eclipse under the simple screen
1845606792,1.8245613435596754e+18,297.033550864054,18.6948105946962,36.928279782353435,18.33,7.392799999999998,0.0011037735938483207,2.636410235050331,too faint to mimic the catalog depth even in a total eclipse under the simple screen
1845609649,1.8245626535097884e+18,297.052719893873,18.7042596343712,36.93121928730678,19.8251,8.887899999999998,0.00027850949127134817,10.448476950341433,too faint to mimic the catalog depth even in a total eclipse under the simple screen
1845606865,1.824561347879924e+18,297.034102654511,18.6937287594958,37.01500766653081,18.6601,7.722899999999999,0.00081440419115305,3.573164322595102,too faint to mimic the catalog depth even in a total eclipse under the simple screen
390988304,1.8245628597084137e+18,297.042770774089,18.7091831024023,37.04689722222429,15.1023,4.165099999999999,0.021575456827000593,0.134875475561578,bright enough to mimic the catalog depth in simple full-throughput arithmetic
390988341,1.8245613822396718e+18,297.034223021164,18.7043480307755,37.12435520822838,14.8425,3.9052999999999987,0.027408167516358307,0.10617273111247563,bright enough to mimic the catalog depth in simple full-throughput arithmetic
1845606349,1.8245611416813268e+18,297.040114445523,18.689099736691,37.14442391310459,19.6523,8.7151,0.00032655775370656504,8.91113430004433,too faint to mimic the catalog depth even in a total eclipse under the simple screen
1845609650,1.8245626535097892e+18,297.052545667917,18.7046986698922,37.28461716560413,19.8809,8.9437,0.0002645574525128059,10.999501138071858,too faint to mimic the catalog depth even in a total eclipse under the simple screen
1845606403,1.8245611760401124e+18,297.05122017772,18.6915822940889,37.3367917931849,19.2345,8.2973,0.00047982182694337707,6.064751198455596,too faint to mimic the catalog depth even in a total eclipse under the simple screen
1845606407,1.8245611760401413e+18,297.041415500759,18.6886887109993,37.475645303859025,19.1899,8.2527,0.0004999424336947821,5.820670148948734,too faint to mimic the catalog depth even in a total eclipse under the simple screen
1845610047,1.824562855393758e+18,297.050525965091,18.7070113628674,37.784350294291706,19.969,9.0318,0.00024393830398565928,11.929245848044733,too faint to mimic the catalog depth even in a total eclipse under the simple screen
1845606444,1.8245611760416676e+18,297.045278966327,18.6885568543439,37.78923663296544,20.8501,9.9129,0.00010835276541394472,26.85672108951536,too faint to mimic the catalog depth even in a total eclipse under the simple screen
1845606818,1.8245613478388608e+18,297.036334245787,18.6908830506287,37.80182625535172,19.7637,8.8265,0.0002947134795608742,9.873996955741308,too faint to mimic the catalog depth even in a total eclipse under the simple screen
1845606404,1.8245611760401219e+18,297.046783384244,18.6888302134475,38.01331090300956,20.2175,9.2803,0.00019403496650900086,14.99729689115086,too faint to mimic the catalog depth even in a total eclipse under the simple screen
1845606817,1.8245613478388608e+18,297.03612515733,18.6909671281444,38.03688626511147,20.5493,9.612099999999998,0.000142942047948243,20.35790057417999,too faint to mimic the catalog depth even in a total eclipse under the simple screen
1845606903,1.824561382198653e+18,297.033504939744,18.7036543030118,38.04287161715676,17.6466,6.709399999999999,0.0020712856673352495,1.4049245093960279,too faint to mimic the catalog depth even in a total eclipse under the simple screen
1845606373,1.8245611717342126e+18,297.040637227614,18.6886816571047,38.0871886990001,17.8066,6.869399999999999,0.0017874750972075133,1.6279947085954671,too faint to mimic the catalog depth even in a total eclipse under the simple screen
1845606832,1.824561347839775e+18,297.034115492997,18.6931380257941,38.095086713586376,20.8191,9.881899999999998,0.00011149104856856495,26.100750126234605,too faint to mimic the catalog depth even in a total eclipse under the simple screen
1845606819,1.8245613478388608e+18,297.035945060233,18.6910899641662,38.11645285534999,17.986,7.0488,0.0015152350229404282,1.9204941516946492,too faint to mimic the catalog depth even in a total eclipse under the simple screen
520558498,1.8245628596673398e+18,297.048768563775,18.7082412691269,38.120714028395874,19.1718,8.2346,0.0005083466899078469,5.7244397529715885,too faint to mimic the catalog depth even in a total eclipse under the simple screen
1845606936,1.8245613822000963e+18,297.038146822193,18.708223749958,38.12452340459995,20.7099,9.7727,0.0001232877707844004,23.603314274283257,too faint to mimic the catalog depth even in a total eclipse under the simple screen
1845606900,1.824561382198636e+18,297.032430749158,18.6972360658812,38.14557357299461,18.6164,7.679199999999998,0.0008478519044115986,3.4322031770625236,too faint to mimic the catalog depth even in a total eclipse under the simple screen
1845606935,1.8245613821998602e+18,297.032585010612,18.7013572801981,38.16517571219915,20.1141,9.1769,0.00021342240030918888,13.634932395963265,too faint to mimic the catalog depth even in a total eclipse under the simple screen
390988305,1.8245628597084035e+18,297.04896442848,18.7081840874512,38.26172176621183,17.5947,6.657499999999999,0.0021727011788637454,1.3393466291217453,too faint to mimic the catalog depth even in a total eclipse under the simple screen
390988440,1.8245611760812099e+18,297.052532527656,18.6924301211318,38.711972459439025,16.8513,5.914099999999998,0.004308836351415667,0.6753563520795863,bright enough to mimic the catalog depth in simple full-throughput arithmetic
1845610107,1.8245628597085993e+18,297.041150469491,18.7094922587394,38.89857835499741,19.5671,8.6299,0.0003532157006621105,8.238591870477846,too faint to mimic the catalog depth even in a total eclipse under the simple screen
1845606367,1.8245611417214853e+18,297.037471155192,18.6895597530493,39.41231996329862,18.8968,7.959599999999998,0.0006548773953784736,4.443579852558848,too faint to mimic the catalog depth even in a total eclipse under the simple screen
1845610066,1.8245628596673853e+18,297.04045824655,18.7094848027591,39.421592059740625,19.9111,8.9739,0.0002573001266608109,11.309749582191788,too faint to mimic the catalog depth even in a total eclipse under the simple screen
1845606863,1.82456134787992e+18,297.035231481146,18.6911555672014,39.62975651746253,19.4122,8.474999999999998,0.0004073802778041135,7.143202944643425,too faint to mimic the catalog depth even in a total eclipse under the simple screen
390988463,1.824561137401296e+18,297.037008150407,18.6897268003209,39.75353688211307,17.2093,6.272099999999998,0.003098560640887402,0.9391457316022062,bright enough to mimic the catalog depth in simple full-throughput arithmetic
1845606901,1.8245613821986417e+18,297.031837633565,18.6982574419548,39.756982796715334,18.7918,7.854599999999998,0.0007213731939394845,4.033973017639075,too faint to mimic the catalog depth even in a total eclipse under the simple screen
1845609648,1.8245626535097805e+18,297.055187501032,18.6998132939439,40.06687475253358,20.337,9.399799999999999,0.0001738120972977474,16.7422178619423,too faint to mimic the catalog depth even in a total eclipse under the simple screen
1845606383,1.8245611717611822e+18,297.047091842995,18.6882652964788,40.26952838447749,19.7236,8.7864,0.0003058017736562008,9.515968351679941,too faint to mimic the catalog depth even in a total eclipse under the simple screen
1845606864,1.8245613478799224e+18,297.034153620645,18.6918736156654,40.65683745578194,18.3907,7.453499999999998,0.0010437584393235516,2.788001409488903,too faint to mimic the catalog depth even in a total eclipse under the simple screen
390988452,1.8245613478379284e+18,297.034713937059,18.6912390514114,40.696054944560046,15.8825,4.9453,0.01051671246169279,0.2767024401018568,bright enough to mimic the catalog depth in simple full-throughput arithmetic
1845606926,1.82456138219951e+18,297.038747146306,18.7093017561747,40.724244094363186,19.2492,8.311999999999998,0.00047336920334830235,6.147421461760871,too faint to mimic the catalog depth even in a total eclipse under the simple screen
1845610094,1.8245628596687424e+18,297.05210973183,18.7067372349346,40.74204372729648,20.5507,9.613499999999998,0.00014275785044217564,20.384167952841945,too faint to mimic the catalog depth even in a total eclipse under the simple screen
1845606902,1.8245613821986478e+18,297.031503289362,18.6996347023962,40.90896146721379,18.9719,8.0347,0.0006111108577495243,4.761820156029236,too faint to mimic the catalog depth even in a total eclipse under the simple screen
1845606449,1.824561176081476e+18,297.045563342431,18.6877189268315,40.92601582360489,20.8127,9.875499999999999,0.00011215018646668652,25.94734874439461,too faint to mimic the catalog depth even in a total eclipse under the simple screen
390988307,1.8245613778927324e+18,297.036477431373,18.7082140368583,41.114776424772096,15.958,5.0207999999999995,0.009810248308398965,0.29662857743454124,bright enough to mimic the catalog depth in simple full-throughput arithmetic
1845606905,1.824561382198658e+18,297.03438195279,18.7064519834616,41.20693530792699,20.1999,9.262699999999999,0.00019720594358819295,14.756147543284422,too faint to mimic the catalog depth even in a total eclipse under the simple screen
1845606390,1.8245611717612877e+18,297.054790612814,18.6948195516398,41.30278830735543,18.8794,7.9422,0.0006654570033662646,4.3729346678741745,too faint to mimic the catalog depth even in a total eclipse under the simple screen
1845606431,1.8245611760410588e+18,297.042848831179,18.6874265754548,41.409994167338745,19.7439,8.8067,0.00030013731979423196,9.695562024726003,too faint to mimic the catalog depth even in a total eclipse under the simple screen
1845606925,1.82456138219951e+18,297.03871940047,18.7095233433473,41.4948506063784,20.272,9.334799999999998,0.00018453553148841097,15.769320826882334,too faint to mimic the catalog depth even in a total eclipse under the simple screen
390988399,1.8245613822396692e+18,297.031250631888,18.6979992607067,41.81822071007513,14.865,3.9277999999999995,0.02684602560067695,0.1083959332858053,bright enough to mimic the catalog depth in simple full-throughput arithmetic
1845610075,1.824562859667815e+18,297.045317536214,18.7104023371926,41.83199741303429,19.3985,8.461299999999998,0.00041255323790053783,7.053635101275268,too faint to mimic the catalog depth even in a total eclipse under the simple screen
1845606858,1.8245613478796324e+18,297.034352755477,18.6911176567456,41.90021907910099,19.0383,8.101099999999999,0.000574857232821366,5.062126444365827,too faint to mimic the catalog depth even in a total eclipse under the simple screen
390988366,1.8245613822396728e+18,297.0314279684,18.7012175585834,41.91186524422457,16.3578,5.4206,0.006788283945105567,0.42867976995837725,bright enough to mimic the catalog depth in simple full-throughput arithmetic
1845606795,1.824561347837925e+18,297.035324907418,18.6900513602159,42.315086868985816,18.6432,7.7059999999999995,0.0008271799518641345,3.5179769449707012,too faint to mimic the catalog depth even in a total eclipse under the simple screen
1845610074,1.824562859667815e+18,297.052321231407,18.7072195190408,42.470070567481905,19.8136,8.8764,0.00028147511160321023,10.33839185079414,too faint to mimic the catalog depth even in a total eclipse under the simple screen
1845606873,1.8245613779194194e+18,297.03410222382,18.7067554430457,42.64459665813624,19.9503,9.013099999999998,0.0002481761254321597,11.72554368367502,too faint to mimic the catalog depth even in a total eclipse under the simple screen
1845606389,1.8245611717612444e+18,297.052038454932,18.690256675383,42.7071082100307,18.2687,7.331499999999998,0.0011678847834896394,2.49168414653449,too faint to mimic the catalog depth even in a total eclipse under the simple screen
1845606359,1.824561141681685e+18,297.036456574777,18.6890516043139,42.819951186498415,20.7263,9.789099999999998,0.00012143950826441714,23.96254762217821,too faint to mimic the catalog depth even in a total eclipse under the simple screen
1845606904,1.824561382198658e+18,297.033940604896,18.7068769130593,43.34714766811704,19.3756,8.438399999999998,0.00042134709111815195,6.9064200544913525,too faint to mimic the catalog depth even in a total eclipse under the simple screen
1845606353,1.824561141681681e+18,297.040340673371,18.6871962340382,43.51781428269145,20.6624,9.725200000000001,0.00012880122692112244,22.59295248625292,too faint to mimic the catalog depth even in a total eclipse under the simple screen
390988316,1.824562859708399e+18,297.052908504892,18.7070570085908,43.51865993536363,16.2777,5.340499999999999,0.0073080245900911,0.3981924204176391,bright enough to mimic the catalog depth in simple full-throughput arithmetic
1845606400,1.824561176040105e+18,297.051917889772,18.6898087032562,43.62549724483986,19.4899,8.552699999999998,0.0003792451190063774,7.673137646765772,too faint to mimic the catalog depth even in a total eclipse under the simple screen
1845606854,1.8245613478402632e+18,297.033336518639,18.6914821515431,43.718685808655536,20.6133,9.676099999999998,0.00013475968898749198,21.59399462750391,too faint to mimic the catalog depth even in a total eclipse under the simple screen
1845606433,1.8245611760414044e+18,297.055630015129,18.6948882660143,43.90626552086864,20.6854,9.7482,0.00012610142665095926,23.07666199570204,too faint to mimic the catalog depth even in a total eclipse under the simple screen
1845606934,1.8245613821998582e+18,297.036427209831,18.7091360230723,43.95329886883768,20.7314,9.7942,0.00012087041131792488,24.075371038043713,too faint to mimic the catalog depth even in a total eclipse under the simple screen
1845606341,1.8245611416794926e+18,297.035782634182,18.6891138119143,43.96589640419692,20.516,9.578799999999998,0.00014739406619349303,19.742992883986716,too faint to mimic the catalog depth even in a total eclipse under the simple screen
1845606399,1.8245611760401009e+18,297.053113951043,18.6907499443923,44.09060508042304,19.0232,8.085999999999999,0.0005829079788672343,4.992211644889483,too faint to mimic the catalog depth even in a total eclipse under the simple screen
1845610097,1.8245628596688753e+18,297.052518933554,18.7077203953871,44.22560586316201,20.7979,9.860699999999998,0.00011368940667943984,25.5960523059556,too faint to mimic the catalog depth even in a total eclipse under the simple screen
1845606377,1.8245611717611208e+18,297.042810938715,18.6866063020539,44.36571751772448,19.7126,8.775399999999998,0.0003089157135297232,9.420045250368936,too faint to mimic the catalog depth even in a total eclipse under the simple screen
1845610096,1.8245628596688438e+18,297.048114777206,18.7104405787946,44.40819778991046,20.5172,9.579999999999998,0.0001472312502432721,19.76482570916004,too faint to mimic the catalog depth even in a total eclipse under the simple screen
1845606342,1.8245611416794926e+18,297.035834861282,18.6889108412639,44.449752066942104,18.9873,8.0501,0.0006025040908412249,4.829842725112482,too faint to mimic the catalog depth even in a total eclipse under the simple screen
1845609629,1.824562653508853e+18,297.056356815769,18.6968520740986,44.546386708403034,19.7801,8.8429,0.00029029529700358805,10.024275384537257,too faint to mimic the catalog depth even in a total eclipse under the simple screen
1845609666,1.824562653550164e+18,297.056494433217,18.7005640531963,44.78803440340522,19.7789,8.8417,0.00029061632059435575,10.013202266302855,too faint to mimic the catalog depth even in a total eclipse under the simple screen
1845606318,1.8245611374012938e+18,297.036857140436,18.6881355507306,44.889560645366416,19.2091,8.271899999999999,0.0004911792368432665,5.924517531934214,too faint to mimic the catalog depth even in a total eclipse under the simple screen
1845610052,1.8245628596673183e+18,297.053628846612,18.7069256174008,45.06003905274922,19.0524,8.115199999999998,0.0005674400694571189,5.128294874882654,too faint to mimic the catalog depth even in a total eclipse under the simple screen
390988416,1.8245626492029952e+18,297.056436240231,18.6963822242814,45.124537118451926,17.3232,6.385999999999999,0.0027899729974082666,1.0430208474072085,too faint to mimic the catalog depth even in a total eclipse under the simple screen
1845606398,1.8245611760401006e+18,297.05349612065,18.6906939291978,45.202187705179234,18.4934,7.5562000000000005,0.0009495547268065031,3.0645942965149278,too faint to mimic the catalog depth even in a total eclipse under the simple screen
1845610063,1.824562859667376e+18,297.04341509674,18.7115478269991,45.482251310307504,19.183,8.2458,0.0005031297524744438,5.783796298446516,too faint to mimic the catalog depth even in a total eclipse under the simple screen
1845610051,1.824562859667318e+18,297.053453088944,18.7073000083998,45.48439236422602,20.583,9.645799999999998,0.00013857344057685429,20.99969509226469,too faint to mimic the catalog depth even in a total eclipse under the simple screen
1845610085,1.8245628596682348e+18,297.049137303797,18.7103765943721,45.55747145713498,19.8101,8.872899999999998,0.0002823839442357504,10.305118472212301,too faint to mimic the catalog depth even in a total eclipse under the simple screen
1845606791,1.82456134355966e+18,297.032703825927,18.6913996846355,45.61962697942677,18.134,7.1968,0.0013221477796328946,2.2009642528825224,too faint to mimic the catalog depth even in a total eclipse under the simple screen
1845610058,1.824562859667339e+18,297.050194224892,18.7099304294454,45.79995862564939,19.6368,8.6996,0.00033125313717079555,8.784822461921594,too faint to mimic the catalog depth even in a total eclipse under the simple screen
1845606906,1.8245613821986616e+18,297.032423161927,18.7061917553073,45.90105214130161,18.4273,7.490099999999998,0.0010091599347312975,2.8835865355423835,too faint to mimic the catalog depth even in a total eclipse under the simple screen
1845606781,1.8245613435329364e+18,297.030456093548,18.6956223582428,45.95221557208282,18.4092,7.471999999999998,0.0010261243651933435,2.835913558539948,too faint to mimic the catalog depth even in a total eclipse under the simple screen
1845609654,1.824562653510153e+18,297.056876388398,18.6975533673405,45.95700937500192,20.5892,9.652000000000001,0.0001377843843351451,21.119955022782193,too faint to mimic the catalog depth even in a total eclipse under the simple screen
1845606831,1.8245613478397727e+18,297.034231022456,18.6896003623934,46.02273094634246,19.8623,8.9251,0.00026912869158260844,10.81267100466983,too faint to mimic the catalog depth even in a total eclipse under the simple screen
1845609607,1.824562649230062e+18,297.056582039532,18.7020563441508,46.100413202024335,19.4313,8.4941,0.0004002764136600648,7.269976198176195,too faint to mimic the catalog depth even in a total eclipse under the simple screen
1845606821,1.8245613478388836e+18,297.032271375499,18.6916864946956,46.22626137322532,20.2756,9.3384,0.00018392467614141282,15.821694299260907,too faint to mimic the catalog depth even in a total eclipse under the simple screen
1845606824,1.8245613478389128e+18,297.0299708608,18.69762440301,46.2858312114048,18.9531,8.015899999999998,0.0006217846551398499,4.680076897918124,too faint to mimic the catalog depth even in a total eclipse under the simple screen
1845609608,1.824562649230065e+18,297.057023833036,18.7002395757191,46.44345970510208,18.0084,7.071200000000001,0.001484294232766159,1.9605277281020412,too faint to mimic the catalog depth even in a total eclipse under the simple screen
1845606946,1.824561382239674e+18,297.029914884722,18.7005905189027,46.63508905607513,20.1313,9.194099999999999,0.0002100680480508261,13.852654066152525,too faint to mimic the catalog depth even in a total eclipse under the simple screen
1845609644,1.8245626535097723e+18,297.056996432515,18.6968989471675,46.67186825198284,19.5749,8.637699999999999,0.0003506872690201809,8.297991564194875,too faint to mimic the catalog depth even in a total eclipse under the simple screen
1845606938,1.8245613822000983e+18,297.030276122877,18.7023927616657,46.72060346884814,20.8836,9.9464,0.00010506062982146629,27.698291976214865,too faint to mimic the catalog depth even in a total eclipse under the simple screen
1845606834,1.8245613478397855e+18,297.030384131465,18.6950095281721,46.80402640549557,20.2952,9.358,0.00018063420831699751,16.109905355762958,too faint to mimic the catalog depth even in a total eclipse under the simple screen
1845606385,1.824561171761194e+18,297.048521741041,18.6868079793611,46.855367636221075,19.1302,8.192999999999998,0.0005282019497699981,5.509256452512414,too faint to mimic the catalog depth even in a total eclipse under the simple screen
1845610102,1.8245628597084086e+18,297.047821605483,18.7113223552385,47.06363249529647,19.3053,8.368099999999998,0.0004495313660262623,6.473408131057964,too faint to mimic the catalog depth even in a total eclipse under the simple screen
1845606851,1.8245613478401188e+18,297.033372499864,18.6899607298379,47.179868470438414,20.8459,9.9087,0.00010877272281676298,26.753030765830378,too faint to mimic the catalog depth even in a total eclipse under the simple screen
1845609606,1.8245626492300485e+18,297.055383320597,18.7057225471485,47.42755444392418,18.0591,7.1219,0.001416576392737662,2.0542485494736797,too faint to mimic the catalog depth even in a total eclipse under the simple screen
1845606370,1.8245611417216814e+18,297.035208598903,18.6882678376425,47.578527291890936,19.9136,8.976399999999998,0.00025670835279104266,11.33582124758014,too faint to mimic the catalog depth even in a total eclipse under the simple screen
1845606822,1.8245613478388838e+18,297.031753357217,18.691682260444,47.70501956162415,19.0344,8.0972,0.0005769258518748582,5.043975738898267,too faint to mimic the catalog depth even in a total eclipse under the simple screen
1845610080,1.8245628596682253e+18,297.051628534728,18.7096968140025,47.745538129838145,20.5187,9.581499999999998,0.00014702798319828363,19.79215069607219,too faint to mimic the catalog depth even in a total eclipse under the simple screen
1845606397,1.8245611760400968e+18,297.054741107063,18.6910064324789,47.8128760955302,19.5469,8.6097,0.0003598487513047196,8.086730854141035,too faint to mimic the catalog depth even in a total eclipse under the simple screen
1845606907,1.8245613821986616e+18,297.031911574389,18.7064462528539,47.856972828082,19.3848,8.447599999999998,0.00041779188481985756,6.9651903393353995,too faint to mimic the catalog depth even in a total eclipse under the simple screen
1845606391,1.8245611717665667e+18,297.045851702865,18.6857748292407,47.98977863408663,19.8356,8.898399999999999,0.0002758290476839621,10.550012859175744,too faint to mimic the catalog depth even in a total eclipse under the simple screen
1845606877,1.824561377919471e+18,297.037331048169,18.7109181825515,48.02693698949098,17.6555,6.718299999999999,0.002054376317760843,1.4164882912843055,too faint to mimic the catalog depth even in a total eclipse under the simple screen
1845606446,1.8245611760812106e+18,297.047894514103,18.6862425846494,48.04114961472438,19.1675,8.2303,0.0005103639617171178,5.701813251486869,too faint to mimic the catalog depth even in a total eclipse under the simple screen
1845606852,1.8245613478401196e+18,297.032772317194,18.6900687800648,48.43794216571957,21.0955,10.1583,8.643308216043681e-05,33.66766436256973,too faint to mimic the catalog depth even in a total eclipse under the simple screen
1845610081,1.8245628596682255e+18,297.05164603266,18.7099704252008,48.583927237215065,19.3687,8.4315,0.0004240333353850184,6.862667996037968,too faint to mimic the catalog depth even in a total eclipse under the simple screen
1845610106,1.8245628597085962e+18,297.052729245296,18.7091836520874,48.60443377804563,19.4936,8.5564,0.00037795491729316054,7.69933097005551,too faint to mimic the catalog depth even in a total eclipse under the simple screen
1845606319,1.8245611374013092e+18,297.038258084113,18.6863497598965,48.605359903746624,19.1721,8.2349,0.0005082062479302863,5.72602169267148,too faint to mimic the catalog depth even in a total eclipse under the simple screen
1845606796,1.8245613478379264e+18,297.033868650813,18.6889238984918,48.64948828759976,19.1278,8.1906,0.0005293708219174941,5.497091791835747,too faint to mimic the catalog depth even in a total eclipse under the simple screen
1845607083,1.8245614509593298e+18,297.032189200096,18.7072102278451,48.71588338836482,20.1772,9.239999999999998,0.00020137242498623895,14.45083655420477,too faint to mimic the catalog depth even in a total eclipse under the simple screen
1845606836,1.8245613478397916e+18,297.029221426268,18.6979533622257,48.730801175027025,20.4473,9.510099999999998,0.00015702181752347196,18.532456482138265,too faint to mimic the catalog depth even in a total eclipse under the simple screen
1845606420,1.824561176040664e+18,297.052565212529,18.6884356378427,48.822597306272655,20.3926,9.455400000000001,0.0001651353305106743,17.62191041130292,too faint to mimic the catalog depth even in a total eclipse under the simple screen
1845606799,1.824561347837931e+18,297.032245607413,18.6904261064048,48.9929169694487,18.2628,7.325599999999998,0.0011742484619240861,2.4781808061572987,too faint to mimic the catalog depth even in a total eclipse under the simple screen
1845606336,1.82456114167948e+18,297.039923635866,18.6857016558911,49.08282639165746,18.8894,7.952199999999998,0.0006593560568879102,4.41339693417679,too faint to mimic the catalog depth even in a total eclipse under the simple screen
1845607038,1.82456145091814e+18,297.034561547484,18.7096557817812,49.18725923566557,19.4597,8.5225,0.0003899419866765428,7.462648546266569,too faint to mimic the catalog depth even in a total eclipse under the simple screen
1845610073,1.8245628596673956e+18,297.03960395655,18.7120764613933,49.18989925110219,17.6813,6.7440999999999995,0.0020061342844853365,1.4505509538941683,too faint to mimic the catalog depth even in a total eclipse under the simple screen
1845606393,1.8245611717665672e+18,297.053997715385,18.6895333211635,49.27275554417843,19.2706,8.333400000000001,0.00046413038382757117,6.269789915501615,too faint to mimic the catalog depth even in a total eclipse under the simple screen
1845610046,1.8245628553937577e+18,297.042716885368,18.7125890300535,49.298110301229954,20.0988,9.1616,0.0002164512010598334,13.444138844004803,too faint to mimic the catalog depth even in a total eclipse under the simple screen
1845606871,1.824561377892698e+18,297.029081656923,18.7005460188326,49.434547013736136,17.8229,6.8857,0.001760840424594157,1.6526199417932514,too faint to mimic the catalog depth even in a total eclipse under the simple screen
1845609638,1.8245626535093844e+18,297.056122809343,18.7056540498066,49.48204105140218,19.3582,8.421,0.0004281539943374177,6.796619997679386,too faint to mimic the catalog depth even in a total eclipse under the simple screen
1845606798,1.824561347837927e+18,297.033420785522,18.6889387705108,49.6520732165366,19.7128,8.7756,0.00030885881439313,9.421780646661473,too faint to mimic the catalog depth even in a total eclipse under the simple screen
390988286,1.824562859708411e+18,297.046928850518,18.712334595797,49.7280217462187,10.8678,-0.0693999999999999,1.0660068612648417,0.0027298135741333014,bright enough to mimic the catalog depth in simple full-throughput arithmetic
1845606340,1.8245611416794875e+18,297.03737962919,18.6863521113694,49.7724338430264,19.0941,8.1569,0.0005460595413806176,5.329089191707126,too faint to mimic the catalog depth even in a total eclipse under the simple screen
520558502,1.824562653549956e+18,297.057512749862,18.6950893904841,49.8064868729328,19.5471,8.6099,0.00035978247081992624,8.0882206222228,too faint to mimic the catalog depth even in a total eclipse under the simple screen
1845606908,1.8245613821986637e+18,297.0290311466,18.7013813100964,50.050746769151935,19.5306,8.593399999999999,0.00036529186446106063,7.966232711733989,too faint to mimic the catalog depth even in a total eclipse under the simple screen
1845610099,1.8245628597084012e+18,297.052440329877,18.7099354961705,50.08640018241378,18.6927,7.755499999999998,0.0007903145908644717,3.6820780403623163,too faint to mimic the catalog depth even in a total eclipse under the simple screen
390988425,1.8245626535088453e+18,297.057532701729,18.6948699010043,50.0958094540017,16.1064,5.1692,0.008556969814930173,0.3400736549196003,bright enough to mimic the catalog depth in simple full-throughput arithmetic
1845610077,1.824562859667845e+18,297.043050754972,18.7128726018183,50.27188267221866,19.5338,8.596599999999999,0.0003642168215109309,7.989746294331067,too faint to mimic the catalog depth even in a total eclipse under the simple screen
390988285,1.8245628596673956e+18,297.03960395655,18.7120764613933,50.31594132616627,17.6813,6.7440999999999995,0.0020061342844853365,1.4505509538941683,too faint to mimic the catalog depth even in a total eclipse under the simple screen
1845610044,1.8245628553884042e+18,297.050262324935,18.7113436268727,50.37598872918115,18.5929,7.6556999999999995,0.0008664031049264383,3.3587137251165236,too faint to mimic the catalog depth even in a total eclipse under the simple screen
1845606392,1.824561171766567e+18,297.052988592185,18.6881983309427,50.40250754112344,19.5644,8.627199999999998,0.0003540951676781206,8.218129660117945,too faint to mimic the catalog depth even in a total eclipse under the simple screen
390988421,1.8245613478799327e+18,297.029068433699,18.695709495668,50.466200649804904,16.474,5.5367999999999995,0.006099300069106381,0.4771039245534855,bright enough to mimic the catalog depth in simple full-throughput arithmetic
1845610070,1.8245628596673884e+18,297.041794784694,18.7128466804049,50.48418896436832,18.9843,8.0471,0.0006041711732657117,4.816515796790912,too faint to mimic the catalog depth even in a total eclipse under the simple screen
1845610079,1.824562859668224e+18,297.051970906546,18.7104601351355,50.663552681730465,19.9109,8.973700000000001,0.0002573475274613379,11.307666441198577,too faint to mimic the catalog depth even in a total eclipse under the simple screen
1845607068,1.8245614509193395e+18,297.03122168108,18.7070222034934,50.971520617043275,20.3444,9.4072,0.00017263148245101945,16.856716739518536,too faint to mimic the catalog depth even in a total eclipse under the simple screen
390988342,1.82456137789272e+18,297.0295526052,18.7042604713644,51.23078668308721,14.0626,3.125399999999999,0.05621341891481521,0.051766998986661185,bright enough to mimic the catalog depth in simple full-throughput arithmetic
1845606396,1.824561176040096e+18,297.054638430686,18.6893615397006,51.298312854367545,19.4287,8.491499999999998,0.00040123609959918986,7.25258769813312,too faint to mimic the catalog depth even in a total eclipse under the simple screen
1845610036,1.8245628553615012e+18,297.039816865605,18.7127514910607,51.35375416951235,17.9957,7.058499999999999,0.0015017581585412658,1.9377287770666292,too faint to mimic the catalog depth even in a total eclipse under the simple screen
390988456,1.8245613435329157e+18,297.031063101767,18.6907901620759,51.449389664621016,16.5677,5.630499999999998,0.005594998829397776,0.5201073474242748,bright enough to mimic the catalog depth in simple full-throughput arithmetic
1845607021,1.8245614466122153e+18,297.033505829874,18.7096469994608,51.46602906824529,17.7799,6.842700000000001,0.0018319769286665119,1.5884479517535062,too faint to mimic the catalog depth even in a total eclipse under the simple screen
1845606435,1.824561176041408e+18,297.0505012538,18.6862543460756,51.48776048386291,20.8384,9.9012,0.0001095266993114379,26.568864197445123,too faint to mimic the catalog depth even in a total eclipse under the simple screen
1845606365,1.824561141721196e+18,297.03991444566,18.6850021919243,51.53413052867016,18.3166,7.3794,0.0011174806197907002,2.6040720066760814,too faint to mimic the catalog depth even in a total eclipse under the simple screen
1845609662,1.8245626535499653e+18,297.056226058023,18.7066083652305,51.550703806629194,18.8226,7.885400000000001,0.0007011969203357279,4.150046749501857,too faint to mimic the catalog depth even in a total eclipse under the simple screen
1845607036,1.824561446644483e+18,297.031449076406,18.7075963009677,51.56371452704006,20.0939,9.1567,0.00021743026741946847,13.38360125541308,too faint to mimic the catalog depth even in a total eclipse under the simple screen
1845606358,1.824561141681685e+18,297.036043774736,18.6864188483904,51.63120698268411,20.5812,9.643999999999998,0.00013880336665672354,20.964909354084757,too faint to mimic the catalog depth even in a total eclipse under the simple screen
1845606380,1.8245611717611535e+18,297.044950252346,18.6846288669765,51.67162949176264,18.7541,7.8169,0.0007468613752379197,3.896305387426137,too faint to mimic the catalog depth even in a total eclipse under the simple screen
1845606335,1.8245611416794793e+18,297.040239820804,18.6848611988923,51.77977028027414,19.819,8.881799999999998,0.0002800786471429428,10.389938789281686,too faint to mimic the catalog depth even in a total eclipse under the simple screen
1845606909,1.8245613821986657e+18,297.028457618834,18.7011104934552,51.81890239510778,19.2303,8.293099999999999,0.000481681537006972,6.041335979124065,too faint to mimic the catalog depth even in a total eclipse under the simple screen
390988350,1.8245613778975596e+18,297.028964193039,18.7032941141284,51.93592403633026,16.8097,5.872499999999999,0.004477133041763628,0.6499695168436843,bright enough to mimic the catalog depth in simple full-throughput arithmetic
390988287,1.8245629240809748e+18,297.037655844759,18.7122658211151,52.00240878818678,16.6299,5.6926999999999985,0.005283479175275359,0.550773439898784,bright enough to mimic the catalog depth in simple full-throughput arithmetic
1845606797,1.8245613478379267e+18,297.032849772353,18.6885171181942,52.09591501039173,20.5621,9.6249,0.00014126676501299832,20.599324970259236,too faint to mimic the catalog depth even in a total eclipse under the simple screen
1845610104,1.8245628597084127e+18,297.0461437071,18.7131683510049,52.11566544975633,14.8503,3.9131,0.027211971033965877,0.10693822936852862,bright enough to mimic the catalog depth in simple full-throughput arithmetic
1845609665,1.8245626535501632e+18,297.058744498953,18.700384428129,52.33344260845001,19.6581,8.7209,0.0003248179342231892,8.958864931394084,too faint to mimic the catalog depth even in a total eclipse under the simple screen
1845607039,1.8245614509181437e+18,297.03397890044,18.7103485290676,52.37567607745316,18.9231,7.985900000000001,0.0006392047594087132,4.552531809512576,too faint to mimic the catalog depth even in a total eclipse under the simple screen
1845609628,1.824562653508852e+18,297.058856795323,18.6995797321399,52.50281305469392,19.049,8.111799999999999,0.0005692198021344917,5.11226065763686,too faint to mimic the catalog depth even in a total eclipse under the simple screen
1845609625,1.8245626535088445e+18,297.05879299156,18.6972853777125,52.55890891310243,18.5231,7.585899999999999,0.0009239319808994383,3.149582501914421,too faint to mimic the catalog depth even in a total eclipse under the simple screen
1845610069,1.8245628596673874e+18,297.042369259371,18.7135245696847,52.733258155048155,18.8327,7.895499999999998,0.0006947043207498584,4.18883244724744,too faint to mimic the catalog depth even in a total eclipse under the simple screen
1845606445,1.8245611760812052e+18,297.053451589941,18.6877081093711,52.769453714235055,19.4458,8.508599999999998,0.0003949662621854744,7.36771790050634,too faint to mimic the catalog depth even in a total eclipse under the simple screen
1845607049,1.8245614509189955e+18,297.03590636015,18.7117435582679,52.909445194107334,19.7489,8.811699999999998,0.00029875831407254633,9.740314705663307,too faint to mimic the catalog depth even in a total eclipse under the simple screen
1845606402,1.824561176040107e+18,297.048369970399,18.6849568045004,52.94501253973005,18.8796,7.942399999999999,0.0006653344329456863,4.37374026640457,too faint to mimic the catalog depth even in a total eclipse under the simple screen
1845609637,1.8245626535088812e+18,297.056143664971,18.7074889125492,53.09216466066744,18.4902,7.553000000000001,0.000952357486191919,3.0555752878426756,too faint to mimic the catalog depth even in a total eclipse under the simple screen
1845606401,1.824561176040107e+18,297.047574257484,18.6846781358293,53.12050099990055,19.8059,8.8687,0.00028347841771195263,10.265331743726966,too faint to mimic the catalog depth even in a total eclipse under the simple screen
1845607066,1.8245614509193364e+18,297.034980011395,18.711292554952,53.151750797278005,20.1189,9.1817,0.00021248095028468045,13.695345376144086,too faint to mimic the catalog depth even in a total eclipse under the simple screen
520558508,1.8245611760812088e+18,297.047946684508,18.6847509195858,53.21758094791234,20.0139,9.076699999999999,0.00023405611926729053,12.432915700344495,too faint to mimic the catalog depth even in a total eclipse under the simple screen
1845606421,1.8245611760410194e+18,297.056648729629,18.6908883918345,53.4092364319165,20.0916,9.154399999999999,0.00021789135518331725,13.355279733570644,too faint to mimic the catalog depth even in a total eclipse under the simple screen
1845606856,1.824561347840361e+18,297.028378717771,18.6948013848763,53.568653275958745,20.3778,9.4406,0.0001674017524094665,17.38333056921715,too faint to mimic the catalog depth even in a total eclipse under the simple screen
1845607048,1.824561450918995e+18,297.036175414549,18.7121766802244,53.845627312198054,20.1049,9.1677,0.0002152385214195915,13.519884734420616,too faint to mimic the catalog depth even in a total eclipse under the simple screen
1845606788,1.824561343559611e+18,297.028741169781,18.693534985267,53.84856991944917,18.5198,7.582599999999999,0.0009267444631289927,3.1400241552832022,too faint to mimic the catalog depth even in a total eclipse under the simple screen
390988496,1.824561176040107e+18,297.04786691719,18.6845368930453,53.88000949133586,19.3709,8.433699999999998,0.0004231749971967032,6.876587745677595,too faint to mimic the catalog depth even in a total eclipse under the simple screen
1845606394,1.8245611760400906e+18,297.057118422756,18.6913459891647,53.912179816973605,18.7401,7.802900000000001,0.0007565541188338838,3.846387095856849,too faint to mimic the catalog depth even in a total eclipse under the simple screen
1845606930,1.8245613821995356e+18,297.028285968692,18.7032514526188,54.0994862290927,19.6753,8.7381,0.0003197127823289183,9.101919475356514,too faint to mimic the catalog depth even in a total eclipse under the simple screen
1845610068,1.8245628596673874e+18,297.042542102354,18.7139948382531,54.38432857389067,19.4867,8.549499999999998,0.0003803645203285561,7.650555833878414,too faint to mimic the catalog depth even in a total eclipse under the simple screen
1845609659,1.824562653549954e+18,297.058206889752,18.6930523878305,54.48513198272187,15.726,4.7888,0.012147306787680683,0.23955927440238906,bright enough to mimic the catalog depth in simple full-throughput arithmetic
1845609660,1.8245626535499556e+18,297.059388241976,18.6974332134313,54.52188096383557,18.0815,7.144299999999998,0.001387650191673186,2.0970702972996467,too faint to mimic the catalog depth even in a total eclipse under the simple screen
1845610197,1.824562924113234e+18,297.039068100871,18.713565571412,54.84533727724678,18.6873,7.7501,0.0007942550777592473,3.6638103821881667,too faint to mimic the catalog depth even in a total eclipse under the simple screen
1845610100,1.8245628597084022e+18,297.05243392533,18.7116208882171,55.00540976290775,19.2378,8.3006,0.00047836566462968567,6.083212519553845,too faint to mimic the catalog depth even in a total eclipse under the simple screen
1845606866,1.8245613478799268e+18,297.02992472059,18.6905426244423,55.169433741780374,19.9543,9.0171,0.0002472634929605799,11.768821855412064,too faint to mimic the catalog depth even in a total eclipse under the simple screen
1845610237,1.8245629283877448e+18,297.036208909167,18.7126650801961,55.359412382902775,20.5616,9.624399999999998,0.0001413318357443891,20.589840814513916,too faint to mimic the catalog depth even in a total eclipse under the simple screen
1845606395,1.8245611760400911e+18,297.054830438325,18.6878824130838,55.46522121083313,18.7615,7.824300000000001,0.000741788335778859,3.9229519522500627,too faint to mimic the catalog depth even in a total eclipse under the simple screen
1845607034,1.8245614466388695e+18,297.032073019717,18.7099861226535,55.68349393086045,18.3333,7.396100000000001,0.0011004238639695236,2.6444355627683778,too faint to mimic the catalog depth even in a total eclipse under the simple screen
390988444,1.8245611760812035e+18,297.058192890895,18.6921383616251,55.79917264453354,14.2982,3.360999999999999,0.04524806378555489,0.06431214413486121,bright enough to mimic the catalog depth in simple full-throughput arithmetic
1845606825,1.8245613478389202e+18,297.027251385565,18.6963796401858,56.07324516495984,18.1838,7.246600000000001,0.001262873935725318,2.3042680014839902,too faint to mimic the catalog depth even in a total eclipse under the simple screen
1845610067,1.8245628596673874e+18,297.043140155606,18.7145406707583,56.2676692806801,19.7232,8.785999999999998,0.0003059144559486415,9.512463185095594,too faint to mimic the catalog depth even in a total eclipse under the simple screen
1845610059,1.8245628596673464e+18,297.050441287409,18.7130892914158,56.28724245428867,18.4906,7.5534,0.0009520066893509084,3.0567012107699356,too faint to mimic the catalog depth even in a total eclipse under the simple screen
1845606333,1.8245611416794772e+18,297.040058130201,18.6835516034722,56.51946564930118,18.6454,7.708199999999998,0.000825505554872093,3.52511256020668,too faint to mimic the catalog depth even in a total eclipse under the simple screen
1845610037,1.8245628553615196e+18,297.049087066898,18.713690023496,56.5299169966859,17.4514,6.514199999999999,0.002479248162344175,1.173742929085623,too faint to mimic the catalog depth even in a total eclipse under the simple screen
390988453,1.8245611760812024e+18,297.058029619928,18.6912009563173,56.86834354463984,16.0546,5.1174,0.00897511454553896,0.32422984522759124,bright enough to mimic the catalog depth in simple full-throughput arithmetic
1845610045,1.8245628553884662e+18,297.05403533918,18.7111587224857,56.91707820109377,20.4703,9.533100000000001,0.0001537304859460868,18.929231779183574,too faint to mimic the catalog depth even in a total eclipse under the simple screen
1845606330,1.8245611416794744e+18,297.041961498654,18.6831490033841,56.98849730815208,20.3584,9.421199999999999,0.00017041977987174061,17.075482682761887,too faint to mimic the catalog depth even in a total eclipse under the simple screen
1845610182,1.8245629240809856e+18,297.039567231184,18.7143168224876,57.02948009086105,17.6328,6.695599999999999,0.00209778028701651,1.387180544125829,too faint to mimic the catalog depth even in a total eclipse under the simple screen
1845606388,1.8245611717612198e+18,297.050250270561,18.6843936868805,57.15016282998064,18.5636,7.6264,0.0008901024573162331,3.2692865591833136,too faint to mimic the catalog depth even in a total eclipse under the simple screen
1845610048,1.8245628553937582e+18,297.050348331611,18.7134161291366,57.22559976929592,19.0808,8.1436,0.0005527897733986822,5.2642073714725806,too faint to mimic the catalog depth even in a total eclipse under the simple screen
1845609614,1.824562649235333e+18,297.060050730457,18.6963960116053,57.24219646332876,18.9373,8.0001,0.0006308992338372998,4.612463994131984,too faint to mimic the catalog depth even in a total eclipse under the simple screen
1845609647,1.8245626535097772e+18,297.057775920388,18.7072598699341,57.27448761642324,20.6115,9.674299999999999,0.0001349832871523664,21.558224439409678,too faint to mimic the catalog depth even in a total eclipse under the simple screen
1845606833,1.8245613478397834e+18,297.030047008707,18.6893236526179,57.35042964288754,20.7159,9.7787,0.00012260833646033902,23.734112084142975,too faint to mimic the catalog depth even in a total eclipse under the simple screen
390988492,1.8245611030194191e+18,297.052279068762,18.6852779289538,57.5411466035575,17.958,7.020799999999998,0.0015548195760334694,1.871599795150353,too faint to mimic the catalog depth even in a total eclipse under the simple screen
1845606867,1.824561347879939e+18,297.026609066775,18.69960308257,57.569241211415374,18.4685,7.531299999999998,0.0009715832074866414,2.9951114609399117,too faint to mimic the catalog depth even in a total eclipse under the simple screen
1845606422,1.8245611760410376e+18,297.04919666728,18.6838684698187,57.569954801356175,19.7698,8.8326,0.0002930623312437552,9.929628238641156,too faint to mimic the catalog depth even in a total eclipse under the simple screen
1845610053,1.8245628596673231e+18,297.054765582398,18.7108142896101,57.59590280550273,19.4862,8.549,0.00038053972500270885,7.647033433840015,too faint to mimic the catalog depth even in a total eclipse under the simple screen
1845606286,1.8245611073215488e+18,297.053825351547,18.6862645501113,57.61305326447334,20.2051,9.267900000000001,0.0001962637081404847,14.826989806577153,too faint to mimic the catalog depth even in a total eclipse under the simple screen
1845609609,1.824562649230105e+18,297.059825337022,18.6948690593105,57.621888683383816,19.5371,8.599899999999998,0.0003631114970348118,8.01406736983879,too faint to mimic the catalog depth even in a total eclipse under the simple screen
1845606351,1.8245611416813343e+18,297.036085703265,18.684496187553,57.698963064753386,20.1145,9.177299999999999,0.00021334378707317734,13.639956616134615,too faint to mimic the catalog depth even in a total eclipse under the simple screen
390988278,1.8245629284279035e+18,297.03604241692,18.7133155077427,57.70990499393561,15.7065,4.769299999999999,0.012367445351301968,0.23529515735387124,bright enough to mimic the catalog depth in simple full-throughput arithmetic
1845609624,1.8245626535088412e+18,297.060239002891,18.6965829062579,57.77460565657368,20.2369,9.299699999999998,0.00019059872889617076,15.267677895088331,too faint to mimic the catalog depth even in a total eclipse under the simple screen
390988513,1.824561137401387e+18,297.043157707921,18.6828667141034,57.78042508591103,17.1785,6.241299999999999,0.003187718772441136,0.9128785215176115,bright enough to mimic the catalog depth in simple full-throughput arithmetic
1845606837,1.8245613478397957e+18,297.027265103338,18.6942287488503,57.79553986525262,19.7882,8.850999999999999,0.00028813764348397,10.099339901632437,too faint to mimic the catalog depth even in a total eclipse under the simple screen
1845610060,1.824562859667368e+18,297.046790796482,18.7146677798415,57.82895389840984,19.9569,9.0197,0.00024667208232307704,11.797038289029594,too faint to mimic the catalog depth even in a total eclipse under the simple screen
1845609643,1.8245626535097672e+18,297.060173522267,18.7021147183513,58.09188500335571,20.109,9.171800000000001,0.00021442726192093156,13.57103557603156,too faint to mimic the catalog depth even in a total eclipse under the simple screen
1845610087,1.824562859668239e+18,297.048138448462,18.7144820675585,58.256304996330506,19.6603,8.723099999999999,0.0003241604301688431,8.977036458411316,too faint to mimic the catalog depth even in a total eclipse under the simple screen
1845607050,1.8245614509190008e+18,297.033950777458,18.7123844450843,58.36564367024606,19.977,9.0398,0.00024214750578454758,12.017468404523616,too faint to mimic the catalog depth even in a total eclipse under the simple screen
1845610090,1.8245628596682496e+18,297.043490664381,18.7151318654873,58.38433716657408,20.388,9.450800000000001,0.00016583645290101675,17.547408601032362,too faint to mimic the catalog depth even in a total eclipse under the simple screen
1845606364,1.824561141721194e+18,297.041511678022,18.6827955600041,58.41175125454693,17.2154,6.278199999999998,0.003081200786172526,0.9444369912727459,bright enough to mimic the catalog depth in simple full-throughput arithmetic
1845610236,1.8245629283877432e+18,297.037348694103,18.7140929694651,58.50228916037892,20.3864,9.449199999999998,0.00016608101868785706,17.521568828218918,too faint to mimic the catalog depth even in a total eclipse under the simple screen
1845606311,1.8245611373744479e+18,297.044299939025,18.68266492682,58.56410442113676,19.0652,8.128,0.0005607896633745094,5.189111337197791,too faint to mimic the catalog depth even in a total eclipse under the simple screen
1845606790,1.8245613435596206e+18,297.030041035409,18.6886767319781,58.79780898887018,20.1647,9.2275,0.0002037042077705719,14.285419196040744,too faint to mimic the catalog depth even in a total eclipse under the simple screen
1845609664,1.8245626535501624e+18,297.060708727907,18.6995325698689,58.80530932236446,20.317,9.3798,0.0001770435054471096,16.43663794755431,too faint to mimic the catalog depth even in a total eclipse under the simple screen
1845606271,1.8245611073206093e+18,297.055246060627,18.6869408760611,58.897154373571695,17.8524,6.915199999999999,0.0017136416139820639,1.6981380332133191,too faint to mimic the catalog depth even in a total eclipse under the simple screen
1845610065,1.8245628596673812e+18,297.045013335165,18.7152194722654,58.93329835300231,19.1304,8.193200000000001,0.000528104660336109,5.510271388531107,too faint to mimic the catalog depth even in a total eclipse under the simple screen
1845606859,1.824561347879636e+18,297.028129575304,18.6913781452348,58.94608222331271,16.6235,5.686299999999999,0.00531471523774918,0.5475363909115863,bright enough to mimic the catalog depth in simple full-throughput arithmetic
1845606425,1.82456117604104e+18,297.047896720103,18.6830086873636,59.21039791860189,19.7575,8.8203,0.0002964012289505113,9.817773058174023,too faint to mimic the catalog depth even in a total eclipse under the simple screen
1845606787,1.8245613435595812e+18,297.026482840409,18.6954261263542,59.29170624821035,18.0121,7.0748999999999995,0.001479244625359087,1.9672202623643784,too faint to mimic the catalog depth even in a total eclipse under the simple screen
1845606803,1.8245613478379407e+18,297.028100557756,18.6911844571994,59.35763961877434,19.1185,8.1813,0.0005339246848676018,5.450206897104968,too faint to mimic the catalog depth even in a total eclipse under the simple screen
1845610078,1.8245628596682237e+18,297.052566588014,18.7129829856608,59.3809357193659,19.5249,8.587699999999998,0.00036721465082903757,7.924520422674517,too faint to mimic the catalog depth even in a total eclipse under the simple screen
1845606270,1.8245611073206062e+18,297.056380922565,18.6878164643558,59.436560986818016,18.007,7.069800000000001,0.001486209386959773,1.958001359386357,too faint to mimic the catalog depth even in a total eclipse under the simple screen
1845609610,1.8245626492301164e+18,297.060899208337,18.6983557458171,59.446851180286096,18.3171,7.379899999999999,0.0011169661194245135,2.6052715023256914,too faint to mimic the catalog depth even in a total eclipse under the simple screen
1845607076,1.8245614509591578e+18,297.026883455105,18.7040510050163,59.524987294944665,17.1039,6.166699999999999,0.0034144440449183125,0.8522617333064595,bright enough to mimic the catalog depth in simple full-throughput arithmetic
1845610076,1.824562859667845e+18,297.054038450107,18.7120789901767,59.52616209115071,19.6983,8.761099999999999,0.000313011288276887,9.296789313955475,too faint to mimic the catalog depth even in a total eclipse under the simple screen
1845606313,1.824561137378133e+18,297.038158185565,18.6830802589196,59.81660976810235,18.9093,7.972100000000001,0.000647381075822264,4.495034082211772,too faint to mimic the catalog depth even in a total eclipse under the simple screen
1845607041,1.824561450918161e+18,297.02724150079,18.7052722722141,59.90391416103856,18.4092,7.471999999999998,0.0010261243651933435,2.835913558539948,too faint to mimic the catalog depth even in a total eclipse under the simple screen
1845607057,1.8245614509190144e+18,297.027722670445,18.7063367350598,59.9967500474403,19.572,8.634799999999998,0.0003516252063196368,8.275857213019965,too faint to mimic the catalog depth even in a total eclipse under the simple screen
