image,slice,bjd_tdb,hours_since_first_image,astroimagej_35px_relative_brightness,photutils_20px_relative_brightness,photutils_25px_relative_brightness,photutils_30px_relative_brightness,photutils_35px_relative_brightness,photutils_40px_relative_brightness,photutils_45px_relative_brightness,photutils_50px_relative_brightness
TOI_3505.01_50.000s_R-0001_aligned.fits,1,2459782.5982348109,0.0000000000,1.0109728846,1.0119097683,1.0128100303,1.0104790471,1.0118559699,1.0125435711,1.0152987228,1.0185182655
TOI_3505.01_50.000s_R-0002_aligned.fits,2,2459782.5990058281,0.0185044147,1.0056671560,1.0073124684,1.0046827542,1.0049968507,1.0055568127,1.0049229593,1.0076637940,1.0086727468
TOI_3505.01_50.000s_R-0003_aligned.fits,3,2459782.5997669622,0.0367716327,1.0059120464,1.0084657020,1.0078496559,1.0063133271,1.0061616393,1.0073192648,1.0102200193,1.0122342227
TOI_3505.01_50.000s_R-0004_aligned.fits,4,2459782.6005278192,0.0550322011,0.9957035536,0.9982014363,0.9950863256,0.9942372844,0.9954145751,0.9949957098,0.9942602010,0.9913282309
TOI_3505.01_50.000s_R-0005_aligned.fits,5,2459782.6012884346,0.0732869692,1.0016959232,0.9992196484,0.9999853405,1.0022454532,1.0013731740,1.0000266138,1.0001976609,0.9983260615
TOI_3505.01_50.000s_R-0006_aligned.fits,6,2459782.6020486979,0.0915332884,1.0023719415,1.0034413419,1.0017449010,1.0013804972,1.0023220044,1.0010366352,1.0022217215,1.0020272817
TOI_3505.01_50.000s_R-0007_aligned.fits,7,2459782.6028088159,0.1097761206,1.0018716037,1.0003791279,1.0005584847,1.0004034784,1.0028856504,1.0046819770,1.0080343367,1.0090875107
TOI_3505.01_50.000s_R-0008_aligned.fits,8,2459782.6035703677,0.1280533634,0.9990810206,1.0005827485,0.9991020266,0.9994050940,0.9991525334,0.9995360832,1.0007948262,1.0030801422
TOI_3505.01_50.000s_R-0009_aligned.fits,9,2459782.6043305541,0.1462978385,0.9975686507,0.9943800304,0.9957585511,0.9977682162,0.9965544915,0.9946280251,0.9948453077,0.9945229375
TOI_3505.01_50.000s_R-0010_aligned.fits,10,2459782.6050918396,0.1645686887,0.9945581836,0.9977787466,0.9960574783,0.9959174714,0.9949443827,0.9950933988,0.9939299569,0.9934923650
TOI_3505.01_50.000s_R-0011_aligned.fits,11,2459782.6058534561,0.1828474849,1.0034644638,1.0044444287,1.0053274841,1.0059315179,1.0051390164,1.0014376389,1.0009773688,1.0000734798
TOI_3505.01_50.000s_R-0012_aligned.fits,12,2459782.6066149953,0.2011244260,0.9970062428,1.0020718342,1.0024265127,1.0015735794,0.9978978311,0.9974476681,0.9988543781,1.0013229527
TOI_3505.01_50.000s_R-0013_aligned.fits,13,2459782.6073769690,0.2194117941,0.9941297591,0.9986939857,0.9972724771,0.9975014436,0.9954245630,0.9941932843,0.9935441005,0.9916155423
TOI_3505.01_50.000s_R-0014_aligned.fits,14,2459782.6081384555,0.2376874723,0.9935738623,0.9961194924,0.9941577464,0.9938446519,0.9942455701,0.9944518931,0.9935490033,0.9938865288
TOI_3505.01_50.000s_R-0015_aligned.fits,15,2459782.6088986364,0.2559318133,1.0065698954,1.0098742774,1.0099099022,1.0079485285,1.0070040597,1.0068849856,1.0070760453,1.0061751390
TOI_3505.01_50.000s_R-0016_aligned.fits,16,2459782.6096590585,0.2741819434,0.9968519324,1.0022869123,0.9988843965,0.9969170313,0.9975426331,0.9968864751,0.9980424532,0.9975751144
TOI_3505.01_50.000s_R-0017_aligned.fits,17,2459782.6104211700,0.2924726196,1.0039365195,1.0062769132,1.0052647348,1.0042313826,1.0035790355,1.0050401463,1.0054811722,1.0071371455
TOI_3505.01_50.000s_R-0018_aligned.fits,18,2459782.6111833444,0.3107648045,0.9995756632,1.0005164948,0.9994901226,0.9979897693,0.9999089949,1.0014294306,1.0028775088,1.0041323062
TOI_3505.01_50.000s_R-0019_aligned.fits,19,2459782.6119430601,0.3289979808,0.9979863035,1.0017282593,1.0006703481,0.9986601165,0.9984676362,0.9987122619,0.9987772690,0.9970644439
TOI_3505.01_50.000s_R-0020_aligned.fits,20,2459782.6127035306,0.3472492732,0.9994110417,0.9991985971,0.9992300939,0.9988281989,0.9982643149,0.9976107430,0.9962336617,0.9946241393
TOI_3505.01_50.000s_R-0021_aligned.fits,21,2459782.6134658013,0.3655437715,1.0035959792,1.0052286897,1.0044540368,1.0034188489,1.0040631822,1.0036954374,1.0028939006,1.0034661162
TOI_3505.01_50.000s_R-0022_aligned.fits,22,2459782.6142264036,0.3837982267,1.0034226828,1.0050146546,1.0032508788,1.0024383098,1.0037507545,1.0032315883,1.0011401209,0.9996424208
TOI_3505.01_50.000s_R-0023_aligned.fits,23,2459782.6149847135,0.4019976631,1.0011530910,1.0007836404,1.0006131420,0.9997215544,1.0005425973,1.0015386762,1.0041231156,1.0034722633
TOI_3505.01_50.000s_R-0024_aligned.fits,24,2459782.6157393013,0.4201077707,1.0023454924,1.0016699107,1.0013142309,1.0020157143,1.0026525312,1.0024274025,1.0029373887,1.0028525219
TOI_3505.01_50.000s_R-0025_aligned.fits,25,2459782.6164944498,0.4382313341,0.9977744189,0.9998728958,0.9974269193,0.9973427841,0.9981902080,0.9969648247,0.9985009972,0.9979540426
TOI_3505.01_50.000s_R-0026_aligned.fits,26,2459782.6172491317,0.4563436992,0.9967410361,0.9986904006,0.9984972016,0.9990965180,0.9981198280,0.9971976753,0.9992624769,0.9990114649
TOI_3505.01_50.000s_R-0027_aligned.fits,27,2459782.6180027309,0.4744300805,1.0050607115,1.0040248257,1.0041014286,1.0034290079,1.0046262981,1.0059404114,1.0075141651,1.0061193772
TOI_3505.01_50.000s_R-0028_aligned.fits,28,2459782.6187564600,0.4925195798,1.0017509058,1.0034321400,1.0030883630,1.0027213085,1.0026300735,1.0023521891,1.0023965716,1.0031094734
TOI_3505.01_50.000s_R-0029_aligned.fits,29,2459782.6195099610,0.5106036030,1.0078369828,1.0074611463,1.0061127164,1.0068406519,1.0076830518,1.0074876562,1.0085252663,1.0079689317
TOI_3505.01_50.000s_R-0030_aligned.fits,30,2459782.6202637255,0.5286939517,1.0035647100,1.0040300629,1.0021169796,1.0029123299,1.0038702823,1.0053716540,1.0060012610,1.0070282150
TOI_3505.01_50.000s_R-0031_aligned.fits,31,2459782.6210173583,0.5467811376,1.0045337023,1.0064348813,1.0043741879,1.0027235393,1.0039046539,1.0039916540,1.0032036130,1.0042686409
TOI_3505.01_50.000s_R-0032_aligned.fits,32,2459782.6217716765,0.5648847744,0.9997731118,1.0006383358,1.0007380779,0.9999195657,0.9995826954,1.0000776693,1.0008130557,0.9994665307
TOI_3505.01_50.000s_R-0033_aligned.fits,33,2459782.6225253418,0.5829727426,1.0029772979,1.0038579151,1.0028424699,1.0026990024,1.0032211340,1.0041566117,1.0030476837,1.0035148436
TOI_3505.01_50.000s_R-0034_aligned.fits,34,2459782.6232786886,0.6010530666,0.9996301751,0.9986276144,0.9993433354,0.9992098928,0.9991045770,0.9983399687,0.9989738725,0.9984067871
TOI_3505.01_50.000s_R-0035_aligned.fits,35,2459782.6240319675,0.6191317588,1.0044025743,1.0066877046,1.0058606583,1.0051872681,1.0043437434,1.0051529729,1.0037923219,1.0037049843
TOI_3505.01_50.000s_R-0036_aligned.fits,36,2459782.6247849604,0.6372035891,1.0045353992,1.0064487236,1.0045106475,1.0034138990,1.0045480054,1.0050828750,1.0059228880,1.0067445196
TOI_3505.01_50.000s_R-0037_aligned.fits,37,2459782.6255383315,0.6552844942,1.0013186163,1.0015259522,1.0014795887,1.0008186144,1.0017970796,1.0010383604,1.0004110688,0.9996014120
TOI_3505.01_50.000s_R-0038_aligned.fits,38,2459782.6262915782,0.6733624153,1.0047879024,1.0052745009,1.0037511069,1.0035035431,1.0041047245,1.0044819659,1.0060311029,1.0046808597
TOI_3505.01_50.000s_R-0039_aligned.fits,39,2459782.6270446549,0.6914362572,0.9970466713,0.9976912614,0.9972206691,0.9967624506,0.9968446475,0.9953280579,0.9956007696,0.9957812702
TOI_3505.01_50.000s_R-0040_aligned.fits,40,2459782.6277982686,0.7095229849,0.9985341977,1.0005415099,0.9999137892,0.9992624325,0.9990251233,0.9984377852,0.9998413045,0.9992329309
TOI_3505.01_50.000s_R-0041_aligned.fits,41,2459782.6285510119,0.7275888249,1.0052282508,1.0044062860,1.0059525276,1.0041341787,1.0046540058,1.0052214004,1.0065872795,1.0059683817
TOI_3505.01_50.000s_R-0042_aligned.fits,42,2459782.6293042083,0.7456655391,0.9998512817,1.0005170006,1.0003943285,0.9990316564,0.9992729874,0.9989074604,0.9996694777,0.9993171700
TOI_3505.01_50.000s_R-0043_aligned.fits,43,2459782.6300575892,0.7637466788,1.0017254126,1.0025186311,1.0014632729,1.0008774133,1.0016773743,1.0007863161,1.0009222302,1.0034473278
TOI_3505.01_50.000s_R-0044_aligned.fits,44,2459782.6308108456,0.7818248346,1.0024812719,1.0046100152,1.0030207657,1.0029068601,1.0028688590,1.0007503677,1.0005157605,0.9999856524
TOI_3505.01_50.000s_R-0045_aligned.fits,45,2459782.6315640048,0.7999006547,1.0020612505,1.0016327346,1.0017500037,1.0010642797,1.0015636998,1.0014083350,1.0026151360,1.0025627598
TOI_3505.01_50.000s_R-0046_aligned.fits,46,2459782.6323167402,0.8179663047,1.0014084067,1.0032765487,1.0026705648,1.0023092727,1.0020058552,1.0023845875,1.0008045709,0.9999978275
TOI_3505.01_50.000s_R-0047_aligned.fits,47,2459782.6330703092,0.8360519595,1.0018826460,1.0011750918,1.0004303339,0.9998917105,1.0012979477,1.0027211280,1.0036387514,1.0037185754
TOI_3505.01_50.000s_R-0048_aligned.fits,48,2459782.6338234944,0.8541284055,1.0008111310,0.9999812368,0.9999694065,1.0004833810,1.0000899329,0.9982023069,1.0006558721,1.0012959835
TOI_3505.01_50.000s_R-0049_aligned.fits,49,2459782.6345768599,0.8722091764,1.0054430433,1.0032506066,1.0026075976,1.0044297648,1.0049138032,1.0068256879,1.0096689501,1.0100850585
TOI_3505.01_50.000s_R-0050_aligned.fits,50,2459782.6353294998,0.8902725354,0.9935631498,0.9952643499,0.9942638682,0.9944143547,0.9929038965,0.9925201536,0.9912206112,0.9914561277
TOI_3505.01_50.000s_R-0051_aligned.fits,51,2459782.6360830753,0.9083583467,1.0053792530,1.0035708103,1.0050804113,1.0044639897,1.0057389433,1.0054095907,1.0063578560,1.0071095535
TOI_3505.01_50.000s_R-0052_aligned.fits,52,2459782.6368365102,0.9264407828,0.9948390847,0.9997686891,0.9976614116,0.9967969461,0.9957178625,0.9947481440,0.9963988568,0.9972412119
TOI_3505.01_50.000s_R-0053_aligned.fits,53,2459782.6375896996,0.9445173293,0.9975789009,0.9972095867,0.9964735969,0.9967024940,0.9978433254,0.9964505487,0.9967072872,0.9967735799
TOI_3505.01_50.000s_R-0054_aligned.fits,54,2459782.6383427386,0.9625902660,1.0020323780,0.9980316023,0.9991260217,1.0003276928,1.0012876304,0.9997672032,0.9997335387,1.0011628586
TOI_3505.01_50.000s_R-0055_aligned.fits,55,2459782.6390960058,0.9806686789,0.9994984188,0.9971240020,0.9987180150,0.9998140902,1.0000000000,1.0003222975,1.0001709319,0.9994327462
TOI_3505.01_50.000s_R-0056_aligned.fits,56,2459782.6398489238,0.9987387098,1.0042506766,1.0024078440,1.0032776063,1.0039611064,1.0041748392,1.0033635927,1.0030005235,1.0032078732
TOI_3505.01_50.000s_R-0057_aligned.fits,57,2459782.6406018622,1.0168092325,0.9943532365,0.9946918449,0.9933803585,0.9937781316,0.9935906840,0.9934345440,0.9941354435,0.9949608955
TOI_3505.01_50.000s_R-0058_aligned.fits,58,2459782.6413543285,1.0348684229,1.0036338364,1.0034131024,1.0036744216,1.0036861368,1.0033270103,1.0031222305,1.0032484663,1.0022677854
TOI_3505.01_50.000s_R-0059_aligned.fits,59,2459782.6421075361,1.0529454052,0.9973742925,0.9996963645,0.9982793915,0.9975168665,0.9970546259,0.9973337387,0.9974877035,0.9986219041
TOI_3505.01_50.000s_R-0060_aligned.fits,60,2459782.6428602245,1.0710099265,1.0012781880,1.0008131109,1.0006030382,1.0000000000,1.0012012955,1.0015009582,1.0010619742,1.0009994606
TOI_3505.01_50.000s_R-0061_aligned.fits,61,2459782.6436133380,1.0890846513,0.9995681149,1.0000000000,1.0012342872,0.9999499621,0.9992153314,0.9990365327,1.0000108778,1.0000159008
TOI_3505.01_50.000s_R-0062_aligned.fits,62,2459782.6443660157,1.1071489155,0.9948049922,0.9961548823,0.9954638589,0.9950102625,0.9950294719,0.9974701544,0.9967380867,0.9970187982
TOI_3505.01_50.000s_R-0063_aligned.fits,63,2459782.6451192242,1.1252259202,0.9974929375,0.9994701482,0.9987972588,0.9984205472,0.9980972114,0.9979094958,0.9981270594,0.9993679854
TOI_3505.01_50.000s_R-0064_aligned.fits,64,2459782.6458724118,1.1433024220,1.0010785494,0.9988662317,0.9993764198,1.0009613688,1.0010147650,1.0016981435,1.0012277337,1.0009264457
TOI_3505.01_50.000s_R-0065_aligned.fits,65,2459782.6466247500,1.1613585390,1.0033752850,1.0013758866,1.0009316346,1.0021498277,1.0028074950,1.0030574317,1.0029247703,1.0047079817
TOI_3505.01_50.000s_R-0066_aligned.fits,66,2459782.6473772163,1.1794177294,0.9990442126,0.9975240643,0.9982247312,0.9987177527,0.9987723953,0.9996299603,0.9988443857,0.9985117365
TOI_3505.01_50.000s_R-0067_aligned.fits,67,2459782.6481302613,1.1974908113,0.9990630004,1.0009542175,1.0003803394,0.9990331501,0.9987039721,0.9980281697,0.9980037869,0.9972106269
TOI_3505.01_50.000s_R-0068_aligned.fits,68,2459782.6488823988,1.2155421115,1.0009755403,1.0012531454,1.0008643077,1.0015606549,1.0016478139,1.0008868216,0.9999047123,1.0012424378
TOI_3505.01_50.000s_R-0069_aligned.fits,69,2459782.6496356763,1.2336207703,1.0022968781,1.0034754241,1.0029520078,1.0026161712,1.0020328113,1.0009401059,1.0031221354,1.0033273640
TOI_3505.01_50.000s_R-0070_aligned.fits,70,2459782.6503884499,1.2516873367,1.0009933671,1.0006139555,1.0011525971,1.0017080647,1.0002656291,0.9996817438,0.9987537963,0.9991736802
TOI_3505.01_50.000s_R-0071_aligned.fits,71,2459782.6511416794,1.2697648443,1.0036828369,1.0026725761,1.0025275521,1.0033769559,1.0037881902,1.0050883454,1.0053111475,1.0043488248
TOI_3505.01_50.000s_R-0072_aligned.fits,72,2459782.6518941256,1.2878235541,1.0013396216,1.0004510274,1.0012179580,1.0016668266,1.0014254092,1.0007108458,1.0015801989,1.0028865265
TOI_3505.01_50.000s_R-0073_aligned.fits,73,2459782.6526460862,1.3058706075,0.9987105268,0.9980883017,0.9989892104,0.9984266428,0.9986951633,0.9976641712,0.9981702501,0.9969018913
TOI_3505.01_50.000s_R-0074_aligned.fits,74,2459782.6533985650,1.3239300996,1.0032461127,1.0021547735,1.0007431866,1.0011719744,1.0022108628,1.0020320196,1.0014717004,1.0005270999
TOI_3505.01_50.000s_R-0075_aligned.fits,75,2459782.6541513731,1.3419974931,1.0024307567,1.0008126154,1.0006771035,1.0019815296,1.0024343028,1.0009392224,1.0007935816,1.0023325673
TOI_3505.01_50.000s_R-0076_aligned.fits,76,2459782.6549045029,1.3600726090,0.9997214660,1.0001154401,1.0002391306,0.9999606665,1.0002172132,1.0009149054,1.0001839519,1.0010428540
TOI_3505.01_50.000s_R-0077_aligned.fits,77,2459782.6556575838,1.3781465515,0.9977678237,0.9979077810,0.9977761805,0.9982426294,0.9974679723,0.9967086123,0.9983948215,0.9972635187
TOI_3505.01_50.000s_R-0078_aligned.fits,78,2459782.6564107756,1.3962231539,1.0035055454,1.0025180940,1.0020166778,1.0022988053,1.0033930170,1.0030065904,1.0021104074,1.0004299252
TOI_3505.01_50.000s_R-0079_aligned.fits,79,2459782.6571634738,1.4142879099,1.0037340714,1.0012743850,1.0015368038,1.0035464938,1.0034736543,1.0026360620,1.0037472682,1.0056457516
TOI_3505.01_50.000s_R-0080_aligned.fits,80,2459782.6579167228,1.4323658869,1.0007029788,1.0002144349,1.0000494172,1.0005380116,1.0009681345,1.0001098440,1.0000854775,1.0006126842
TOI_3505.01_50.000s_R-0081_aligned.fits,81,2459782.6586697218,1.4504378624,1.0033953404,1.0027570911,1.0030143687,1.0032110520,1.0040873531,1.0045287895,1.0057445918,1.0049997443
TOI_3505.01_50.000s_R-0082_aligned.fits,82,2459782.6594229331,1.4685149342,1.0037569538,0.9995069368,1.0008918921,1.0024616379,1.0031135343,1.0025966011,1.0039953572,1.0044266938
TOI_3505.01_50.000s_R-0083_aligned.fits,83,2459782.6601752411,1.4865703247,0.9991714757,1.0000737984,0.9992489479,0.9997979260,0.9991735944,0.9973790338,0.9970094400,0.9976402452
TOI_3505.01_50.000s_R-0084_aligned.fits,84,2459782.6609284044,1.5046462454,0.9957393088,0.9951535478,0.9952055499,0.9967038195,0.9958066994,0.9958395250,0.9962175057,0.9964166102
TOI_3505.01_50.000s_R-0085_aligned.fits,85,2459782.6616811780,1.5227128118,1.0003933774,0.9997183259,1.0003259528,1.0008306681,1.0000952941,0.9980981880,0.9992382326,0.9989230113
TOI_3505.01_50.000s_R-0086_aligned.fits,86,2459782.6624343651,1.5407893024,1.0029417986,1.0009501398,1.0007871579,1.0013405675,1.0019762697,1.0006938231,1.0005208857,1.0010112225
TOI_3505.01_50.000s_R-0087_aligned.fits,87,2459782.6631872556,1.5588586740,1.0020945813,1.0013615583,1.0021785449,1.0024479059,1.0014206856,0.9996230005,0.9979311903,0.9973309475
TOI_3505.01_50.000s_R-0088_aligned.fits,88,2459782.6639406304,1.5769396685,0.9990204040,0.9999634905,0.9992314298,0.9985869245,0.9984486781,0.9982809161,0.9981249740,0.9977314414
TOI_3505.01_50.000s_R-0089_aligned.fits,89,2459782.6646927330,1.5949901305,0.9978066315,0.9960186917,0.9970898860,0.9978080564,0.9972040180,0.9972121090,0.9967488719,0.9990336925
TOI_3505.01_50.000s_R-0090_aligned.fits,90,2459782.6654457957,1.6130636372,0.9973291204,0.9963966411,0.9965497839,0.9971009718,0.9972092518,0.9966291597,0.9963582533,0.9955208241
TOI_3505.01_50.000s_R-0091_aligned.fits,91,2459782.6661983095,1.6311239675,0.9999501888,0.9979497746,0.9991013847,0.9987818686,0.9997592819,1.0002414491,1.0012961143,1.0005751924
TOI_3505.01_50.000s_R-0092_aligned.fits,92,2459782.6669506375,1.6491798386,0.9988196868,1.0001800492,0.9993164413,0.9986566483,0.9986530179,0.9971096787,0.9961962356,0.9961386144
TOI_3505.01_50.000s_R-0093_aligned.fits,93,2459782.6677036607,1.6672523953,0.9977727671,0.9994710043,1.0012051918,0.9997780642,0.9982823996,0.9964679339,0.9968412452,0.9986827717
TOI_3505.01_50.000s_R-0094_aligned.fits,94,2459782.6684568319,1.6853285059,1.0035678383,1.0037501643,1.0033078572,1.0034985276,1.0033282777,1.0020132349,1.0029875283,1.0023236034
TOI_3505.01_50.000s_R-0095_aligned.fits,95,2459782.6692095487,1.7033937089,1.0021276813,1.0007858605,1.0019612393,1.0018902071,1.0019501517,1.0033051598,1.0025476308,1.0049600326
TOI_3505.01_50.000s_R-0096_aligned.fits,96,2459782.6699625305,1.7214652710,1.0041743868,1.0035588633,1.0033362157,1.0031895724,1.0041636273,1.0034022040,1.0032600595,1.0037305823
TOI_3505.01_50.000s_R-0097_aligned.fits,97,2459782.6707157129,1.7395416498,1.0001317945,0.9988614389,0.9991255647,0.9999386120,0.9999224931,0.9993210116,0.9976209438,0.9976737453
TOI_3505.01_50.000s_R-0098_aligned.fits,98,2459782.6714689122,1.7576184310,1.0021780159,1.0016201088,1.0019458897,1.0021695307,1.0019986425,1.0010967970,0.9993890565,0.9996857198
TOI_3505.01_50.000s_R-0099_aligned.fits,99,2459782.6722215102,1.7756807841,0.9997449929,1.0014848527,1.0001365604,0.9989984198,1.0000752887,0.9983438630,0.9979604978,0.9982623879
TOI_3505.01_50.000s_R-0100_aligned.fits,100,2459782.6729745255,1.7937531509,0.9986682581,0.9970111037,0.9978535783,0.9982074618,0.9980523997,0.9984239411,0.9994097379,1.0000000000
TOI_3505.01_50.000s_R-0101_aligned.fits,101,2459782.6737270430,1.8118135706,0.9972382295,0.9983204590,0.9985737021,0.9981565213,0.9976057341,0.9966355663,0.9957576924,0.9967941000
TOI_3505.01_50.000s_R-0102_aligned.fits,102,2459782.6744800471,1.8298856691,1.0007254641,0.9998424968,0.9998265939,1.0010109779,1.0006874664,0.9997540397,0.9995549729,0.9985846971
TOI_3505.01_50.000s_R-0103_aligned.fits,103,2459782.6752329213,1.8479546495,1.0009253460,1.0021400354,1.0016454084,1.0020846398,1.0015691934,1.0005716075,1.0007618933,1.0002887179
TOI_3505.01_50.000s_R-0104_aligned.fits,104,2459782.6759856115,1.8660192154,0.9958601841,0.9959937789,0.9954721830,0.9951108395,0.9952248423,0.9950572136,0.9996436853,1.0011219645
TOI_3505.01_50.000s_R-0105_aligned.fits,105,2459782.6767384834,1.8840881400,0.9977871191,0.9983132525,0.9970681714,0.9968658894,0.9975167455,0.9978148143,0.9979739583,0.9986520577
TOI_3505.01_50.000s_R-0106_aligned.fits,106,2459782.6774914246,1.9021587297,0.9991935100,0.9998661587,0.9993411625,0.9981451696,0.9987336698,0.9988020246,0.9993041931,1.0003176901
TOI_3505.01_50.000s_R-0107_aligned.fits,107,2459782.6782447444,1.9202384055,0.9981213596,0.9987394751,0.9982099574,0.9975918359,0.9983473308,0.9991661505,0.9985286769,0.9985498490
TOI_3505.01_50.000s_R-0108_aligned.fits,108,2459782.6789978519,1.9383129850,1.0009045033,1.0011983471,1.0009627369,1.0014805181,1.0012446116,1.0001345764,1.0006404228,1.0017597727
TOI_3505.01_50.000s_R-0109_aligned.fits,109,2459782.6797503065,1.9563718960,1.0038044207,1.0008959117,1.0024160572,1.0033902133,1.0030696781,1.0042548537,1.0040806220,1.0066469644
TOI_3505.01_50.000s_R-0110_aligned.fits,110,2459782.6805032138,1.9744416699,1.0051235901,1.0037972062,1.0050676070,1.0043909216,1.0046120895,1.0031629129,1.0047295747,1.0033398914
TOI_3505.01_50.000s_R-0111_aligned.fits,111,2459782.6812559585,1.9925075434,0.9984986177,0.9963569072,0.9966232373,0.9979788279,0.9987621499,1.0010481039,1.0018252835,1.0016375001
TOI_3505.01_50.000s_R-0112_aligned.fits,112,2459782.6820092103,2.0105855875,1.0030942968,1.0003456144,1.0004112359,1.0006940934,1.0022443481,1.0011543750,1.0017334429,1.0029284060
TOI_3505.01_50.000s_R-0113_aligned.fits,113,2459782.6827624757,2.0286639556,0.9992092979,0.9998168861,0.9991604764,1.0004693445,0.9997545316,0.9988758597,0.9988279254,1.0001021953
TOI_3505.01_50.000s_R-0114_aligned.fits,114,2459782.6835151580,2.0467283316,0.9992893092,1.0008830759,1.0006132286,0.9994875532,0.9998880685,0.9985109122,0.9979248755,0.9972686764
TOI_3505.01_50.000s_R-0115_aligned.fits,115,2459782.6842677188,2.0647897907,1.0007581829,0.9998750414,0.9995159910,0.9991061147,1.0005992625,1.0000000000,1.0000848081,1.0014661066
TOI_3505.01_50.000s_R-0116_aligned.fits,116,2459782.6850199620,2.0828436278,1.0020721909,0.9992487285,1.0012657321,1.0016977988,1.0011418458,1.0004441381,0.9999751873,1.0010154839
TOI_3505.01_50.000s_R-0117_aligned.fits,117,2459782.6857723058,2.1008998789,0.9994037997,0.9981977111,0.9984522873,0.9995798769,0.9997855824,0.9994522836,0.9997858718,1.0004622009
TOI_3505.01_50.000s_R-0118_aligned.fits,118,2459782.6865251865,2.1189690158,0.9988629264,0.9986614905,0.9995291152,1.0004848437,0.9991523102,0.9990772420,0.9989718212,0.9995889017
TOI_3505.01_50.000s_R-0119_aligned.fits,119,2459782.6872787620,2.1370548271,0.9994332772,0.9995069490,0.9998155256,1.0000141694,0.9995911014,0.9993905704,1.0012524390,1.0035964591
TOI_3505.01_50.000s_R-0120_aligned.fits,120,2459782.6880318290,2.1551284343,1.0012861493,1.0006881998,1.0015115127,1.0016144894,1.0015951015,1.0010336266,1.0007945944,1.0020011706
TOI_3505.01_50.000s_R-0121_aligned.fits,121,2459782.6887850352,2.1732053831,1.0006669367,1.0020959739,1.0017473024,1.0021321946,1.0004061205,0.9998081726,0.9995736064,0.9999826873
TOI_3505.01_50.000s_R-0122_aligned.fits,122,2459782.6895380071,2.1912767105,1.0023764659,0.9999412071,1.0007710180,1.0016865190,1.0019065411,1.0022768131,1.0036458815,1.0041464654
TOI_3505.01_50.000s_R-0123_aligned.fits,123,2459782.6902910583,2.2093499377,1.0017129734,1.0001078529,1.0005332697,1.0003349878,1.0008521447,1.0005189616,0.9985954434,1.0007463815
TOI_3505.01_50.000s_R-0124_aligned.fits,124,2459782.6910441252,2.2274235450,0.9979272323,0.9996843320,0.9994601374,0.9985607573,0.9977603660,0.9971940444,0.9990273009,0.9989607357
TOI_3505.01_50.000s_R-0125_aligned.fits,125,2459782.6917973706,2.2455014326,0.9974205690,0.9987365784,0.9992912434,0.9980055518,0.9970075248,0.9975064002,0.9967682896,0.9977500024
TOI_3505.01_50.000s_R-0126_aligned.fits,126,2459782.6925499006,2.2635621540,0.9976081825,0.9988608191,0.9987578300,0.9971672268,0.9969615019,0.9971775947,0.9973639095,0.9970631308
TOI_3505.01_50.000s_R-0127_aligned.fits,127,2459782.6933032637,2.2816428691,1.0051579267,1.0025873176,1.0030940519,1.0046077908,1.0053674881,1.0058064121,1.0078578829,1.0084464257
TOI_3505.01_50.000s_R-0128_aligned.fits,128,2459782.6940560760,2.2997103631,1.0005981354,1.0011914005,1.0000273884,1.0010098831,1.0004311754,0.9983473134,0.9992481837,0.9998191833
TOI_3505.01_50.000s_R-0129_aligned.fits,129,2459782.6948093004,2.3177877478,1.0260067890,1.0128437832,1.0144951243,1.0191705398,1.0231855155,1.0192990616,1.0191606949,1.0214752605
TOI_3505.01_50.000s_R-0130_aligned.fits,130,2459782.6955639157,2.3358985148,1.0297459805,1.0154109413,1.0246617163,1.0236458737,1.0312922565,1.0492655227,1.0437305404,1.0474839594
TOI_3505.01_50.000s_R-0131_aligned.fits,131,2459782.6963179847,2.3539961725,1.0029098996,1.0016750950,1.0005118959,1.0018671016,1.0017789124,1.0022666429,1.0036107190,1.0023805587
TOI_3505.01_50.000s_R-0132_aligned.fits,132,2459782.6970712738,2.3720751107,0.9950174302,0.9941490903,0.9945143138,0.9937301904,0.9939532730,0.9928871907,0.9922212924,0.9904101785
TOI_3505.01_50.000s_R-0133_aligned.fits,133,2459782.6978248958,2.3901620395,1.0035858437,1.0056186987,1.0032031417,1.0026981396,1.0037846107,1.0026493697,1.0032814754,1.0048709001
TOI_3505.01_50.000s_R-0134_aligned.fits,134,2459782.6985779367,2.4082350209,0.9946172008,0.9950847761,0.9940762634,0.9934694787,0.9937954727,0.9922264189,0.9903225878,0.9922168019
TOI_3505.01_50.000s_R-0135_aligned.fits,135,2459782.6993383258,2.4264843576,1.0032865208,0.9988860476,0.9987443115,1.0007908701,1.0036499827,1.0049265756,1.0051046343,1.0074366746
TOI_3505.01_50.000s_R-0136_aligned.fits,136,2459782.7000936135,2.4446112625,0.9983378298,0.9959021698,0.9943919189,0.9971520236,0.9975443021,0.9975842045,0.9998362670,1.0007311473
TOI_3505.01_50.000s_R-0137_aligned.fits,137,2459782.7008470711,2.4626942463,0.9970694599,0.9977240498,0.9963371354,0.9985464948,0.9990674324,0.9971530941,0.9983806039,1.0032335855
TOI_3505.01_50.000s_R-0138_aligned.fits,138,2459782.7016101852,2.4810089841,0.9967753666,0.9913844502,0.9929603599,0.9958275316,0.9964287368,1.0007567195,1.0027119338,1.0093671944
TOI_3505.01_50.000s_R-0139_aligned.fits,139,2459782.7023696420,2.4992359467,0.9889302171,0.9903428081,0.9880546549,0.9892757859,0.9889700918,0.9869196610,0.9861139716,0.9866638488
TOI_3505.01_50.000s_R-0140_aligned.fits,140,2459782.7031324874,2.5175442360,1.0036543505,0.9999157122,1.0024098111,1.0013648249,1.0032039645,1.0041211418,1.0034365438,1.0055071803
TOI_3505.01_50.000s_R-0141_aligned.fits,141,2459782.7038899334,2.5357229412,1.0059343452,1.0056550025,1.0037839932,1.0048124180,1.0058023370,1.0067719871,1.0076114685,1.0071631881
TOI_3505.01_50.000s_R-0142_aligned.fits,142,2459782.7046428472,2.5537928715,0.9966603048,0.9998485577,1.0003624290,0.9999843740,0.9969493547,0.9938732726,0.9945314486,0.9938618483
TOI_3505.01_50.000s_R-0143_aligned.fits,143,2459782.7054009773,2.5719879940,0.9964394399,0.9993774244,0.9999321739,0.9976036170,0.9965180781,0.9965715381,1.0011146988,0.9999450096
TOI_3505.01_50.000s_R-0144_aligned.fits,144,2459782.7061556340,2.5900997557,1.0032882344,1.0000912556,1.0002611446,1.0019627804,1.0023128277,1.0016042562,1.0041127582,1.0071518806
TOI_3505.01_50.000s_R-0145_aligned.fits,145,2459782.7069090409,2.6081815213,0.9951131855,0.9967647333,0.9960210493,0.9947750509,0.9950449813,0.9943722850,0.9962546897,0.9942670036
TOI_3505.01_50.000s_R-0146_aligned.fits,146,2459782.7076630625,2.6262780391,1.0104713671,1.0062555981,1.0076908157,1.0082889937,1.0097206378,1.0098419857,1.0114103291,1.0122907563
TOI_3505.01_50.000s_R-0147_aligned.fits,147,2459782.7084165383,2.6443614587,1.0051240465,1.0014294067,1.0035499258,1.0050113495,1.0050266499,1.0051510861,1.0049113232,1.0031192138
TOI_3505.01_50.000s_R-0148_aligned.fits,148,2459782.7091704095,2.6624543667,1.0024112544,1.0003022182,1.0015057934,1.0017080240,1.0025975076,1.0014789661,1.0020927988,1.0030606990
TOI_3505.01_50.000s_R-0149_aligned.fits,149,2459782.7099231686,2.6805205867,1.0028409170,1.0038563969,1.0040569384,1.0034288417,1.0038468188,1.0053554432,1.0061899349,1.0055562889
TOI_3505.01_50.000s_R-0150_aligned.fits,150,2459782.7106763357,2.6985965967,0.9958842921,0.9967599181,0.9983827414,0.9979861258,0.9963148490,0.9956109100,0.9952523076,0.9965784942
TOI_3505.01_50.000s_R-0151_aligned.fits,151,2459782.7114293799,2.7166696563,1.0020596300,1.0006167199,1.0004567470,1.0019629374,1.0020370075,1.0017164985,1.0011377704,0.9996141679
TOI_3505.01_50.000s_R-0152_aligned.fits,152,2459782.7121820669,2.7347341441,0.9987129606,0.9986907238,0.9988784504,0.9992131468,0.9994066097,1.0009948700,0.9997731167,0.9985854486
TOI_3505.01_50.000s_R-0153_aligned.fits,153,2459782.7129347818,2.7527993023,0.9988853966,1.0002479171,0.9999159677,0.9999183431,0.9992438387,1.0000075988,0.9991132691,0.9974197892
TOI_3505.01_50.000s_R-0154_aligned.fits,154,2459782.7136881002,2.7708789445,1.0015723952,1.0021914887,1.0014607171,1.0015799856,1.0014115595,1.0006172138,0.9998318769,0.9994866271
TOI_3505.01_50.000s_R-0155_aligned.fits,155,2459782.7144411867,2.7889530212,1.0005827832,1.0023626835,1.0010680530,1.0005220685,1.0003987002,1.0010235757,1.0019873155,1.0019406222
TOI_3505.01_50.000s_R-0156_aligned.fits,156,2459782.7151942407,2.8070263155,0.9990341341,1.0006150003,0.9993804768,0.9992915336,0.9984653994,0.9981773471,0.9984951550,0.9970867987
TOI_3505.01_50.000s_R-0157_aligned.fits,157,2459782.7159470404,2.8250935078,0.9999311756,1.0001222616,0.9999721460,0.9992146638,0.9998102229,0.9990802444,0.9998556547,0.9989123936
TOI_3505.01_50.000s_R-0158_aligned.fits,158,2459782.7166993860,2.8431498036,1.0010140828,1.0003627579,1.0011665980,1.0011010205,1.0007246188,1.0011101101,1.0013222830,1.0009199094
TOI_3505.01_50.000s_R-0159_aligned.fits,159,2459782.7174525233,2.8612250984,1.0009033080,0.9993581606,1.0000000000,0.9995524643,0.9994345070,0.9985273247,0.9989909674,0.9995893019
TOI_3505.01_50.000s_R-0160_aligned.fits,160,2459782.7182062040,2.8793134354,1.0019948291,0.9990994376,1.0005555892,1.0007270200,1.0022011741,1.0014910273,1.0017530806,1.0000219566
TOI_3505.01_50.000s_R-0161_aligned.fits,161,2459782.7189587019,2.8973733857,0.9978954087,0.9992018269,0.9999874467,0.9988359873,0.9978813714,0.9966186574,0.9960651244,0.9947101285
TOI_3505.01_50.000s_R-0162_aligned.fits,162,2459782.7197117265,2.9154459760,1.0012258187,1.0018856740,1.0007809253,1.0009605919,1.0005846480,1.0013007276,1.0017149379,0.9999774016
TOI_3505.01_50.000s_R-0163_aligned.fits,163,2459782.7204649015,2.9335221760,1.0009269127,1.0003346315,1.0002682843,1.0009457876,1.0007769400,0.9993401201,0.9993376918,0.9987592246
TOI_3505.01_50.000s_R-0164_aligned.fits,164,2459782.7212174460,2.9515832439,1.0009621918,1.0041380504,1.0032660443,1.0028942085,1.0008930821,1.0010685317,1.0013371649,0.9985226870
TOI_3505.01_50.000s_R-0165_aligned.fits,165,2459782.7219702462,2.9696504474,0.9998976835,1.0010403611,0.9998281827,0.9996225960,0.9997938437,0.9990039278,0.9997044898,1.0003268046
TOI_3505.01_50.000s_R-0166_aligned.fits,166,2459782.7227233690,2.9877253957,1.0027374076,1.0025222955,1.0024451275,1.0023915128,1.0023422290,1.0014417434,1.0017637783,1.0013898142
TOI_3505.01_50.000s_R-0167_aligned.fits,167,2459782.7234762423,3.0057943538,0.9981993651,1.0012926691,1.0003276741,0.9991517956,0.9988451103,0.9972819017,0.9974799353,0.9961994088
TOI_3505.01_50.000s_R-0168_aligned.fits,168,2459782.7242292752,3.0238671452,1.0006640494,1.0016142358,1.0004470187,1.0003055286,1.0011582175,1.0013792317,1.0013332721,1.0000896019
TOI_3505.01_50.000s_R-0169_aligned.fits,169,2459782.7249825085,3.0419447422,0.9984980627,0.9995178637,0.9991473495,0.9991806016,0.9983767005,0.9976090817,0.9965526742,0.9973086401
TOI_3505.01_50.000s_R-0170_aligned.fits,170,2459782.7257356197,3.0600194111,0.9997413361,1.0006147013,1.0006454974,1.0006340582,0.9997166769,0.9999085030,0.9985366166,0.9974650643
TOI_3505.01_50.000s_R-0171_aligned.fits,171,2459782.7264877493,3.0780705214,1.0003412715,0.9994250920,1.0004639627,1.0012498978,0.9999519763,1.0015304624,1.0016583177,1.0014535074
TOI_3505.01_50.000s_R-0172_aligned.fits,172,2459782.7272400553,3.0961258672,1.0031260156,1.0019493097,1.0019601608,1.0024264469,1.0030735760,1.0038868382,1.0036102062,1.0046659977
TOI_3505.01_50.000s_R-0173_aligned.fits,173,2459782.7279928620,3.1141932271,0.9999294221,0.9989801728,0.9995657677,1.0005837226,1.0002394353,0.9982964079,0.9984854222,0.9977923070
TOI_3505.01_50.000s_R-0174_aligned.fits,174,2459782.7287457399,3.1322622970,1.0020760968,1.0021754358,1.0013495789,1.0022398201,1.0023828103,1.0034424698,1.0029774017,1.0015352832
TOI_3505.01_50.000s_R-0175_aligned.fits,175,2459782.7294984516,3.1503273770,1.0006804154,1.0011048632,1.0009122672,1.0014816680,1.0001939564,0.9986108779,0.9970878881,0.9971310936
TOI_3505.01_50.000s_R-0176_aligned.fits,176,2459782.7302514496,3.1683993302,0.9981275981,0.9988069963,0.9986386692,0.9978182396,0.9985088354,0.9974335724,0.9972043373,0.9970626000
TOI_3505.01_50.000s_R-0177_aligned.fits,177,2459782.7310045240,3.1864731163,0.9974827314,0.9972754961,0.9969659620,0.9973653342,0.9975633904,0.9959867377,0.9956156621,0.9954489878
TOI_3505.01_50.000s_R-0178_aligned.fits,178,2459782.7317572888,3.2045394704,0.9994264301,0.9990902085,0.9992634948,0.9994281624,0.9994036591,0.9995504828,1.0001861716,0.9997604565
TOI_3505.01_50.000s_R-0179_aligned.fits,179,2459782.7325102086,3.2226095460,1.0000068265,0.9993866727,1.0008256542,1.0014958595,0.9999497188,0.9995883932,1.0005194175,1.0000099793
TOI_3505.01_50.000s_R-0180_aligned.fits,180,2459782.7332626660,3.2406685241,0.9991288227,0.9984915086,0.9989431203,0.9992687983,0.9986107501,0.9990369283,0.9991506245,0.9978023983
TOI_3505.01_50.000s_R-0181_aligned.fits,181,2459782.7340161237,3.2587515078,0.9971109169,0.9972996866,0.9964544965,0.9965219628,0.9969879383,0.9956806775,0.9952628949,0.9944376462
TOI_3505.01_50.000s_R-0182_aligned.fits,182,2459782.7347689266,3.2768187784,1.0010796986,1.0000561787,1.0002040996,1.0007240171,1.0009594605,1.0005696307,1.0011558601,1.0011937340
TOI_3505.01_50.000s_R-0183_aligned.fits,183,2459782.7355222134,3.2948976606,0.9970901923,0.9970891047,0.9968546533,0.9968843004,0.9971388871,0.9961666338,0.9956307286,0.9963615835
TOI_3505.01_50.000s_R-0184_aligned.fits,184,2459782.7362753092,3.3129719608,0.9969227907,0.9992912921,0.9982720719,0.9974556897,0.9968996509,0.9957405695,0.9940104714,0.9932860797
TOI_3505.01_50.000s_R-0185_aligned.fits,185,2459782.7370285932,3.3310507759,0.9994535631,1.0006902536,0.9997035833,1.0000518399,0.9995791675,0.9988808255,0.9989522984,0.9974011674
TOI_3505.01_50.000s_R-0186_aligned.fits,186,2459782.7377808141,3.3491040766,1.0030129893,1.0034692370,1.0047394773,1.0049710763,1.0026423806,1.0014988639,1.0009704772,1.0010218413
TOI_3505.01_50.000s_R-0187_aligned.fits,187,2459782.7385334913,3.3671683297,0.9971998552,0.9968249407,0.9974619150,0.9976688572,0.9975416553,0.9980425991,0.9981869668,0.9987623997
TOI_3505.01_50.000s_R-0188_aligned.fits,188,2459782.7392867822,3.3852473125,1.0012591590,1.0007555150,1.0008314155,1.0018529463,1.0014064258,1.0020290017,1.0010430131,0.9985199715
TOI_3505.01_50.000s_R-0189_aligned.fits,189,2459782.7400401402,3.4033279046,1.0015134968,1.0009734595,1.0009864364,1.0010562153,1.0014281263,1.0018957156,1.0020028096,1.0025204150
TOI_3505.01_50.000s_R-0190_aligned.fits,190,2459782.7407929031,3.4213942140,1.0037977118,1.0016549558,1.0023207739,1.0030036552,1.0038609384,1.0034557418,1.0033783011,1.0042508148
TOI_3505.01_50.000s_R-0191_aligned.fits,191,2459782.7415451775,3.4394487999,1.0041705691,1.0014067596,1.0027092044,1.0028652564,1.0038504010,1.0037132297,1.0009579245,1.0000987086
TOI_3505.01_50.000s_R-0192_aligned.fits,192,2459782.7422982855,3.4575233907,0.9978140331,0.9975835760,0.9961716655,0.9972030021,0.9975109736,0.9971968769,0.9968639139,0.9961113562
TOI_3505.01_50.000s_R-0193_aligned.fits,193,2459782.7430506404,3.4755799100,1.0009811067,1.0003479331,1.0010945253,1.0005860594,1.0007564929,1.0007743137,1.0004794411,1.0001271243
TOI_3505.01_50.000s_R-0194_aligned.fits,194,2459782.7438030676,3.4936381616,1.0002474971,0.9985236109,0.9986227018,0.9999084812,1.0004240366,1.0003273249,1.0020409940,1.0029100645
TOI_3505.01_50.000s_R-0195_aligned.fits,195,2459782.7445556736,3.5117007047,1.0008874125,1.0009556613,1.0010793764,1.0008043320,1.0011692849,1.0018639402,1.0015466996,1.0015963976
TOI_3505.01_50.000s_R-0196_aligned.fits,196,2459782.7453087107,3.5297735967,1.0021163171,1.0004265642,1.0009600664,1.0018956029,1.0019672408,1.0009848089,1.0015367890,1.0032091125
TOI_3505.01_50.000s_R-0197_aligned.fits,197,2459782.7460613889,3.5478378721,1.0014400091,1.0007073077,1.0009394847,1.0009906732,1.0013617591,1.0029001622,1.0036420830,1.0041149081
TOI_3505.01_50.000s_R-0198_aligned.fits,198,2459782.7468153709,3.5659334399,0.9986628614,0.9997253911,0.9994552604,0.9987451050,0.9989805221,0.9983431853,0.9966745272,0.9959090468
TOI_3505.01_50.000s_R-0199_aligned.fits,199,2459782.7475679070,3.5839943066,0.9989608246,0.9990347940,0.9989686826,0.9992461770,0.9993193247,0.9981655156,0.9981829562,0.9992179713
TOI_3505.01_50.000s_R-0200_aligned.fits,200,2459782.7483209199,3.6020666175,0.9927624285,0.9953495823,0.9944217719,0.9929174114,0.9930136101,0.9919563188,0.9912833058,0.9906392839
TOI_3505.01_50.000s_R-0201_aligned.fits,201,2459782.7490735962,3.6201308481,0.9994884013,0.9994401893,0.9990827392,0.9997595036,0.9991160365,0.9974613082,0.9959191201,0.9963419746
TOI_3505.01_50.000s_R-0202_aligned.fits,202,2459782.7498263419,3.6381967440,1.0035331502,1.0032026820,1.0042519464,1.0029336018,1.0031445725,1.0027631167,1.0018452402,1.0016806101
TOI_3505.01_50.000s_R-0203_aligned.fits,203,2459782.7505788938,3.6562579907,0.9999979449,1.0024797055,1.0020144659,1.0017062285,0.9996806509,1.0004703245,1.0002111187,0.9994876266
TOI_3505.01_50.000s_R-0204_aligned.fits,204,2459782.7513317387,3.6743262671,1.0028053968,1.0039542241,1.0040113354,1.0028663736,1.0031099256,1.0043765027,1.0028511505,1.0046255992
TOI_3505.01_50.000s_R-0205_aligned.fits,205,2459782.7520842613,3.6923868097,1.0008385783,1.0009405952,1.0007160736,1.0007283935,1.0010290672,1.0003906522,0.9987607362,1.0001904242
TOI_3505.01_50.000s_R-0206_aligned.fits,206,2459782.7528368193,3.7104482017,1.0030331324,1.0026204417,1.0022337071,1.0031044620,1.0032244012,1.0031438659,1.0020284754,1.0018797756
TOI_3505.01_50.000s_R-0207_aligned.fits,207,2459782.7535894997,3.7285125330,1.0003472259,0.9994061125,1.0000011096,1.0008789502,1.0004052421,0.9996133748,0.9991183643,0.9987334667
TOI_3505.01_50.000s_R-0208_aligned.fits,208,2459782.7543420116,3.7465728186,0.9996073123,0.9998337085,1.0000397561,0.9995222287,0.9997983003,0.9997714678,1.0003633169,1.0002520937
TOI_3505.01_50.000s_R-0209_aligned.fits,209,2459782.7550954781,3.7646560147,1.0011167124,1.0001953083,1.0011579665,1.0019782073,1.0018423850,1.0010230748,1.0001642616,1.0008330591
TOI_3505.01_50.000s_R-0210_aligned.fits,210,2459782.7558484720,3.7827278674,0.9999871702,0.9994748468,1.0009214275,1.0005969632,1.0001465014,1.0005122178,1.0003460449,1.0009810638
TOI_3505.01_50.000s_R-0211_aligned.fits,211,2459782.7566008535,3.8007850237,1.0015330812,0.9993146452,0.9993109155,0.9994204193,1.0002866193,1.0014858242,1.0009349352,1.0012668431
TOI_3505.01_50.000s_R-0212_aligned.fits,212,2459782.7573540136,3.8188608661,0.9987233861,0.9997154139,0.9987459718,0.9987413475,0.9990564833,0.9980217092,0.9973935805,0.9980798774
TOI_3505.01_50.000s_R-0213_aligned.fits,213,2459782.7581184660,3.8372077234,1.0043295501,1.0035265364,1.0038432795,1.0043105719,1.0040714417,1.0035716841,1.0037086043,1.0025249326
TOI_3505.01_50.000s_R-0214_aligned.fits,214,2459782.7588714752,3.8552799448,1.0021747076,0.9999573394,1.0007116495,1.0018220058,1.0022502483,1.0026642191,1.0027292227,1.0014882848
TOI_3505.01_50.000s_R-0215_aligned.fits,215,2459782.7596239583,3.8733395375,0.9994511239,0.9983774986,0.9984790784,0.9981690637,0.9985602684,0.9977885360,0.9966721767,0.9968544397
TOI_3505.01_50.000s_R-0216_aligned.fits,216,2459782.7603768315,3.8914084956,0.9991343264,1.0004440754,1.0017549702,1.0003240902,0.9990601180,0.9984920167,0.9983637920,1.0002418507
TOI_3505.01_50.000s_R-0217_aligned.fits,217,2459782.7611298510,3.9094809629,0.9992744801,1.0006240385,0.9995924184,0.9989895820,0.9990488191,1.0007329588,0.9998875546,1.0005400480
TOI_3505.01_50.000s_R-0218_aligned.fits,218,2459782.7618830381,3.9275574535,1.0076157237,1.0079696000,1.0078743114,1.0073465668,1.0069938744,1.0076488763,1.0078680027,1.0083709140
TOI_3505.01_50.000s_R-0219_aligned.fits,219,2459782.7626361796,3.9456328489,0.9956873195,0.9948547477,0.9944008507,0.9952954138,0.9955980872,0.9954566167,0.9951327884,0.9953582442
TOI_3505.01_50.000s_R-0220_aligned.fits,220,2459782.7633886291,3.9636916369,1.0035194510,1.0021114835,1.0025522188,1.0036254356,1.0031989947,1.0027819517,1.0028818243,1.0031084714
TOI_3505.01_50.000s_R-0221_aligned.fits,221,2459782.7641416239,3.9817635119,1.0000796508,0.9998591547,0.9994340660,0.9990672240,1.0000640350,0.9989222243,0.9987476426,1.0003139582
TOI_3505.01_50.000s_R-0222_aligned.fits,222,2459782.7648947048,3.9998374544,1.0014804982,1.0021449653,1.0007573896,1.0020687753,1.0014794729,1.0020471652,1.0016238121,1.0016125015
TOI_3505.01_50.000s_R-0223_aligned.fits,223,2459782.7656475282,4.0179052167,0.9981025159,1.0011207178,0.9981819004,0.9977013810,0.9977635339,0.9989460257,0.9991400830,0.9991356030
TOI_3505.01_50.000s_R-0224_aligned.fits,224,2459782.7664007670,4.0359829478,0.9982716140,1.0007126647,0.9987491196,0.9988351578,0.9979370311,0.9998018270,0.9993956991,0.9964809708
TOI_3505.01_50.000s_R-0225_aligned.fits,225,2459782.7671540114,4.0540608130,0.9989985532,0.9988038371,0.9987574573,0.9993980059,0.9996168604,1.0004831578,1.0001211333,0.9983140973
TOI_3505.01_50.000s_R-0226_aligned.fits,226,2459782.7679064879,4.0721202493,1.0002104512,1.0002669918,1.0006277313,1.0003535978,1.0003039935,1.0002239794,0.9997461799,1.0000783985
TOI_3505.01_50.000s_R-0227_aligned.fits,227,2459782.7686598850,4.0902017802,0.9993727754,1.0000323307,0.9994736057,0.9995754620,0.9988503635,0.9988740826,0.9985534672,0.9975909196
TOI_3505.01_50.000s_R-0228_aligned.fits,228,2459782.7694134377,4.1082870439,0.9999704853,1.0000769541,0.9999007767,1.0000747171,1.0000539137,0.9997531714,1.0009028163,1.0009778973
TOI_3505.01_50.000s_R-0229_aligned.fits,229,2459782.7701664320,4.1263589077,1.0011113726,1.0015937817,1.0010518749,1.0004838648,1.0012286356,0.9997909809,1.0021929234,1.0023850631
TOI_3505.01_50.000s_R-0230_aligned.fits,230,2459782.7709195474,4.1444336772,1.0067575751,1.0050229762,1.0051204556,1.0063014332,1.0062825299,1.0054035477,1.0040734860,1.0027950097
TOI_3505.01_50.000s_R-0231_aligned.fits,231,2459782.7716841977,4.1627852842,1.0011178539,1.0023482301,1.0003985239,1.0007776208,1.0012886016,1.0012936945,1.0018408347,0.9996455419
TOI_3505.01_50.000s_R-0232_aligned.fits,232,2459782.7724372265,4.1808579750,1.0035837244,1.0021952152,1.0025836546,1.0034270701,1.0043252474,1.0044195529,1.0047159679,1.0027729602
TOI_3505.01_50.000s_R-0233_aligned.fits,233,2459782.7731901570,4.1989283077,0.9996158917,0.9991909018,0.9989340603,0.9994233764,0.9999908281,1.0001811085,0.9995884723,0.9979146029
TOI_3505.01_50.000s_R-0234_aligned.fits,234,2459782.7739435956,4.2170108333,1.0004610991,1.0057894721,1.0047438662,1.0024739709,0.9999591265,1.0001519850,1.0039122744,1.0044736918
TOI_3505.01_50.000s_R-0235_aligned.fits,235,2459782.7746966756,4.2350847535,0.9998689754,0.9938502982,0.9951316255,0.9966709506,0.9998041427,1.0006772765,1.0033329068,1.0034354609
TOI_3505.01_50.000s_R-0236_aligned.fits,236,2459782.7754508555,4.2531850711,0.9999882680,0.9960225639,0.9957476444,0.9972192803,0.9996209382,1.0006487356,1.0006653078,0.9980476980
TOI_3505.01_50.000s_R-0237_aligned.fits,237,2459782.7762046782,4.2712768167,1.0012203790,0.9975055011,0.9985842901,0.9998369537,1.0004773141,1.0002752131,0.9996157157,0.9991471171
TOI_3505.01_50.000s_R-0238_aligned.fits,238,2459782.7769582062,4.2893614881,1.0024404483,0.9994473011,1.0016929367,1.0021633168,1.0023802662,1.0017757958,1.0032823535,1.0051594610
TOI_3505.01_50.000s_R-0239_aligned.fits,239,2459782.7777132667,4.3074829392,0.9950040015,0.9932262248,0.9958519568,0.9968268961,0.9955661018,0.9942646617,0.9963501059,0.9962218627
TOI_3505.01_50.000s_R-0240_aligned.fits,240,2459782.7784713698,4.3256774135,0.9962953436,0.9952648319,0.9954119509,0.9968752790,0.9966490531,0.9954004887,0.9969408755,0.9977097666
TOI_3505.01_50.000s_R-0241_aligned.fits,241,2459782.7792286621,4.3438524306,0.9960800866,0.9939567546,0.9947691825,0.9957421161,0.9961103862,0.9953792836,0.9964143538,0.9960338403
TOI_3505.01_50.000s_R-0242_aligned.fits,242,2459782.7799883364,4.3620846123,1.0002011738,0.9954898803,0.9979037909,1.0009026556,1.0006530278,1.0015973563,0.9990041439,0.9997593564
TOI_3505.01_50.000s_R-0243_aligned.fits,243,2459782.7807455729,4.3802582882,0.9970249984,0.9889263457,0.9931497868,0.9953741998,0.9967809894,0.9997190145,0.9996040137,0.9976454214
TOI_3505.01_50.000s_R-0244_aligned.fits,244,2459782.7814999372,4.3983630314,0.9821363749,0.9841168739,0.9838428984,0.9830630622,0.9813858731,0.9780114458,0.9777641588,0.9775794391
TOI_3505.01_50.000s_R-0245_aligned.fits,245,2459782.7822548579,4.4164811298,1.0066732900,1.0112984558,1.0052029065,1.0056030034,1.0082806281,1.0117852453,1.0104083466,1.0035722773
TOI_3505.01_50.000s_R-0246_aligned.fits,246,2459782.7830085154,4.4345689081,1.0006646567,0.9942403979,0.9985702397,0.9988728993,0.9993182172,0.9974623594,0.9962171408,0.9941703541
TOI_3505.01_50.000s_R-0247_aligned.fits,247,2459782.7837648145,4.4527200870,0.9901282195,0.9873757979,0.9877886166,0.9892562569,0.9897975564,0.9913000053,0.9920962244,0.9896271403
TOI_3505.01_50.000s_R-0248_aligned.fits,248,2459782.7845243327,4.4709485248,0.9979153569,0.9946319865,0.9946076820,0.9964572079,0.9978026497,0.9981014021,0.9969465834,0.9954964436
TOI_3505.01_50.000s_R-0249_aligned.fits,249,2459782.7852845681,4.4891941734,0.9907528240,0.9937102898,0.9935463868,0.9933683408,0.9910996270,0.9916246968,0.9929520934,0.9942135884
TOI_3505.01_50.000s_R-0250_aligned.fits,250,2459782.7860405776,4.5073384009,0.9954184617,0.9958519869,0.9958414108,0.9956984631,0.9950229260,0.9945969327,0.9958860602,0.9962818174
TOI_3505.01_50.000s_R-0251_aligned.fits,251,2459782.7868010262,4.5255891681,0.9914931519,0.9911132271,0.9911990469,0.9934207693,0.9912511410,0.9925318816,0.9928348194,0.9887322313
TOI_3505.01_50.000s_R-0252_aligned.fits,252,2459782.7875607163,4.5438217297,0.9992185188,0.9987025564,0.9985488171,0.9985189975,1.0001494342,1.0001339188,0.9995306790,0.9958649460
TOI_3505.01_50.000s_R-0253_aligned.fits,253,2459782.7883201572,4.5620483123,0.9881894720,0.9876672901,0.9861897817,0.9873124368,0.9867430058,0.9851805919,0.9843824555,0.9844809917
TOI_3505.01_50.000s_R-0254_aligned.fits,254,2459782.7890817099,4.5803255774,0.9948332106,0.9965499948,0.9958919462,0.9955551455,0.9951130654,0.9974224860,0.9992152955,0.9975902141
TOI_3505.01_50.000s_R-0255_aligned.fits,255,2459782.7898395183,4.5985129774,1.0016510901,0.9983181878,0.9995472082,1.0016462451,1.0022148274,1.0018581068,1.0000000000,1.0018514014
TOI_3505.01_50.000s_R-0256_aligned.fits,256,2459782.7905998630,4.6167612523,1.0031836519,1.0008931280,1.0006534931,1.0013185021,1.0027982561,1.0017582481,1.0016291035,0.9978086840
TOI_3505.01_50.000s_R-0257_aligned.fits,257,2459782.7913538311,4.6348564848,1.0036700682,1.0015451696,1.0010382694,1.0022716133,1.0033154648,1.0040792102,1.0033664298,1.0003246786
TOI_3505.01_50.000s_R-0258_aligned.fits,258,2459782.7921076119,4.6529472247,0.9989329445,0.9974663616,0.9975140233,0.9985831397,0.9990256927,0.9995321339,0.9996321873,0.9950720557
TOI_3505.01_50.000s_R-0259_aligned.fits,259,2459782.7928616721,4.6710446700,0.9979358049,0.9983590598,0.9974943793,0.9985964895,0.9982852250,1.0018167384,1.0021737560,1.0016690016
TOI_3505.01_50.000s_R-0260_aligned.fits,260,2459782.7936161715,4.6891526543,0.9978436477,0.9988032057,0.9999085084,0.9990660667,0.9971845383,0.9964484345,0.9961310118,0.9939602018
TOI_3505.01_50.000s_R-0261_aligned.fits,261,2459782.7943770611,4.7074140050,0.9928257019,0.9916977188,0.9916046984,0.9916867729,0.9928339190,0.9954042315,0.9983570616,0.9981726068
TOI_3505.01_50.000s_R-0262_aligned.fits,262,2459782.7951350249,4.7256051376,0.9930235748,0.9928983535,0.9922596386,0.9924788780,0.9924411757,0.9954640675,0.9953391783,0.9938678220
TOI_3505.01_50.000s_R-0263_aligned.fits,263,2459782.7958915341,4.7437613569,0.9839091183,0.9879596673,0.9865606175,0.9856119522,0.9854403590,0.9879709181,0.9892289443,0.9891904825
TOI_3505.01_50.000s_R-0264_aligned.fits,264,2459782.7966453354,4.7618525885,0.9819488730,0.9843788813,0.9839931393,0.9848836279,0.9837690141,0.9837352778,0.9848306741,0.9861038425
TOI_3505.01_50.000s_R-0265_aligned.fits,265,2459782.7973991074,4.7799431160,0.9898412299,0.9907098908,0.9872444913,0.9892645259,0.9908653377,0.9924124053,0.9952616988,0.9952308345
TOI_3505.01_50.000s_R-0266_aligned.fits,266,2459782.7981529119,4.7980344258,0.9969229534,0.9910433663,0.9908728096,0.9962244764,0.9970793554,0.9944257398,0.9929020409,0.9892053562
TOI_3505.01_50.000s_R-0267_aligned.fits,267,2459782.7989072786,4.8161392249,1.0014599480,0.9965213894,0.9940231954,0.9984843566,0.9999372241,0.9997928839,0.9971842417,0.9974867606
TOI_3505.01_50.000s_R-0268_aligned.fits,268,2459782.7996603507,4.8342129551,1.0099324124,1.0074571000,1.0081787699,1.0089970834,1.0096101695,1.0072199401,1.0049791147,1.0039462962
TOI_3505.01_50.000s_R-0269_aligned.fits,269,2459782.8004136644,4.8522924855,0.9767447984,0.9802908305,0.9824431512,0.9854495403,0.9795312053,0.9766609707,0.9812872057,0.9814625074
TOI_3505.01_50.000s_R-0270_aligned.fits,270,2459782.8011668329,4.8703685291,0.9979420061,0.9976116484,0.9969917578,0.9996196357,0.9994412812,0.9995703027,1.0102873815,1.0087282882
TOI_3505.01_50.000s_R-0271_aligned.fits,271,2459782.8019205416,4.8884575367,0.9900488251,0.9796262452,0.9826676046,0.9874576067,0.9883909180,0.9940967663,0.9973402703,1.0028718494
TOI_3505.01_50.000s_R-0272_aligned.fits,272,2459782.8026749203,4.9065626264,0.9957246947,0.9951864825,0.9940092951,0.9962231190,0.9961180364,0.9950258926,0.9974356952,0.9953286215
TOI_3505.01_50.000s_R-0273_aligned.fits,273,2459782.8034281861,4.9246410057,0.9963054179,0.9979609204,0.9941748716,0.9971589909,0.9997375922,0.9998990593,1.0032887945,1.0034657681
TOI_3505.01_50.000s_R-0274_aligned.fits,274,2459782.8041823604,4.9427411892,0.9778594470,0.9859009253,0.9861622386,0.9847869697,0.9792734160,0.9790536168,0.9833498085,0.9850911932
TOI_3505.01_50.000s_R-0275_aligned.fits,275,2459782.8049353827,4.9608137235,1.0000000000,0.9890457610,0.9957445206,0.9986168193,0.9977713761,1.0032214199,1.0068129432,1.0046088664
TOI_3505.01_50.000s_R-0276_aligned.fits,276,2459782.8056891970,4.9789052680,0.9991766517,0.9980561571,0.9963624094,1.0038818548,1.0009183340,0.9955580659,1.0068020770,1.0093869802
TOI_3505.01_50.000s_R-0277_aligned.fits,277,2459782.8064434510,4.9970073625,0.9871532380,0.9840424643,0.9802225417,0.9825484346,0.9873869409,0.9867542659,0.9843586930,0.9875002887
TOI_3505.01_50.000s_R-0278_aligned.fits,278,2459782.8071970316,5.0150932968,0.9825675059,0.9895136459,0.9878955581,0.9854240705,0.9850039305,0.9862146512,0.9845321919,0.9841621679
TOI_3505.01_50.000s_R-0279_aligned.fits,279,2459782.8079504250,5.0331747383,0.9915380843,0.9923177399,0.9900299574,0.9904230207,0.9921759901,0.9957857327,0.9945202574,0.9924917239
TOI_3505.01_50.000s_R-0280_aligned.fits,280,2459782.8087046882,5.0512770563,0.9925490023,0.9908073373,0.9905244564,0.9925324599,0.9912225076,0.9912902897,0.9902140095,0.9871636383
TOI_3505.01_50.000s_R-0281_aligned.fits,281,2459782.8094587056,5.0693734735,0.9932364555,0.9881039344,0.9894354776,0.9939259927,0.9964751912,0.9987909889,1.0008078587,0.9965915446
