slice,date_obs_utc_start,exposure_seconds,stored_jd_utc_midpoint,stored_bjd_tdb,recalculated_bjd_tdb_from_jd_utc,recalculation_minus_stored_seconds,dateobs_midpoint_bjd_tdb,dateobs_midpoint_minus_stored_seconds
1,2022-07-22T02:13:25.04,50.000000000000,2459782.592918081675,2459782.598234810866,2459782.598234812263,0.000120699406,2459782.598257008940,1.917913556099
2,2022-07-22T02:14:30.74,50.000000000000,2459782.593689093832,2459782.599005828146,2459782.599005829543,0.000120699406,2459782.599017430563,1.002448797226
3,2022-07-22T02:15:36.48,50.000000000000,2459782.594450222794,2459782.599766962230,2459782.599766963627,0.000120699406,2459782.599778315052,0.980883836746
4,2022-07-22T02:16:42.23,50.000000000000,2459782.595211074688,2459782.600527819246,2459782.600527820643,0.000120699406,2459782.600539315492,0.993275642395
5,2022-07-22T02:17:47.98,50.000000000000,2459782.595971685369,2459782.601288434584,2459782.601288436446,0.000160932541,2459782.601300315931,1.026548445225
6,2022-07-22T02:18:53.61,50.000000000000,2459782.596731943544,2459782.602048697881,2459782.602048699744,0.000160932541,2459782.602059927303,0.970222055912
7,2022-07-22T02:19:59.29,50.000000000000,2459782.597492056433,2459782.602808815893,2459782.602808817755,0.000160932541,2459782.602820117958,0.976498425007
8,2022-07-22T02:21:05.11,50.000000000000,2459782.598253603093,2459782.603570367675,2459782.603570369538,0.000160932541,2459782.603581928182,0.998827815056
9,2022-07-22T02:22:10.79,50.000000000000,2459782.599013784435,2459782.604330554139,2459782.604330555536,0.000120699406,2459782.604342118371,0.999149680138
10,2022-07-22T02:23:16.54,50.000000000000,2459782.599775064737,2459782.605091839563,2459782.605091840960,0.000120699406,2459782.605103118811,0.974527001381
11,2022-07-22T02:24:22.36,50.000000000000,2459782.600536676589,2459782.605853456073,2459782.605853457935,0.000160932541,2459782.605864929501,0.991304218769
12,2022-07-22T02:25:28.17,50.000000000000,2459782.601298210677,2459782.606614995282,2459782.606614997145,0.000160932541,2459782.606626624241,1.004742085934
13,2022-07-22T02:26:33.98,50.000000000000,2459782.602060179226,2459782.607376968954,2459782.607376970816,0.000160932541,2459782.607388319448,0.980682671070
14,2022-07-22T02:27:39.79,50.000000000000,2459782.602821660694,2459782.608138455544,2459782.608138456941,0.000120699406,2459782.608150014188,0.998666882515
15,2022-07-22T02:28:45.49,50.000000000000,2459782.603581836447,2459782.608898636419,2459782.608898637816,0.000120699406,2459782.608910435811,1.019467413425
16,2022-07-22T02:29:51.17,50.000000000000,2459782.604342253879,2459782.609659058508,2459782.609659060370,0.000160932541,2459782.609670626000,0.999431312084
17,2022-07-22T02:30:57.04,50.000000000000,2459782.605104360264,2459782.610421170015,2459782.610421171878,0.000160932541,2459782.610433015507,1.023450493813
18,2022-07-22T02:32:02.86,50.000000000000,2459782.605866529513,2459782.611183344387,2459782.611183346249,0.000160932541,2459782.611194825731,0.991988182068
19,2022-07-22T02:33:08.48,50.000000000000,2459782.606626240071,2459782.611943060067,2459782.611943061464,0.000120699406,2459782.611954321619,0.972998142242
20,2022-07-22T02:34:14.23,50.000000000000,2459782.607386705931,2459782.612703530584,2459782.612703532446,0.000160932541,2459782.612715322059,1.018783450127
21,2022-07-22T02:35:20.05,50.000000000000,2459782.608148971573,2459782.613465801347,2459782.613465803210,0.000160932541,2459782.613477132749,0.979033112526
22,2022-07-22T02:36:25.80,50.000000000000,2459782.608909568749,2459782.614226403646,2459782.614226405043,0.000120699406,2459782.614238132723,1.013392210007
23,2022-07-22T02:37:31.30,50.000000000000,2459782.609667873941,2459782.614984713495,2459782.614984715357,0.000160932541,2459782.614996239543,0.995850563049
24,2022-07-22T02:38:36.48,50.000000000000,2459782.610422456637,2459782.615739301313,2459782.615739303175,0.000160932541,2459782.615750642959,0.979918241501
25,2022-07-22T02:39:41.74,50.000000000000,2459782.611177599989,2459782.616494449787,2459782.616494451184,0.000120699406,2459782.616505971644,0.995488464832
26,2022-07-22T02:40:46.92,50.000000000000,2459782.611932277214,2459782.617249131668,2459782.617249133531,0.000160932541,2459782.617260375060,0.971429049969
27,2022-07-22T02:41:52.05,50.000000000000,2459782.612685871311,2459782.618002730887,2459782.618002732750,0.000160932541,2459782.618014199194,0.990861654282
28,2022-07-22T02:42:57.17,50.000000000000,2459782.613439595792,2459782.618756460026,2459782.618756461889,0.000160932541,2459782.618767907843,0.989091396332
29,2022-07-22T02:44:02.29,50.000000000000,2459782.614193091635,2459782.619509960990,2459782.619509962853,0.000160932541,2459782.619521616492,1.007035374641
30,2022-07-22T02:45:07.42,50.000000000000,2459782.614946851041,2459782.620263725519,2459782.620263726916,0.000120699406,2459782.620275440626,1.012185215950
31,2022-07-22T02:46:12.54,50.000000000000,2459782.615700479131,2459782.621017358266,2459782.621017360128,0.000160932541,2459782.621029149275,1.018743216991
32,2022-07-22T02:47:17.67,50.000000000000,2459782.616454792209,2459782.621771676466,2459782.621771677863,0.000120699406,2459782.621782973874,0.976096093655
33,2022-07-22T02:48:22.80,50.000000000000,2459782.617208452895,2459782.622525341809,2459782.622525343671,0.000160932541,2459782.622536798008,0.989815592766
34,2022-07-22T02:49:27.92,50.000000000000,2459782.617961794604,2459782.623278688639,2459782.623278690036,0.000120699406,2459782.623290506657,1.021076738834
35,2022-07-22T02:50:32.98,50.000000000000,2459782.618715068791,2459782.624031967483,2459782.624031969346,0.000160932541,2459782.624043521006,0.998224318027
36,2022-07-22T02:51:38.04,50.000000000000,2459782.619468056597,2459782.624784960411,2459782.624784961808,0.000120699406,2459782.624796534888,1.000034809113
37,2022-07-22T02:52:43.10,50.000000000000,2459782.620221422985,2459782.625538331456,2459782.625538333319,0.000160932541,2459782.625549549237,0.969216227531
38,2022-07-22T02:53:48.23,50.000000000000,2459782.620974665042,2459782.626291578636,2459782.626291580033,0.000120699406,2459782.626303373370,1.019065082073
39,2022-07-22T02:54:53.29,50.000000000000,2459782.621727736667,2459782.627044654917,2459782.627044656780,0.000160932541,2459782.627056387719,1.013714075089
40,2022-07-22T02:55:58.35,50.000000000000,2459782.622481345665,2459782.627798268571,2459782.627798270434,0.000160932541,2459782.627809401602,0.961893796921
41,2022-07-22T02:57:03.42,50.000000000000,2459782.623234083876,2459782.628551011905,2459782.628551013768,0.000160932541,2459782.628562531434,0.995287299156
42,2022-07-22T02:58:08.48,50.000000000000,2459782.623987275641,2459782.629304208327,2459782.629304210190,0.000160932541,2459782.629315545782,0.979556143284
43,2022-07-22T02:59:13.61,50.000000000000,2459782.624740651343,2459782.630057589151,2459782.630057590548,0.000120699406,2459782.630069369916,1.017858088017
44,2022-07-22T03:00:18.67,50.000000000000,2459782.625493903179,2459782.630810845643,2459782.630810847506,0.000160932541,2459782.630822384264,0.996936857700
45,2022-07-22T03:01:23.73,50.000000000000,2459782.626247057226,2459782.631564004812,2459782.631564006209,0.000120699406,2459782.631575398147,0.984384119511
46,2022-07-22T03:02:28.79,50.000000000000,2459782.626999787986,2459782.632316740230,2459782.632316742092,0.000160932541,2459782.632328412496,1.008483767509
47,2022-07-22T03:03:33.92,50.000000000000,2459782.627753352281,2459782.633070309181,2459782.633070311043,0.000160932541,2459782.633082236629,1.030531525612
48,2022-07-22T03:04:38.98,50.000000000000,2459782.628506532405,2459782.633823494427,2459782.633823495824,0.000120699406,2459782.633835250512,1.015725731850
49,2022-07-22T03:05:44.05,50.000000000000,2459782.629259893205,2459782.634576859884,2459782.634576861747,0.000160932541,2459782.634588380344,0.995367765427
50,2022-07-22T03:06:49.11,50.000000000000,2459782.630012528505,2459782.635329499841,2459782.635329501703,0.000160932541,2459782.635341394693,1.027715206146
51,2022-07-22T03:07:54.17,50.000000000000,2459782.630766098853,2459782.636083075311,2459782.636083076708,0.000120699406,2459782.636094408575,0.979194045067
52,2022-07-22T03:08:59.30,50.000000000000,2459782.631519529037,2459782.636836510152,2459782.636836512014,0.000160932541,2459782.636848232709,1.012828946114
53,2022-07-22T03:10:04.36,50.000000000000,2459782.632272713818,2459782.637589699589,2459782.637589701451,0.000160932541,2459782.637601247057,0.997701287270
54,2022-07-22T03:11:09.43,50.000000000000,2459782.633025747724,2459782.638342738617,2459782.638342740014,0.000120699406,2459782.638354376890,1.005546748638
55,2022-07-22T03:12:14.48,50.000000000000,2459782.633779009804,2459782.639096005354,2459782.639096007217,0.000160932541,2459782.639107275289,0.973722338676
56,2022-07-22T03:13:19.55,50.000000000000,2459782.634531923570,2459782.639848923776,2459782.639848925639,0.000160932541,2459782.639860405121,0.991988182068
57,2022-07-22T03:14:24.61,50.000000000000,2459782.635284856893,2459782.640601862222,2459782.640601863619,0.000120699406,2459782.640613419004,0.998505949974
58,2022-07-22T03:15:29.60,50.000000000000,2459782.636037318502,2459782.641354328487,2459782.641354330350,0.000160932541,2459782.641365622636,0.975814461708
59,2022-07-22T03:16:34.67,50.000000000000,2459782.636790521443,2459782.642107536085,2459782.642107537948,0.000160932541,2459782.642118752468,0.969095528126
60,2022-07-22T03:17:39.73,50.000000000000,2459782.637543205172,2459782.642860224470,2459782.642860226333,0.000160932541,2459782.642871766817,0.997258722782
61,2022-07-22T03:18:44.79,50.000000000000,2459782.638296313584,2459782.643613338005,2459782.643613339402,0.000120699406,2459782.643624780700,0.988648831844
62,2022-07-22T03:19:49.86,50.000000000000,2459782.639048986603,2459782.644366015680,2459782.644366017543,0.000160932541,2459782.644377910532,1.027715206146
63,2022-07-22T03:20:54.92,50.000000000000,2459782.639802190475,2459782.645119224209,2459782.645119226072,0.000160932541,2459782.645130924415,1.010897755623
64,2022-07-22T03:21:59.92,50.000000000000,2459782.640555373859,2459782.645872412249,2459782.645872414112,0.000160932541,2459782.645883243997,0.935862958431
65,2022-07-22T03:23:04.98,50.000000000000,2459782.641307706479,2459782.646624749992,2459782.646624751389,0.000120699406,2459782.646636257879,0.994281470776
66,2022-07-22T03:24:09.98,50.000000000000,2459782.642060168087,2459782.647377216257,2459782.647377217654,0.000120699406,2459782.647388577461,0.981608033180
67,2022-07-22T03:25:15.04,50.000000000000,2459782.642813208513,2459782.648130261339,2459782.648130263202,0.000160932541,2459782.648141591810,0.978952646255
68,2022-07-22T03:26:20.04,50.000000000000,2459782.643565341365,2459782.648882398847,2459782.648882400710,0.000160932541,2459782.648893911391,0.994683802128
69,2022-07-22T03:27:25.11,50.000000000000,2459782.644318614155,2459782.649635676295,2459782.649635678157,0.000160932541,2459782.649647040758,0.981889665127
70,2022-07-22T03:28:30.17,50.000000000000,2459782.645071383100,2459782.650388449896,2459782.650388451759,0.000160932541,2459782.650400055107,1.002690196037
71,2022-07-22T03:29:35.23,50.000000000000,2459782.645824607462,2459782.651141679380,2459782.651141680777,0.000120699406,2459782.651153068990,0.984062254429
72,2022-07-22T03:30:40.24,50.000000000000,2459782.646577049047,2459782.651894125622,2459782.651894127019,0.000120699406,2459782.651905504055,0.983096659184
73,2022-07-22T03:31:45.24,50.000000000000,2459782.647329005413,2459782.652646086644,2459782.652646088507,0.000160932541,2459782.652657823637,1.014076173306
74,2022-07-22T03:32:50.24,50.000000000000,2459782.648081479128,2459782.653398565017,2459782.653398566879,0.000160932541,2459782.653410143219,1.000356674194
75,2022-07-22T03:33:55.29,50.000000000000,2459782.648834282532,2459782.654151373077,2459782.654151374940,0.000160932541,2459782.654163041618,1.008161902428
76,2022-07-22T03:35:00.36,50.000000000000,2459782.649587407708,2459782.654904502910,2459782.654904504772,0.000160932541,2459782.654916170985,1.008121669292
77,2022-07-22T03:36:05.42,50.000000000000,2459782.650340483990,2459782.655657583848,2459782.655657585710,0.000160932541,2459782.655669185333,1.002368330956
78,2022-07-22T03:37:10.48,50.000000000000,2459782.651093671098,2459782.656410775613,2459782.656410777476,0.000160932541,2459782.656422199216,0.986999273300
79,2022-07-22T03:38:15.55,50.000000000000,2459782.651846364606,2459782.657163473777,2459782.657163475640,0.000160932541,2459782.657175328583,1.024255156517
80,2022-07-22T03:39:20.61,50.000000000000,2459782.652599608526,2459782.657916722819,2459782.657916724216,0.000120699406,2459782.657928342931,1.003977656364
81,2022-07-22T03:40:25.67,50.000000000000,2459782.653352602851,2459782.658669721801,2459782.658669723198,0.000120699406,2459782.658681356814,1.005265116692
82,2022-07-22T03:41:30.73,50.000000000000,2459782.654105809517,2459782.659422933124,2459782.659422934521,0.000120699406,2459782.659434370697,0.988206267357
83,2022-07-22T03:42:35.73,50.000000000000,2459782.654858112801,2459782.660175241064,2459782.660175242461,0.000120699406,2459782.660186690278,0.989212095737
84,2022-07-22T03:43:40.80,50.000000000000,2459782.655611271504,2459782.660928404424,2459782.660928405821,0.000120699406,2459782.660939819645,0.986275076866
85,2022-07-22T03:44:45.86,50.000000000000,2459782.656364040449,2459782.661681178026,2459782.661681179423,0.000120699406,2459782.661692833528,1.007035374641
86,2022-07-22T03:45:50.92,50.000000000000,2459782.657117222901,2459782.662434365135,2459782.662434366532,0.000120699406,2459782.662445847411,0.992068648338
87,2022-07-22T03:46:55.98,50.000000000000,2459782.657870108727,2459782.663187255617,2459782.663187257014,0.000120699406,2459782.663198861293,1.002730429173
88,2022-07-22T03:48:01.05,50.000000000000,2459782.658623478841,2459782.663940630388,2459782.663940631784,0.000120699406,2459782.663951991126,0.981567800045
89,2022-07-22T03:49:06.05,50.000000000000,2459782.659375576768,2459782.664692732971,2459782.664692734368,0.000120699406,2459782.664704310708,1.000316441059
90,2022-07-22T03:50:11.11,50.000000000000,2459782.660128634889,2459782.665445795748,2459782.665445797145,0.000120699406,2459782.665457324591,0.996091961861
91,2022-07-22T03:51:16.11,50.000000000000,2459782.660881143995,2459782.666198309511,2459782.666198310908,0.000120699406,2459782.666209644172,0.979314744473
92,2022-07-22T03:52:21.11,50.000000000000,2459782.661633467302,2459782.666950637475,2459782.666950638872,0.000120699406,2459782.666961963288,0.978550314903
93,2022-07-22T03:53:26.17,50.000000000000,2459782.662386486307,2459782.667703660671,2459782.667703662533,0.000160932541,2459782.667714977171,0.977745652199
94,2022-07-22T03:54:31.23,50.000000000000,2459782.663139652926,2459782.668456831947,2459782.668456833810,0.000160932541,2459782.668467991054,0.964146852493
95,2022-07-22T03:55:36.29,50.000000000000,2459782.663892365061,2459782.669209548738,2459782.669209550600,0.000160932541,2459782.669221004937,0.989815592766
96,2022-07-22T03:56:41.35,50.000000000000,2459782.664645342156,2459782.669962530490,2459782.669962532353,0.000160932541,2459782.669974018820,0.992591679096
97,2022-07-22T03:57:46.42,50.000000000000,2459782.665398519952,2459782.670715712942,2459782.670715714805,0.000160932541,2459782.670727148652,0.988045334816
98,2022-07-22T03:58:51.48,50.000000000000,2459782.666151714511,2459782.671468912158,2459782.671468914021,0.000160932541,2459782.671480162535,0.972032546997
99,2022-07-22T03:59:56.54,50.000000000000,2459782.666904307902,2459782.672221510205,2459782.672221512068,0.000160932541,2459782.672233176418,1.007960736752
100,2022-07-22T04:01:01.54,50.000000000000,2459782.667657318525,2459782.672974525485,2459782.672974526882,0.000120699406,2459782.672985495534,0.947812199593
101,2022-07-22T04:02:06.60,50.000000000000,2459782.668409831356,2459782.673727042973,2459782.673727044370,0.000120699406,2459782.673738509417,0.990700721741
102,2022-07-22T04:03:11.67,50.000000000000,2459782.669162831269,2459782.674480047077,2459782.674480048940,0.000160932541,2459782.674491639249,1.001563668251
103,2022-07-22T04:04:16.73,50.000000000000,2459782.669915700797,2459782.675232921261,2459782.675232923124,0.000160932541,2459782.675244653132,1.013633608818
104,2022-07-22T04:05:21.73,50.000000000000,2459782.670668386389,2459782.675985611510,2459782.675985613372,0.000160932541,2459782.675996972248,0.981567800045
105,2022-07-22T04:06:26.79,50.000000000000,2459782.671421253588,2459782.676738483366,2459782.676738485228,0.000160932541,2459782.676749986131,0.993838906288
106,2022-07-22T04:07:31.86,50.000000000000,2459782.672174190171,2459782.677491424605,2459782.677491426002,0.000120699406,2459782.677503115498,1.010093092918
107,2022-07-22T04:08:36.92,50.000000000000,2459782.672927505337,2459782.678244744428,2459782.678244745824,0.000120699406,2459782.678256129380,0.983659923077
108,2022-07-22T04:09:41.98,50.000000000000,2459782.673680608626,2459782.678997851908,2459782.678997853771,0.000160932541,2459782.679009143263,0.975573062897
109,2022-07-22T04:10:46.98,50.000000000000,2459782.674433058593,2459782.679750306532,2459782.679750308394,0.000160932541,2459782.679761462845,0.963905453682
110,2022-07-22T04:11:52.04,50.000000000000,2459782.675185961183,2459782.680503213778,2459782.680503215175,0.000120699406,2459782.680514476728,0.973118841648
111,2022-07-22T04:12:57.11,50.000000000000,2459782.675938701257,2459782.681255958509,2459782.681255959906,0.000120699406,2459782.681267606094,1.006351411343
112,2022-07-22T04:14:02.17,50.000000000000,2459782.676691948902,2459782.682009210344,2459782.682009212207,0.000160932541,2459782.682020619977,0.985792279243
113,2022-07-22T04:15:07.23,50.000000000000,2459782.677445209585,2459782.682762475684,2459782.682762477547,0.000160932541,2459782.682773633860,0.964066386223
114,2022-07-22T04:16:12.30,50.000000000000,2459782.678197887260,2459782.683515158016,2459782.683515159413,0.000120699406,2459782.683526763227,1.002690196037
115,2022-07-22T04:17:17.30,50.000000000000,2459782.678950443398,2459782.684267718811,2459782.684267720208,0.000120699406,2459782.684279082343,0.981809198856
116,2022-07-22T04:18:22.30,50.000000000000,2459782.679702682421,2459782.685019962024,2459782.685019963887,0.000160932541,2459782.685031401925,0.988407433033
117,2022-07-22T04:19:27.30,50.000000000000,2459782.680455021560,2459782.685772305820,2459782.685772307683,0.000160932541,2459782.685783721041,0.986275076866
118,2022-07-22T04:20:32.36,50.000000000000,2459782.681207897607,2459782.686525186524,2459782.686525187921,0.000120699406,2459782.686536734924,0.997781753540
119,2022-07-22T04:21:37.48,50.000000000000,2459782.681961468887,2459782.687278761994,2459782.687278763857,0.000160932541,2459782.687290443107,1.009248197079
120,2022-07-22T04:22:42.54,50.000000000000,2459782.682714531198,2459782.688031828962,2459782.688031830825,0.000160932541,2459782.688043456990,1.004661619663
121,2022-07-22T04:23:47.61,50.000000000000,2459782.683467732742,2459782.688785035163,2459782.688785036560,0.000120699406,2459782.688796586357,0.998023152351
122,2022-07-22T04:24:52.68,50.000000000000,2459782.684220700525,2459782.689538007136,2459782.689538008999,0.000160932541,2459782.689549715724,1.011621952057
123,2022-07-22T04:25:57.73,50.000000000000,2459782.684973747004,2459782.690291058272,2459782.690291059669,0.000120699406,2459782.690302613657,0.998385250568
124,2022-07-22T04:27:02.79,50.000000000000,2459782.685726809781,2459782.691044125240,2459782.691044127103,0.000160932541,2459782.691055627540,0.993798673153
125,2022-07-22T04:28:07.86,50.000000000000,2459782.686480050441,2459782.691797370557,2459782.691797372419,0.000160932541,2459782.691808756907,0.983780622482
126,2022-07-22T04:29:12.92,50.000000000000,2459782.687232575845,2459782.692549900617,2459782.692549902014,0.000120699406,2459782.692561770789,1.025582849979
127,2022-07-22T04:30:17.98,50.000000000000,2459782.687985934783,2459782.693303263746,2459782.693303265609,0.000160932541,2459782.693314784672,0.995407998562
128,2022-07-22T04:31:23.04,50.000000000000,2459782.688738742378,2459782.694056075998,2459782.694056077395,0.000120699406,2459782.694067798089,1.012788712978
129,2022-07-22T04:32:28.11,50.000000000000,2459782.689491962548,2459782.694809300359,2459782.694809302222,0.000160932541,2459782.694820927922,1.004621386528
130,2022-07-22T04:33:33.29,50.000000000000,2459782.690246573184,2459782.695563915651,2459782.695563917514,0.000160932541,2459782.695575330406,0.986234843731
131,2022-07-22T04:34:38.48,50.000000000000,2459782.691000637598,2459782.696317984723,2459782.696317986120,0.000120699406,2459782.696329848841,1.025059819221
132,2022-07-22T04:35:43.54,50.000000000000,2459782.691753922496,2459782.697071273811,2459782.697071275674,0.000160932541,2459782.697082862258,1.001241803169
133,2022-07-22T04:36:48.61,50.000000000000,2459782.692507539876,2459782.697824895848,2459782.697824897245,0.000120699406,2459782.697835991625,0.958675146103
134,2022-07-22T04:37:53.73,50.000000000000,2459782.693260576576,2459782.698577936739,2459782.698577938601,0.000160932541,2459782.698589699809,1.016329228878
135,2022-07-22T04:38:59.42,50.000000000000,2459782.694020960946,2459782.699338325765,2459782.699338327162,0.000120699406,2459782.699350005481,1.009127497673
136,2022-07-22T04:40:04.67,50.000000000000,2459782.694776244462,2459782.700093613472,2459782.700093615334,0.000160932541,2459782.700105218217,1.002649962902
137,2022-07-22T04:41:09.79,50.000000000000,2459782.695529697463,2459782.700847071130,2459782.700847072527,0.000120699406,2459782.700858926401,1.024295389652
138,2022-07-22T04:42:15.67,50.000000000000,2459782.696292807348,2459782.701610185206,2459782.701610187069,0.000160932541,2459782.701621430926,0.971630215645
139,2022-07-22T04:43:21.29,50.000000000000,2459782.697052259464,2459782.702369641978,2459782.702369643841,0.000160932541,2459782.702380925883,0.974929332733
140,2022-07-22T04:44:27.23,50.000000000000,2459782.697815100197,2459782.703132487368,2459782.703132488765,0.000120699406,2459782.703144124709,1.005466282368
141,2022-07-22T04:45:32.67,50.000000000000,2459782.698572542053,2459782.703889933415,2459782.703889935277,0.000160932541,2459782.703901536763,1.002529263496
142,2022-07-22T04:46:37.73,50.000000000000,2459782.699325451627,2459782.704642847180,2459782.704642849043,0.000160932541,2459782.704654550180,1.011139154434
143,2022-07-22T04:47:43.24,50.000000000000,2459782.700083577074,2459782.705400977284,2459782.705400979146,0.000160932541,2459782.705412772484,1.019105315208
144,2022-07-22T04:48:48.42,50.000000000000,2459782.700838229619,2459782.706155634020,2459782.706155635882,0.000160932541,2459782.706167174969,0.997138023376
145,2022-07-22T04:49:53.55,50.000000000000,2459782.701591631863,2459782.706909040920,2459782.706909042317,0.000120699406,2459782.706920998637,1.033146679401
146,2022-07-22T04:50:58.67,50.000000000000,2459782.702345649246,2459782.707663062494,2459782.707663064357,0.000160932541,2459782.707674706820,1.006069779396
147,2022-07-22T04:52:03.79,50.000000000000,2459782.703099120408,2459782.708416538313,2459782.708416539710,0.000120699406,2459782.708428415004,1.026146113873
148,2022-07-22T04:53:08.85,50.000000000000,2459782.703852987383,2459782.709170409478,2459782.709170411341,0.000160932541,2459782.709181428421,0.952036678791
149,2022-07-22T04:54:13.92,50.000000000000,2459782.704605742358,2459782.709923168644,2459782.709923170507,0.000160932541,2459782.709934557788,0.984022021294
150,2022-07-22T04:55:18.98,50.000000000000,2459782.705358904786,2459782.710676335730,2459782.710676337127,0.000120699406,2459782.710687571205,0.970745086670
151,2022-07-22T04:56:24.04,50.000000000000,2459782.706111944746,2459782.711429379880,2459782.711429381743,0.000160932541,2459782.711440585088,0.968129932880
152,2022-07-22T04:57:29.10,50.000000000000,2459782.706864627544,2459782.712182066869,2459782.712182068732,0.000160932541,2459782.712193598505,0.996333360672
153,2022-07-22T04:58:34.17,50.000000000000,2459782.707617337815,2459782.712934781797,2459782.712934783194,0.000120699406,2459782.712946727872,1.032140851021
154,2022-07-22T04:59:39.23,50.000000000000,2459782.708370651584,2459782.713688099757,2459782.713688101619,0.000160932541,2459782.713699741755,1.005868613720
155,2022-07-22T05:00:44.29,50.000000000000,2459782.709123734385,2459782.714441186748,2459782.714441188611,0.000160932541,2459782.714452755172,0.999511778355
156,2022-07-22T05:01:49.35,50.000000000000,2459782.709876783658,2459782.715194240678,2459782.715194242075,0.000120699406,2459782.715205768589,0.996011495590
157,2022-07-22T05:02:54.35,50.000000000000,2459782.710629579145,2459782.715947040357,2459782.715947041754,0.000120699406,2459782.715958087705,0.954490900040
158,2022-07-22T05:03:59.42,50.000000000000,2459782.711381920613,2459782.716699386016,2459782.716699387878,0.000160932541,2459782.716711217072,1.022203266621
159,2022-07-22T05:05:04.48,50.000000000000,2459782.712135053705,2459782.717452523299,2459782.717452525161,0.000160932541,2459782.717464230955,1.011541485786
160,2022-07-22T05:06:09.54,50.000000000000,2459782.712888729759,2459782.718206204008,2459782.718206205405,0.000120699406,2459782.718217244372,0.953887403011
161,2022-07-22T05:07:14.61,50.000000000000,2459782.713641223498,2459782.718958701938,2459782.718958703335,0.000120699406,2459782.718970373739,1.008443534374
162,2022-07-22T05:08:19.67,50.000000000000,2459782.714394243900,2459782.719711726531,2459782.719711728394,0.000160932541,2459782.719723387156,1.007477939129
163,2022-07-22T05:09:24.73,50.000000000000,2459782.715147414710,2459782.720464901533,2459782.720464903396,0.000160932541,2459782.720476400573,0.993517041206
164,2022-07-22T05:10:29.73,50.000000000000,2459782.715899954550,2459782.721217446029,2459782.721217447426,0.000120699406,2459782.721228719689,0.974044203758
165,2022-07-22T05:11:34.79,50.000000000000,2459782.716652750503,2459782.721970246173,2459782.721970247570,0.000120699406,2459782.721981733572,0.992511212826
166,2022-07-22T05:12:39.86,50.000000000000,2459782.717405868694,2459782.722723368555,2459782.722723370418,0.000160932541,2459782.722734862473,0.993074476719
167,2022-07-22T05:13:44.92,50.000000000000,2459782.718158738222,2459782.723476242274,2459782.723476244137,0.000160932541,2459782.723487876356,1.005184650421
168,2022-07-22T05:14:49.99,50.000000000000,2459782.718911767006,2459782.724229275249,2459782.724229277112,0.000160932541,2459782.724241005257,1.013472676277
169,2022-07-22T05:15:55.05,50.000000000000,2459782.719664996024,2459782.724982508458,2459782.724982510321,0.000160932541,2459782.724994019140,0.994522869587
170,2022-07-22T05:17:00.11,50.000000000000,2459782.720418102574,2459782.725735619664,2459782.725735621061,0.000120699406,2459782.725747032557,0.986073911190
171,2022-07-22T05:18:05.11,50.000000000000,2459782.721170227975,2459782.726487749256,2459782.726487750653,0.000120699406,2459782.726499351673,1.002448797226
172,2022-07-22T05:19:10.11,50.000000000000,2459782.721922529861,2459782.727240055334,2459782.727240056731,0.000120699406,2459782.727251670789,1.003575325012
173,2022-07-22T05:20:15.17,50.000000000000,2459782.722675332334,2459782.727992861997,2459782.727992863860,0.000160932541,2459782.728004684206,1.021438837051
174,2022-07-22T05:21:20.17,50.000000000000,2459782.723428206053,2459782.728745739907,2459782.728745741770,0.000160932541,2459782.728757003322,0.973159074783
175,2022-07-22T05:22:25.23,50.000000000000,2459782.724180913530,2459782.729498451576,2459782.729498453438,0.000160932541,2459782.729510016739,0.999230146408
176,2022-07-22T05:23:30.30,50.000000000000,2459782.724933907390,2459782.730251449626,2459782.730251451489,0.000160932541,2459782.730263146106,1.010575890541
177,2022-07-22T05:24:35.35,50.000000000000,2459782.725686977617,2459782.731004524045,2459782.731004525907,0.000160932541,2459782.731016043574,0.995287299156
178,2022-07-22T05:25:40.35,50.000000000000,2459782.726439738180,2459782.731757288799,2459782.731757290661,0.000160932541,2459782.731768362690,0.956784188747
179,2022-07-22T05:26:45.42,50.000000000000,2459782.727192653809,2459782.732510208618,2459782.732510210481,0.000160932541,2459782.732521492057,0.974889099598
180,2022-07-22T05:27:50.48,50.000000000000,2459782.727945107035,2459782.733262666035,2459782.733262667898,0.000160932541,2459782.733274505474,1.022927463055
181,2022-07-22T05:28:55.54,50.000000000000,2459782.728698560502,2459782.734016123693,2459782.734016125556,0.000160932541,2459782.734027518891,0.984545052052
182,2022-07-22T05:30:00.61,50.000000000000,2459782.729451359250,2459782.734768926632,2459782.734768928494,0.000160932541,2459782.734780648258,1.012748479843
183,2022-07-22T05:31:05.67,50.000000000000,2459782.730204641819,2459782.735522213392,2459782.735522215255,0.000160932541,2459782.735533661675,0.989131629467
184,2022-07-22T05:32:10.73,50.000000000000,2459782.730957733002,2459782.736275309231,2459782.736275310628,0.000120699406,2459782.736286675092,0.982010364532
185,2022-07-22T05:33:15.80,50.000000000000,2459782.731711013243,2459782.737028593197,2459782.737028595060,0.000160932541,2459782.737039803993,0.968612730503
186,2022-07-22T05:34:20.80,50.000000000000,2459782.732463229913,2459782.737780814059,2459782.737780815922,0.000160932541,2459782.737792123109,0.977101922035
187,2022-07-22T05:35:25.86,50.000000000000,2459782.733215902932,2459782.738533491269,2459782.738533493131,0.000160932541,2459782.738545136526,1.006150245667
188,2022-07-22T05:36:30.92,50.000000000000,2459782.733969189692,2459782.739286782220,2459782.739286784083,0.000160932541,2459782.739298149943,0.982171297073
189,2022-07-22T05:37:36.04,50.000000000000,2459782.734722543042,2459782.740040139761,2459782.740040141623,0.000160932541,2459782.740051857661,1.012426614761
190,2022-07-22T05:38:41.04,50.000000000000,2459782.735475302208,2459782.740792903118,2459782.740792904980,0.000160932541,2459782.740804176778,0.974044203758
191,2022-07-22T05:39:46.04,50.000000000000,2459782.736227572430,2459782.741545177530,2459782.741545179393,0.000160932541,2459782.741556495894,0.977906584740
192,2022-07-22T05:40:51.11,50.000000000000,2459782.736980676185,2459782.742298285477,2459782.742298287340,0.000160932541,2459782.742309624795,0.979717075825
193,2022-07-22T05:41:56.11,50.000000000000,2459782.737733026966,2459782.743050640449,2459782.743050642312,0.000160932541,2459782.743061943911,0.976619124413
194,2022-07-22T05:43:01.11,50.000000000000,2459782.738485449925,2459782.743803067598,2459782.743803069461,0.000160932541,2459782.743814263027,0.967285037041
195,2022-07-22T05:44:06.17,50.000000000000,2459782.739238051698,2459782.744555673562,2459782.744555674959,0.000120699406,2459782.744567276444,1.002489030361
196,2022-07-22T05:45:11.23,50.000000000000,2459782.739991084673,2459782.745308710728,2459782.745308712125,0.000120699406,2459782.745320289861,1.000437140465
197,2022-07-22T05:46:16.30,50.000000000000,2459782.740743758623,2459782.746061388869,2459782.746061390266,0.000120699406,2459782.746073418763,1.039382815361
198,2022-07-22T05:47:21.36,50.000000000000,2459782.741497736890,2459782.746815370861,2459782.746815372724,0.000160932541,2459782.746826432180,0.955697894096
199,2022-07-22T05:48:26.42,50.000000000000,2459782.742250268813,2459782.747567906976,2459782.747567908838,0.000160932541,2459782.747579445597,0.996936857700
200,2022-07-22T05:49:31.48,50.000000000000,2459782.743003277574,2459782.748320919927,2459782.748320921790,0.000160932541,2459782.748332459014,0.996977090836
201,2022-07-22T05:50:36.49,50.000000000000,2459782.743755949661,2459782.749073596206,2459782.749073598068,0.000160932541,2459782.749084893614,0.976096093655
202,2022-07-22T05:51:41.55,50.000000000000,2459782.744508691132,2459782.749826341867,2459782.749826343264,0.000120699406,2459782.749837907031,0.999230146408
203,2022-07-22T05:52:46.54,50.000000000000,2459782.745261238888,2459782.750578893814,2459782.750578895211,0.000120699406,2459782.750590110198,0.969095528126
204,2022-07-22T05:53:51.61,50.000000000000,2459782.746014080010,2459782.751331738662,2459782.751331740525,0.000160932541,2459782.751343239099,0.993637740612
205,2022-07-22T05:54:56.62,50.000000000000,2459782.746766598430,2459782.752084261272,2459782.752084263135,0.000160932541,2459782.752095673699,0.986033678055
206,2022-07-22T05:56:01.67,50.000000000000,2459782.747519152239,2459782.752836819272,2459782.752836820669,0.000120699406,2459782.752848571632,1.015403866768
207,2022-07-22T05:57:06.67,50.000000000000,2459782.748271828517,2459782.753589499742,2459782.753589501139,0.000120699406,2459782.753600890283,0.984142720699
208,2022-07-22T05:58:11.74,50.000000000000,2459782.749024336692,2459782.754342011642,2459782.754342013504,0.000160932541,2459782.754354019649,1.037491858006
209,2022-07-22T05:59:16.79,50.000000000000,2459782.749777799007,2459782.755095478147,2459782.755095480010,0.000160932541,2459782.755106917117,0.988326966763
210,2022-07-22T06:00:21.86,50.000000000000,2459782.750530788675,2459782.755848472007,2459782.755848473404,0.000120699406,2459782.755860046018,0.999994575977
211,2022-07-22T06:01:26.86,50.000000000000,2459782.751283165999,2459782.756600853521,2459782.756600854918,0.000120699406,2459782.756612365134,0.994603335857
212,2022-07-22T06:02:32.98,50.000000000000,2459782.752036322374,2459782.757354013622,2459782.757354015484,0.000160932541,2459782.757377646863,2.041912078857
213,2022-07-22T06:03:37.98,50.000000000000,2459782.752800770570,2459782.758118466008,2459782.758118467871,0.000160932541,2459782.758129965980,0.993597507477
214,2022-07-22T06:04:43.04,50.000000000000,2459782.753553775605,2459782.758871475235,2459782.758871476632,0.000120699406,2459782.758882978931,0.993919372559
215,2022-07-22T06:05:48.04,50.000000000000,2459782.754306254443,2459782.759623958264,2459782.759623959661,0.000120699406,2459782.759635298047,0.979757308960
216,2022-07-22T06:06:53.11,50.000000000000,2459782.755059123971,2459782.760376831517,2459782.760376833379,0.000160932541,2459782.760388426948,1.001845300198
217,2022-07-22T06:07:58.17,50.000000000000,2459782.755812139716,2459782.761129850987,2459782.761129852850,0.000160932541,2459782.761141440365,1.001322269440
218,2022-07-22T06:09:03.24,50.000000000000,2459782.756565322634,2459782.761883038096,2459782.761883039959,0.000160932541,2459782.761894569267,0.996293127537
219,2022-07-22T06:10:08.29,50.000000000000,2459782.757318460383,2459782.762636179570,2459782.762636181898,0.000201165676,2459782.762647466734,0.975210964680
220,2022-07-22T06:11:13.29,50.000000000000,2459782.758070905693,2459782.763388629071,2459782.763388630934,0.000160932541,2459782.763399785850,0.963945686817
221,2022-07-22T06:12:18.36,50.000000000000,2459782.758823896758,2459782.764141623862,2459782.764141626190,0.000201165676,2459782.764152914751,0.975532829762
222,2022-07-22T06:13:23.42,50.000000000000,2459782.759576973505,2459782.764894704800,2459782.764894707128,0.000201165676,2459782.764905928168,0.969699025154
223,2022-07-22T06:14:28.48,50.000000000000,2459782.760329792276,2459782.765647527762,2459782.765647529624,0.000160932541,2459782.765658941120,0.986114144325
224,2022-07-22T06:15:33.54,50.000000000000,2459782.761083027814,2459782.766400767025,2459782.766400769353,0.000201165676,2459782.766411954537,0.966601073742
225,2022-07-22T06:16:38.61,50.000000000000,2459782.761836268008,2459782.767154011410,2459782.767154013272,0.000160932541,2459782.767165083438,0.956623256207
226,2022-07-22T06:17:43.67,50.000000000000,2459782.762588740792,2459782.767906487919,2459782.767906490248,0.000201165676,2459782.767918096855,1.003012061119
227,2022-07-22T06:18:48.79,50.000000000000,2459782.763342133723,2459782.768659885041,2459782.768659887370,0.000201165676,2459782.768671804573,1.029847562313
228,2022-07-22T06:19:53.86,50.000000000000,2459782.764095682185,2459782.769413437694,2459782.769413439557,0.000160932541,2459782.769424933475,0.993235409260
229,2022-07-22T06:20:58.92,50.000000000000,2459782.764848672785,2459782.770166432019,2459782.770166434348,0.000201165676,2459782.770177946892,0.994884967804
230,2022-07-22T06:22:04.98,50.000000000000,2459782.765601783991,2459782.770919547416,2459782.770919549279,0.000160932541,2459782.770942533854,1.986028254032
231,2022-07-22T06:23:10.05,50.000000000000,2459782.766366430558,2459782.771684197709,2459782.771684200037,0.000201165676,2459782.771695663221,0.990620255470
232,2022-07-22T06:24:15.11,50.000000000000,2459782.767119455151,2459782.772437226493,2459782.772437228356,0.000160932541,2459782.772448676173,0.989252328873
233,2022-07-22T06:25:20.17,50.000000000000,2459782.767872381955,2459782.773190157022,2459782.773190159351,0.000201165676,2459782.773201689590,0.996413826942
234,2022-07-22T06:26:25.23,50.000000000000,2459782.768625816330,2459782.773943595588,2459782.773943597451,0.000160932541,2459782.773954702541,0.959640741348
235,2022-07-22T06:27:30.36,50.000000000000,2459782.769378892612,2459782.774696675595,2459782.774696677923,0.000201165676,2459782.774708526209,1.023893058300
236,2022-07-22T06:28:35.49,50.000000000000,2459782.770133068319,2459782.775450855494,2459782.775450857356,0.000160932541,2459782.775462349411,0.993074476719
237,2022-07-22T06:29:40.61,50.000000000000,2459782.770886887331,2459782.776204678230,2459782.776204680558,0.000201165676,2459782.776216057129,0.983136892319
238,2022-07-22T06:30:45.73,50.000000000000,2459782.771640411112,2459782.776958206203,2459782.776958208065,0.000160932541,2459782.776969764847,0.998666882515
239,2022-07-22T06:31:50.98,50.000000000000,2459782.772395467851,2459782.777713266667,2459782.777713268995,0.000201165676,2459782.777724977117,1.011782884598
240,2022-07-22T06:32:56.48,50.000000000000,2459782.773153566755,2459782.778471369762,2459782.778471371625,0.000160932541,2459782.778483083006,1.012024283409
241,2022-07-22T06:34:01.92,50.000000000000,2459782.773910855409,2459782.779228662141,2459782.779228664469,0.000201165676,2459782.779240494128,1.022283732891
242,2022-07-22T06:35:07.54,50.000000000000,2459782.774670525454,2459782.779988336377,2459782.779988338239,0.000160932541,2459782.779999989085,1.006793975830
243,2022-07-22T06:36:12.98,50.000000000000,2459782.775427758228,2459782.780745572876,2459782.780745575204,0.000201165676,2459782.780757400207,1.021881401539
244,2022-07-22T06:37:18.17,50.000000000000,2459782.776182118338,2459782.781499937177,2459782.781499939039,0.000160932541,2459782.781511918176,1.035158336163
245,2022-07-22T06:38:23.35,50.000000000000,2459782.776937035378,2459782.782254857942,2459782.782254860271,0.000201165676,2459782.782266320195,0.990338623524
246,2022-07-22T06:39:28.48,50.000000000000,2459782.777690689079,2459782.783008515369,2459782.783008517697,0.000201165676,2459782.783020143397,1.004661619663
247,2022-07-22T06:40:33.79,50.000000000000,2459782.778446984012,2459782.783764814492,2459782.783764816355,0.000160932541,2459782.783776049968,0.970745086670
248,2022-07-22T06:41:39.42,50.000000000000,2459782.779206498526,2459782.784524332732,2459782.784524335060,0.000201165676,2459782.784535660408,0.978711247444
249,2022-07-22T06:42:45.11,50.000000000000,2459782.779966729693,2459782.785284568090,2459782.785284569953,0.000160932541,2459782.785295965616,0.984746217728
250,2022-07-22T06:43:50.42,50.000000000000,2459782.780722735450,2459782.786040577572,2459782.786040579900,0.000201165676,2459782.786051872186,0.975854694843
251,2022-07-22T06:44:56.11,50.000000000000,2459782.781483179890,2459782.786801026203,2459782.786801028065,0.000160932541,2459782.786812176928,0.963422656059
252,2022-07-22T06:46:01.79,50.000000000000,2459782.782242866233,2459782.787560716271,2459782.787560718600,0.000201165676,2459782.787572366185,1.006552577019
253,2022-07-22T06:47:07.42,50.000000000000,2459782.783002303448,2459782.788320157211,2459782.788320159540,0.000201165676,2459782.788331976626,1.021197438240
254,2022-07-22T06:48:13.17,50.000000000000,2459782.783763851970,2459782.789081709925,2459782.789081711788,0.000160932541,2459782.789092975669,0.973360240459
255,2022-07-22T06:49:18.67,50.000000000000,2459782.784521656577,2459782.789839518256,2459782.789839520585,0.000201165676,2459782.789851081558,0.999069213867
256,2022-07-22T06:50:24.36,50.000000000000,2459782.785281997640,2459782.790599863045,2459782.790599865373,0.000201165676,2459782.790611386299,0.995609164238
257,2022-07-22T06:51:29.48,50.000000000000,2459782.786035961471,2459782.791353831068,2459782.791353832930,0.000160932541,2459782.791365094017,0.973118841648
258,2022-07-22T06:52:34.61,50.000000000000,2459782.786789738573,2459782.792107611895,2459782.792107614223,0.000201165676,2459782.792118917219,0.976780056953
259,2022-07-22T06:53:39.79,50.000000000000,2459782.787543795072,2459782.792861672118,2459782.792861674447,0.000201165676,2459782.792873319238,1.006311178207
260,2022-07-22T06:54:44.98,50.000000000000,2459782.788298290223,2459782.793616171461,2459782.793616173323,0.000160932541,2459782.793627836742,1.007880270481
261,2022-07-22T06:55:50.73,50.000000000000,2459782.789059176110,2459782.794377061073,2459782.794377062935,0.000160932541,2459782.794388836250,1.017375290394
262,2022-07-22T06:56:56.17,50.000000000000,2459782.789817136247,2459782.795135024935,2459782.795135027263,0.000201165676,2459782.795146247372,0.969618558884
263,2022-07-22T06:58:01.55,50.000000000000,2459782.790573641658,2459782.795891534071,2459782.795891536400,0.000201165676,2459782.795902964193,0.987562537193
264,2022-07-22T06:59:06.67,50.000000000000,2459782.791327438783,2459782.796645335387,2459782.796645337250,0.000160932541,2459782.796656671911,0.979475677013
265,2022-07-22T07:00:11.80,50.000000000000,2459782.792081207037,2459782.797399107367,2459782.797399109229,0.000160932541,2459782.797410495114,0.983901321888
266,2022-07-22T07:01:16.92,50.000000000000,2459782.792835007887,2459782.798152911942,2459782.798152914271,0.000201165676,2459782.798164202366,0.975492596626
267,2022-07-22T07:02:22.05,50.000000000000,2459782.793589370791,2459782.798907278571,2459782.798907280900,0.000201165676,2459782.798918026034,0.928580760956
268,2022-07-22T07:03:27.17,50.000000000000,2459782.794342439156,2459782.799660350662,2459782.799660352990,0.000201165676,2459782.799671733286,0.983458757401
269,2022-07-22T07:04:32.23,50.000000000000,2459782.795095748734,2459782.800413664430,2459782.800413666293,0.000160932541,2459782.800424746238,0.957468152046
270,2022-07-22T07:05:37.30,50.000000000000,2459782.795848913491,2459782.801166832913,2459782.801166834775,0.000160932541,2459782.801177875139,0.954048335552
271,2022-07-22T07:06:42.48,50.000000000000,2459782.796602618415,2459782.801920541562,2459782.801920543890,0.000201165676,2459782.801932277158,1.013955473900
272,2022-07-22T07:07:47.61,50.000000000000,2459782.797356993426,2459782.802674920298,2459782.802674922626,0.000201165676,2459782.802686100360,0.965957343578
273,2022-07-22T07:08:52.73,50.000000000000,2459782.798110255506,2459782.803428186104,2459782.803428188432,0.000201165676,2459782.803439808078,1.004138588905
274,2022-07-22T07:09:57.86,50.000000000000,2459782.798864426091,2459782.804182360414,2459782.804182362743,0.000201165676,2459782.804193631280,0.973802804947
275,2022-07-22T07:11:02.92,50.000000000000,2459782.799617444165,2459782.804935382679,2459782.804935384542,0.000160932541,2459782.804946644232,0.972998142242
276,2022-07-22T07:12:08.10,50.000000000000,2459782.800371254794,2459782.805689197034,2459782.805689198896,0.000160932541,2459782.805701046251,1.023772358894
277,2022-07-22T07:13:13.23,50.000000000000,2459782.801125505008,2459782.806443450972,2459782.806443452835,0.000160932541,2459782.806454869453,0.986556708813
278,2022-07-22T07:14:18.36,50.000000000000,2459782.801879081875,2459782.807197031565,2459782.807197033428,0.000160932541,2459782.807208692655,1.007518172264
279,2022-07-22T07:15:23.48,50.000000000000,2459782.802632471547,2459782.807950424962,2459782.807950426824,0.000160932541,2459782.807962399907,1.034635305405
280,2022-07-22T07:16:28.60,50.000000000000,2459782.803386731073,2459782.808704688214,2459782.808704690542,0.000201165676,2459782.808716107626,0.986637175083
281,2022-07-22T07:17:33.79,50.000000000000,2459782.804140744731,2459782.809458705597,2459782.809458707925,0.000201165676,2459782.809470625129,1.029847562313
