frame,date_obs,bjd_tdb,airmass,ccd_temp_c,exposure_s,filter,object,archive,member
1,2022-07-22T02:13:25.04,2459782.598234811,1.3202923982859234,-20.375,50.0,Red,TOI_3505.01,TOI_3505.01-20260714T190730Z-1-001.zip,TOI_3505.01/TOI_3505.01_50.000s_R-0001.fits
2,2022-07-22T02:14:30.74,2459782.599005828,1.3162138108445802,-20.375,50.0,Red,TOI_3505.01,TOI_3505.01-20260714T190730Z-1-002.zip,TOI_3505.01/TOI_3505.01_50.000s_R-0002.fits
3,2022-07-22T02:15:36.48,2459782.599766962,1.312234378705693,-20.34375,50.0,Red,TOI_3505.01,TOI_3505.01-20260714T190730Z-1-006.zip,TOI_3505.01/TOI_3505.01_50.000s_R-0003.fits
4,2022-07-22T02:16:42.23,2459782.6005278192,1.3083024089164847,-20.375,50.0,Red,TOI_3505.01,TOI_3505.01-20260714T190730Z-1-005.zip,TOI_3505.01/TOI_3505.01_50.000s_R-0004.fits
5,2022-07-22T02:17:47.98,2459782.6012884346,1.304417148919055,-20.375,50.0,Red,TOI_3505.01,TOI_3505.01-20260714T190730Z-1-005.zip,TOI_3505.01/TOI_3505.01_50.000s_R-0005.fits
6,2022-07-22T02:18:53.61,2459782.602048698,1.3005786035097426,-20.375,50.0,Red,TOI_3505.01,TOI_3505.01-20260714T190730Z-1-005.zip,TOI_3505.01/TOI_3505.01_50.000s_R-0006.fits
7,2022-07-22T02:19:59.29,2459782.602808816,1.296785181174721,-20.34375,50.0,Red,TOI_3505.01,TOI_3505.01-20260714T190730Z-1-005.zip,TOI_3505.01/TOI_3505.01_50.000s_R-0007.fits
8,2022-07-22T02:21:05.11,2459782.6035703677,1.2930286206576433,-20.40625,50.0,Red,TOI_3505.01,TOI_3505.01-20260714T190730Z-1-006.zip,TOI_3505.01/TOI_3505.01_50.000s_R-0008.fits
9,2022-07-22T02:22:10.79,2459782.604330554,1.2893222508587423,-20.375,50.0,Red,TOI_3505.01,TOI_3505.01-20260714T190730Z-1-005.zip,TOI_3505.01/TOI_3505.01_50.000s_R-0009.fits
10,2022-07-22T02:23:16.54,2459782.6050918396,1.285653557341722,-20.40625,50.0,Red,TOI_3505.01,TOI_3505.01-20260714T190730Z-1-005.zip,TOI_3505.01/TOI_3505.01_50.000s_R-0010.fits
11,2022-07-22T02:24:22.36,2459782.605853456,1.2820258906349997,-20.375,50.0,Red,TOI_3505.01,TOI_3505.01-20260714T190730Z-1-005.zip,TOI_3505.01/TOI_3505.01_50.000s_R-0011.fits
12,2022-07-22T02:25:28.17,2459782.6066149953,1.2784407605076586,-20.375,50.0,Red,TOI_3505.01,TOI_3505.01-20260714T190730Z-1-005.zip,TOI_3505.01/TOI_3505.01_50.000s_R-0012.fits
13,2022-07-22T02:26:33.98,2459782.607376969,1.2748953314522309,-20.375,50.0,Red,TOI_3505.01,TOI_3505.01-20260714T190730Z-1-005.zip,TOI_3505.01/TOI_3505.01_50.000s_R-0013.fits
14,2022-07-22T02:27:39.79,2459782.6081384555,1.271393441646801,-20.375,50.0,Red,TOI_3505.01,TOI_3505.01-20260714T190730Z-1-002.zip,TOI_3505.01/TOI_3505.01_50.000s_R-0014.fits
15,2022-07-22T02:28:45.49,2459782.6088986364,1.2679382739271947,-20.40625,50.0,Red,TOI_3505.01,TOI_3505.01-20260714T190730Z-1-005.zip,TOI_3505.01/TOI_3505.01_50.000s_R-0015.fits
16,2022-07-22T02:29:51.17,2459782.6096590585,1.26452228131667,-20.40625,50.0,Red,TOI_3505.01,TOI_3505.01-20260714T190730Z-1-005.zip,TOI_3505.01/TOI_3505.01_50.000s_R-0016.fits
17,2022-07-22T02:30:57.04,2459782.61042117,1.2611386933040316,-20.375,50.0,Red,TOI_3505.01,TOI_3505.01-20260714T190730Z-1-005.zip,TOI_3505.01/TOI_3505.01_50.000s_R-0017.fits
18,2022-07-22T02:32:02.86,2459782.6111833444,1.2577944513062256,-20.40625,50.0,Red,TOI_3505.01,TOI_3505.01-20260714T190730Z-1-005.zip,TOI_3505.01/TOI_3505.01_50.000s_R-0018.fits
19,2022-07-22T02:33:08.48,2459782.61194306,1.2545000258985002,-20.375,50.0,Red,TOI_3505.01,TOI_3505.01-20260714T190730Z-1-005.zip,TOI_3505.01/TOI_3505.01_50.000s_R-0019.fits
20,2022-07-22T02:34:14.23,2459782.6127035306,1.2512409490952578,-20.40625,50.0,Red,TOI_3505.01,TOI_3505.01-20260714T190730Z-1-005.zip,TOI_3505.01/TOI_3505.01_50.000s_R-0020.fits
21,2022-07-22T02:35:20.05,2459782.6134658013,1.248012545144893,-20.375,50.0,Red,TOI_3505.01,TOI_3505.01-20260714T190730Z-1-005.zip,TOI_3505.01/TOI_3505.01_50.000s_R-0021.fits
22,2022-07-22T02:36:25.80,2459782.6142264036,1.2448291261149642,-20.375,50.0,Red,TOI_3505.01,TOI_3505.01-20260714T190730Z-1-004.zip,TOI_3505.01/TOI_3505.01_50.000s_R-0022.fits
23,2022-07-22T02:37:31.30,2459782.6149847135,1.2416926280713976,-20.375,50.0,Red,TOI_3505.01,TOI_3505.01-20260714T190730Z-1-005.zip,TOI_3505.01/TOI_3505.01_50.000s_R-0023.fits
24,2022-07-22T02:38:36.48,2459782.6157393013,1.238608157951202,-20.375,50.0,Red,TOI_3505.01,TOI_3505.01-20260714T190730Z-1-005.zip,TOI_3505.01/TOI_3505.01_50.000s_R-0024.fits
25,2022-07-22T02:39:41.74,2459782.61649445,1.2355576181833583,-20.40625,50.0,Red,TOI_3505.01,TOI_3505.01-20260714T190730Z-1-005.zip,TOI_3505.01/TOI_3505.01_50.000s_R-0025.fits
26,2022-07-22T02:40:46.92,2459782.6172491317,1.2325448110444175,-20.40625,50.0,Red,TOI_3505.01,TOI_3505.01-20260714T190730Z-1-005.zip,TOI_3505.01/TOI_3505.01_50.000s_R-0026.fits
27,2022-07-22T02:41:52.05,2459782.618002731,1.2295717437818312,-20.40625,50.0,Red,TOI_3505.01,TOI_3505.01-20260714T190730Z-1-005.zip,TOI_3505.01/TOI_3505.01_50.000s_R-0027.fits
28,2022-07-22T02:42:57.17,2459782.61875646,1.2266332223465577,-20.375,50.0,Red,TOI_3505.01,TOI_3505.01-20260714T190730Z-1-005.zip,TOI_3505.01/TOI_3505.01_50.000s_R-0028.fits
29,2022-07-22T02:44:02.29,2459782.619509961,1.2237303061651852,-20.375,50.0,Red,TOI_3505.01,TOI_3505.01-20260714T190730Z-1-005.zip,TOI_3505.01/TOI_3505.01_50.000s_R-0029.fits
30,2022-07-22T02:45:07.42,2459782.6202637255,1.2208607734396097,-20.34375,50.0,Red,TOI_3505.01,TOI_3505.01-20260714T190730Z-1-005.zip,TOI_3505.01/TOI_3505.01_50.000s_R-0030.fits
31,2022-07-22T02:46:12.54,2459782.6210173583,1.2180258140923745,-20.34375,50.0,Red,TOI_3505.01,TOI_3505.01-20260714T190730Z-1-005.zip,TOI_3505.01/TOI_3505.01_50.000s_R-0031.fits
32,2022-07-22T02:47:17.67,2459782.6217716765,1.2152220773696436,-20.375,50.0,Red,TOI_3505.01,TOI_3505.01-20260714T190730Z-1-005.zip,TOI_3505.01/TOI_3505.01_50.000s_R-0032.fits
33,2022-07-22T02:48:22.80,2459782.622525342,1.2124542244529946,-20.375,50.0,Red,TOI_3505.01,TOI_3505.01-20260714T190730Z-1-001.zip,TOI_3505.01/TOI_3505.01_50.000s_R-0033.fits
34,2022-07-22T02:49:27.92,2459782.6232786886,1.2097206597407508,-20.375,50.0,Red,TOI_3505.01,TOI_3505.01-20260714T190730Z-1-005.zip,TOI_3505.01/TOI_3505.01_50.000s_R-0034.fits
35,2022-07-22T02:50:32.98,2459782.6240319675,1.2070201442954054,-20.375,50.0,Red,TOI_3505.01,TOI_3505.01-20260714T190730Z-1-005.zip,TOI_3505.01/TOI_3505.01_50.000s_R-0035.fits
36,2022-07-22T02:51:38.04,2459782.6247849604,1.20435314387151,-20.375,50.0,Red,TOI_3505.01,TOI_3505.01-20260714T190730Z-1-004.zip,TOI_3505.01/TOI_3505.01_50.000s_R-0036.fits
37,2022-07-22T02:52:43.10,2459782.6255383315,1.201717018148849,-20.375,50.0,Red,TOI_3505.01,TOI_3505.01-20260714T190730Z-1-004.zip,TOI_3505.01/TOI_3505.01_50.000s_R-0037.fits
38,2022-07-22T02:53:48.23,2459782.6262915786,1.1991132570426373,-20.375,50.0,Red,TOI_3505.01,TOI_3505.01-20260714T190730Z-1-004.zip,TOI_3505.01/TOI_3505.01_50.000s_R-0038.fits
39,2022-07-22T02:54:53.29,2459782.627044655,1.1965417199133705,-20.375,50.0,Red,TOI_3505.01,TOI_3505.01-20260714T190730Z-1-003.zip,TOI_3505.01/TOI_3505.01_50.000s_R-0039.fits
40,2022-07-22T02:55:58.35,2459782.6277982686,1.193999735992241,-20.40625,50.0,Red,TOI_3505.01,TOI_3505.01-20260714T190730Z-1-004.zip,TOI_3505.01/TOI_3505.01_50.000s_R-0040.fits
41,2022-07-22T02:57:03.42,2459782.628551012,1.191491762391042,-20.40625,50.0,Red,TOI_3505.01,TOI_3505.01-20260714T190730Z-1-004.zip,TOI_3505.01/TOI_3505.01_50.000s_R-0041.fits
42,2022-07-22T02:58:08.48,2459782.6293042083,1.189013093475559,-20.375,50.0,Red,TOI_3505.01,TOI_3505.01-20260714T190730Z-1-005.zip,TOI_3505.01/TOI_3505.01_50.000s_R-0042.fits
43,2022-07-22T02:59:13.61,2459782.630057589,1.1865643924473812,-20.34375,50.0,Red,TOI_3505.01,TOI_3505.01-20260714T190730Z-1-004.zip,TOI_3505.01/TOI_3505.01_50.000s_R-0043.fits
44,2022-07-22T03:00:18.67,2459782.6308108456,1.1841464046677612,-20.375,50.0,Red,TOI_3505.01,TOI_3505.01-20260714T190730Z-1-004.zip,TOI_3505.01/TOI_3505.01_50.000s_R-0044.fits
45,2022-07-22T03:01:23.73,2459782.631564005,1.1817587786928008,-20.375,50.0,Red,TOI_3505.01,TOI_3505.01-20260714T190730Z-1-004.zip,TOI_3505.01/TOI_3505.01_50.000s_R-0045.fits
46,2022-07-22T03:02:28.79,2459782.63231674,1.1794022652969363,-20.375,50.0,Red,TOI_3505.01,TOI_3505.01-20260714T190730Z-1-005.zip,TOI_3505.01/TOI_3505.01_50.000s_R-0046.fits
47,2022-07-22T03:03:33.92,2459782.633070309,1.177072708180251,-20.375,50.0,Red,TOI_3505.01,TOI_3505.01-20260714T190730Z-1-003.zip,TOI_3505.01/TOI_3505.01_50.000s_R-0047.fits
48,2022-07-22T03:04:38.98,2459782.6338234944,1.17477365624622,-20.40625,50.0,Red,TOI_3505.01,TOI_3505.01-20260714T190730Z-1-003.zip,TOI_3505.01/TOI_3505.01_50.000s_R-0048.fits
49,2022-07-22T03:05:44.05,2459782.63457686,1.172503135504528,-20.34375,50.0,Red,TOI_3505.01,TOI_3505.01-20260714T190730Z-1-004.zip,TOI_3505.01/TOI_3505.01_50.000s_R-0049.fits
50,2022-07-22T03:06:49.11,2459782.6353295,1.1702636118971705,-20.375,50.0,Red,TOI_3505.01,TOI_3505.01-20260714T190730Z-1-003.zip,TOI_3505.01/TOI_3505.01_50.000s_R-0050.fits
51,2022-07-22T03:07:54.17,2459782.6360830753,1.1680499263543196,-20.375,50.0,Red,TOI_3505.01,TOI_3505.01-20260714T190730Z-1-004.zip,TOI_3505.01/TOI_3505.01_50.000s_R-0051.fits
52,2022-07-22T03:08:59.30,2459782.63683651,1.1658650564336581,-20.375,50.0,Red,TOI_3505.01,TOI_3505.01-20260714T190730Z-1-004.zip,TOI_3505.01/TOI_3505.01_50.000s_R-0052.fits
53,2022-07-22T03:10:04.36,2459782.6375896996,1.1637090631374118,-20.375,50.0,Red,TOI_3505.01,TOI_3505.01-20260714T190730Z-1-003.zip,TOI_3505.01/TOI_3505.01_50.000s_R-0053.fits
54,2022-07-22T03:11:09.43,2459782.6383427386,1.1615814351577705,-20.375,50.0,Red,TOI_3505.01,TOI_3505.01-20260714T190730Z-1-004.zip,TOI_3505.01/TOI_3505.01_50.000s_R-0054.fits
55,2022-07-22T03:12:14.48,2459782.6390960054,1.1594808909023986,-20.375,50.0,Red,TOI_3505.01,TOI_3505.01-20260714T190730Z-1-004.zip,TOI_3505.01/TOI_3505.01_50.000s_R-0055.fits
56,2022-07-22T03:13:19.55,2459782.639848924,1.1574088202492572,-20.375,50.0,Red,TOI_3505.01,TOI_3505.01-20260714T190730Z-1-005.zip,TOI_3505.01/TOI_3505.01_50.000s_R-0056.fits
57,2022-07-22T03:14:24.61,2459782.640601862,1.1553639852021034,-20.375,50.0,Red,TOI_3505.01,TOI_3505.01-20260714T190730Z-1-005.zip,TOI_3505.01/TOI_3505.01_50.000s_R-0057.fits
58,2022-07-22T03:15:29.60,2459782.6413543285,1.1533474917113502,-20.375,50.0,Red,TOI_3505.01,TOI_3505.01-20260714T190730Z-1-003.zip,TOI_3505.01/TOI_3505.01_50.000s_R-0058.fits
59,2022-07-22T03:16:34.67,2459782.642107536,1.1513559029466767,-20.375,50.0,Red,TOI_3505.01,TOI_3505.01-20260714T190730Z-1-004.zip,TOI_3505.01/TOI_3505.01_50.000s_R-0059.fits
60,2022-07-22T03:17:39.73,2459782.6428602245,1.149392366859512,-20.375,50.0,Red,TOI_3505.01,TOI_3505.01-20260714T190730Z-1-004.zip,TOI_3505.01/TOI_3505.01_50.000s_R-0060.fits
61,2022-07-22T03:18:44.79,2459782.643613338,1.1474542222349977,-20.34375,50.0,Red,TOI_3505.01,TOI_3505.01-20260714T190730Z-1-005.zip,TOI_3505.01/TOI_3505.01_50.000s_R-0061.fits
62,2022-07-22T03:19:49.86,2459782.6443660157,1.1455434916183587,-20.40625,50.0,Red,TOI_3505.01,TOI_3505.01-20260714T190730Z-1-004.zip,TOI_3505.01/TOI_3505.01_50.000s_R-0062.fits
63,2022-07-22T03:20:54.92,2459782.645119224,1.1436575397465578,-20.375,50.0,Red,TOI_3505.01,TOI_3505.01-20260714T190730Z-1-004.zip,TOI_3505.01/TOI_3505.01_50.000s_R-0063.fits
64,2022-07-22T03:21:59.92,2459782.6458724122,1.141797589603322,-20.375,50.0,Red,TOI_3505.01,TOI_3505.01-20260714T190730Z-1-003.zip,TOI_3505.01/TOI_3505.01_50.000s_R-0064.fits
65,2022-07-22T03:23:04.98,2459782.64662475,1.1399654658137837,-20.375,50.0,Red,TOI_3505.01,TOI_3505.01-20260714T190730Z-1-005.zip,TOI_3505.01/TOI_3505.01_50.000s_R-0065.fits
66,2022-07-22T03:24:09.98,2459782.6473772163,1.138158568049209,-20.375,50.0,Red,TOI_3505.01,TOI_3505.01-20260714T190730Z-1-004.zip,TOI_3505.01/TOI_3505.01_50.000s_R-0066.fits
67,2022-07-22T03:25:15.04,2459782.6481302613,1.1363756776104272,-20.40625,50.0,Red,TOI_3505.01,TOI_3505.01-20260714T190730Z-1-004.zip,TOI_3505.01/TOI_3505.01_50.000s_R-0067.fits
68,2022-07-22T03:26:20.04,2459782.648882399,1.1346201258030422,-20.375,50.0,Red,TOI_3505.01,TOI_3505.01-20260714T190730Z-1-004.zip,TOI_3505.01/TOI_3505.01_50.000s_R-0068.fits
69,2022-07-22T03:27:25.11,2459782.6496356763,1.1328869765748413,-20.375,50.0,Red,TOI_3505.01,TOI_3505.01-20260714T190730Z-1-004.zip,TOI_3505.01/TOI_3505.01_50.000s_R-0069.fits
70,2022-07-22T03:28:30.17,2459782.65038845,1.1311798781380877,-20.34375,50.0,Red,TOI_3505.01,TOI_3505.01-20260714T190730Z-1-005.zip,TOI_3505.01/TOI_3505.01_50.000s_R-0070.fits
71,2022-07-22T03:29:35.23,2459782.6511416794,1.1294964898626416,-20.375,50.0,Red,TOI_3505.01,TOI_3505.01-20260714T190730Z-1-004.zip,TOI_3505.01/TOI_3505.01_50.000s_R-0071.fits
72,2022-07-22T03:30:40.24,2459782.6518941256,1.1278394031492192,-20.375,50.0,Red,TOI_3505.01,TOI_3505.01-20260714T190730Z-1-004.zip,TOI_3505.01/TOI_3505.01_50.000s_R-0072.fits
73,2022-07-22T03:31:45.24,2459782.6526460866,1.1262077440485405,-20.34375,50.0,Red,TOI_3505.01,TOI_3505.01-20260714T190730Z-1-003.zip,TOI_3505.01/TOI_3505.01_50.000s_R-0073.fits
74,2022-07-22T03:32:50.24,2459782.653398565,1.124599184784852,-20.375,50.0,Red,TOI_3505.01,TOI_3505.01-20260714T190730Z-1-003.zip,TOI_3505.01/TOI_3505.01_50.000s_R-0074.fits
75,2022-07-22T03:33:55.29,2459782.654151373,1.1230140161321012,-20.375,50.0,Red,TOI_3505.01,TOI_3505.01-20260714T190730Z-1-004.zip,TOI_3505.01/TOI_3505.01_50.000s_R-0075.fits
76,2022-07-22T03:35:00.36,2459782.654904503,1.1214521372584896,-20.375,50.0,Red,TOI_3505.01,TOI_3505.01-20260714T190730Z-1-004.zip,TOI_3505.01/TOI_3505.01_50.000s_R-0076.fits
77,2022-07-22T03:36:05.42,2459782.655657584,1.1199141837359405,-20.375,50.0,Red,TOI_3505.01,TOI_3505.01-20260714T190730Z-1-003.zip,TOI_3505.01/TOI_3505.01_50.000s_R-0077.fits
78,2022-07-22T03:37:10.48,2459782.6564107756,1.1183996887905288,-20.375,50.0,Red,TOI_3505.01,TOI_3505.01-20260714T190730Z-1-004.zip,TOI_3505.01/TOI_3505.01_50.000s_R-0078.fits
79,2022-07-22T03:38:15.55,2459782.657163474,1.116909708961375,-20.375,50.0,Red,TOI_3505.01,TOI_3505.01-20260714T190730Z-1-003.zip,TOI_3505.01/TOI_3505.01_50.000s_R-0079.fits
80,2022-07-22T03:39:20.61,2459782.657916723,1.1154420419538,-20.34375,50.0,Red,TOI_3505.01,TOI_3505.01-20260714T190730Z-1-004.zip,TOI_3505.01/TOI_3505.01_50.000s_R-0080.fits
81,2022-07-22T03:40:25.67,2459782.658669722,1.1139981248927908,-20.375,50.0,Red,TOI_3505.01,TOI_3505.01-20260714T190730Z-1-005.zip,TOI_3505.01/TOI_3505.01_50.000s_R-0081.fits
82,2022-07-22T03:41:30.73,2459782.659422933,1.1125769369738134,-20.375,50.0,Red,TOI_3505.01,TOI_3505.01-20260714T190730Z-1-005.zip,TOI_3505.01/TOI_3505.01_50.000s_R-0082.fits
83,2022-07-22T03:42:35.73,2459782.660175241,1.1111804211036402,-20.40625,50.0,Red,TOI_3505.01,TOI_3505.01-20260714T190730Z-1-003.zip,TOI_3505.01/TOI_3505.01_50.000s_R-0083.fits
84,2022-07-22T03:43:40.80,2459782.6609284044,1.1098051820289492,-20.375,50.0,Red,TOI_3505.01,TOI_3505.01-20260714T190730Z-1-004.zip,TOI_3505.01/TOI_3505.01_50.000s_R-0084.fits
85,2022-07-22T03:44:45.86,2459782.661681178,1.1084533889133628,-20.375,50.0,Red,TOI_3505.01,TOI_3505.01-20260714T190730Z-1-004.zip,TOI_3505.01/TOI_3505.01_50.000s_R-0085.fits
86,2022-07-22T03:45:50.92,2459782.662434365,1.1071234769697085,-20.375,50.0,Red,TOI_3505.01,TOI_3505.01-20260714T190730Z-1-004.zip,TOI_3505.01/TOI_3505.01_50.000s_R-0086.fits
87,2022-07-22T03:46:55.98,2459782.6631872556,1.1058165844129189,-20.375,50.0,Red,TOI_3505.01,TOI_3505.01-20260714T190730Z-1-004.zip,TOI_3505.01/TOI_3505.01_50.000s_R-0087.fits
88,2022-07-22T03:48:01.05,2459782.6639406304,1.1045312453592784,-20.375,50.0,Red,TOI_3505.01,TOI_3505.01-20260714T190730Z-1-004.zip,TOI_3505.01/TOI_3505.01_50.000s_R-0088.fits
89,2022-07-22T03:49:06.05,2459782.664692733,1.1032703053714683,-20.34375,50.0,Red,TOI_3505.01,TOI_3505.01-20260714T190730Z-1-004.zip,TOI_3505.01/TOI_3505.01_50.000s_R-0089.fits
90,2022-07-22T03:50:11.11,2459782.6654457957,1.1020298939765738,-20.375,50.0,Red,TOI_3505.01,TOI_3505.01-20260714T190730Z-1-004.zip,TOI_3505.01/TOI_3505.01_50.000s_R-0090.fits
91,2022-07-22T03:51:16.11,2459782.6661983095,1.1008124036329243,-20.40625,50.0,Red,TOI_3505.01,TOI_3505.01-20260714T190730Z-1-004.zip,TOI_3505.01/TOI_3505.01_50.000s_R-0091.fits
92,2022-07-22T03:52:21.11,2459782.6669506375,1.0996171052209425,-20.375,50.0,Red,TOI_3505.01,TOI_3505.01-20260714T190730Z-1-004.zip,TOI_3505.01/TOI_3505.01_50.000s_R-0092.fits
93,2022-07-22T03:53:26.17,2459782.6677036607,1.0984425133199072,-20.375,50.0,Red,TOI_3505.01,TOI_3505.01-20260714T190730Z-1-003.zip,TOI_3505.01/TOI_3505.01_50.000s_R-0093.fits
94,2022-07-22T03:54:31.23,2459782.668456832,1.0972894144270124,-20.375,50.0,Red,TOI_3505.01,TOI_3505.01-20260714T190730Z-1-005.zip,TOI_3505.01/TOI_3505.01_50.000s_R-0094.fits
95,2022-07-22T03:55:36.29,2459782.6692095487,1.0961586142685493,-20.34375,50.0,Red,TOI_3505.01,TOI_3505.01-20260714T190730Z-1-003.zip,TOI_3505.01/TOI_3505.01_50.000s_R-0095.fits
96,2022-07-22T03:56:41.35,2459782.6699625305,1.0950489231548075,-20.34375,50.0,Red,TOI_3505.01,TOI_3505.01-20260714T190730Z-1-003.zip,TOI_3505.01/TOI_3505.01_50.000s_R-0096.fits
97,2022-07-22T03:57:46.42,2459782.670715713,1.0939603571265126,-20.375,50.0,Red,TOI_3505.01,TOI_3505.01-20260714T190730Z-1-003.zip,TOI_3505.01/TOI_3505.01_50.000s_R-0097.fits
98,2022-07-22T03:58:51.48,2459782.671468912,1.0928930947808828,-20.375,50.0,Red,TOI_3505.01,TOI_3505.01-20260714T190730Z-1-004.zip,TOI_3505.01/TOI_3505.01_50.000s_R-0098.fits
99,2022-07-22T03:59:56.54,2459782.67222151,1.0918478925768091,-20.375,50.0,Red,TOI_3505.01,TOI_3505.01-20260714T190730Z-1-003.zip,TOI_3505.01/TOI_3505.01_50.000s_R-0099.fits
100,2022-07-22T04:01:01.54,2459782.6729745255,1.0908232360995935,-20.34375,50.0,Red,TOI_3505.01,TOI_3505.01-20260714T190730Z-1-003.zip,TOI_3505.01/TOI_3505.01_50.000s_R-0100.fits
101,2022-07-22T04:02:06.60,2459782.673727043,1.0898202769503265,-20.375,50.0,Red,TOI_3505.01,TOI_3505.01-20260714T190730Z-1-004.zip,TOI_3505.01/TOI_3505.01_50.000s_R-0101.fits
102,2022-07-22T04:03:11.67,2459782.674480047,1.0888376138149904,-20.375,50.0,Red,TOI_3505.01,TOI_3505.01-20260714T190730Z-1-004.zip,TOI_3505.01/TOI_3505.01_50.000s_R-0102.fits
103,2022-07-22T04:04:16.73,2459782.6752329213,1.0878759812262275,-20.40625,50.0,Red,TOI_3505.01,TOI_3505.01-20260714T190730Z-1-004.zip,TOI_3505.01/TOI_3505.01_50.000s_R-0103.fits
104,2022-07-22T04:05:21.73,2459782.6759856115,1.0869353503620405,-20.375,50.0,Red,TOI_3505.01,TOI_3505.01-20260714T190730Z-1-004.zip,TOI_3505.01/TOI_3505.01_50.000s_R-0104.fits
105,2022-07-22T04:06:26.79,2459782.6767384834,1.08601518211761,-20.40625,50.0,Red,TOI_3505.01,TOI_3505.01-20260714T190730Z-1-004.zip,TOI_3505.01/TOI_3505.01_50.000s_R-0105.fits
106,2022-07-22T04:07:31.86,2459782.6774914246,1.0851155437455502,-20.40625,50.0,Red,TOI_3505.01,TOI_3505.01-20260714T190730Z-1-004.zip,TOI_3505.01/TOI_3505.01_50.000s_R-0106.fits
107,2022-07-22T04:08:36.92,2459782.6782447444,1.0842360058157696,-20.375,50.0,Red,TOI_3505.01,TOI_3505.01-20260714T190730Z-1-003.zip,TOI_3505.01/TOI_3505.01_50.000s_R-0107.fits
108,2022-07-22T04:09:41.98,2459782.678997852,1.0833771880687517,-20.375,50.0,Red,TOI_3505.01,TOI_3505.01-20260714T190730Z-1-003.zip,TOI_3505.01/TOI_3505.01_50.000s_R-0108.fits
109,2022-07-22T04:10:46.98,2459782.6797503065,1.0825394842162004,-20.375,50.0,Red,TOI_3505.01,TOI_3505.01-20260714T190730Z-1-003.zip,TOI_3505.01/TOI_3505.01_50.000s_R-0109.fits
110,2022-07-22T04:11:52.04,2459782.680503214,1.0817215822901707,-20.375,50.0,Red,TOI_3505.01,TOI_3505.01-20260714T190730Z-1-003.zip,TOI_3505.01/TOI_3505.01_50.000s_R-0110.fits
111,2022-07-22T04:12:57.11,2459782.6812559585,1.0809240915981844,-20.375,50.0,Red,TOI_3505.01,TOI_3505.01-20260714T190730Z-1-004.zip,TOI_3505.01/TOI_3505.01_50.000s_R-0111.fits
112,2022-07-22T04:14:02.17,2459782.6820092103,1.0801462472505843,-20.40625,50.0,Red,TOI_3505.01,TOI_3505.01-20260714T190730Z-1-003.zip,TOI_3505.01/TOI_3505.01_50.000s_R-0112.fits
113,2022-07-22T04:15:07.23,2459782.6827624757,1.079388513751088,-20.40625,50.0,Red,TOI_3505.01,TOI_3505.01-20260714T190730Z-1-003.zip,TOI_3505.01/TOI_3505.01_50.000s_R-0113.fits
114,2022-07-22T04:16:12.30,2459782.683515158,1.0786514026843628,-20.375,50.0,Red,TOI_3505.01,TOI_3505.01-20260714T190730Z-1-003.zip,TOI_3505.01/TOI_3505.01_50.000s_R-0114.fits
115,2022-07-22T04:17:17.30,2459782.684267719,1.077934370693273,-20.375,50.0,Red,TOI_3505.01,TOI_3505.01-20260714T190730Z-1-005.zip,TOI_3505.01/TOI_3505.01_50.000s_R-0115.fits
116,2022-07-22T04:18:22.30,2459782.685019962,1.0772375252805597,-20.34375,50.0,Red,TOI_3505.01,TOI_3505.01-20260714T190730Z-1-003.zip,TOI_3505.01/TOI_3505.01_50.000s_R-0116.fits
117,2022-07-22T04:19:27.30,2459782.685772306,1.0765604116933536,-20.34375,50.0,Red,TOI_3505.01,TOI_3505.01-20260714T190730Z-1-004.zip,TOI_3505.01/TOI_3505.01_50.000s_R-0117.fits
118,2022-07-22T04:20:32.36,2459782.6865251865,1.0759026041034316,-20.375,50.0,Red,TOI_3505.01,TOI_3505.01-20260714T190730Z-1-003.zip,TOI_3505.01/TOI_3505.01_50.000s_R-0118.fits
119,2022-07-22T04:21:37.48,2459782.687278762,1.0752639564828579,-20.375,50.0,Red,TOI_3505.01,TOI_3505.01-20260714T190730Z-1-004.zip,TOI_3505.01/TOI_3505.01_50.000s_R-0119.fits
120,2022-07-22T04:22:42.54,2459782.688031829,1.0746454422194083,-20.375,50.0,Red,TOI_3505.01,TOI_3505.01-20260714T190730Z-1-003.zip,TOI_3505.01/TOI_3505.01_50.000s_R-0120.fits
121,2022-07-22T04:23:47.61,2459782.688785035,1.0740464616607934,-20.375,50.0,Red,TOI_3505.01,TOI_3505.01-20260714T190730Z-1-004.zip,TOI_3505.01/TOI_3505.01_50.000s_R-0121.fits
122,2022-07-22T04:24:52.68,2459782.689538007,1.0734672567355652,-20.375,50.0,Red,TOI_3505.01,TOI_3505.01-20260714T190730Z-1-003.zip,TOI_3505.01/TOI_3505.01_50.000s_R-0122.fits
123,2022-07-22T04:25:57.73,2459782.6902910583,1.0729075317742414,-20.375,50.0,Red,TOI_3505.01,TOI_3505.01-20260714T190730Z-1-003.zip,TOI_3505.01/TOI_3505.01_50.000s_R-0123.fits
124,2022-07-22T04:27:02.79,2459782.6910441252,1.0723672893156926,-20.375,50.0,Red,TOI_3505.01,TOI_3505.01-20260714T190730Z-1-004.zip,TOI_3505.01/TOI_3505.01_50.000s_R-0124.fits
125,2022-07-22T04:28:07.86,2459782.6917973706,1.0718463751199836,-20.375,50.0,Red,TOI_3505.01,TOI_3505.01-20260714T190730Z-1-003.zip,TOI_3505.01/TOI_3505.01_50.000s_R-0125.fits
126,2022-07-22T04:29:12.92,2459782.6925499006,1.0713453419401755,-20.375,50.0,Red,TOI_3505.01,TOI_3505.01-20260714T190730Z-1-003.zip,TOI_3505.01/TOI_3505.01_50.000s_R-0126.fits
127,2022-07-22T04:30:17.98,2459782.6933032637,1.0708631207006705,-20.40625,50.0,Red,TOI_3505.01,TOI_3505.01-20260714T190730Z-1-003.zip,TOI_3505.01/TOI_3505.01_50.000s_R-0127.fits
128,2022-07-22T04:31:23.04,2459782.694056076,1.0704005679802882,-20.375,50.0,Red,TOI_3505.01,TOI_3505.01-20260714T190730Z-1-003.zip,TOI_3505.01/TOI_3505.01_50.000s_R-0128.fits
129,2022-07-22T04:32:28.11,2459782.6948093004,1.0699570470571467,-20.375,50.0,Red,TOI_3505.01,TOI_3505.01-20260714T190730Z-1-003.zip,TOI_3505.01/TOI_3505.01_50.000s_R-0129.fits
130,2022-07-22T04:33:33.29,2459782.6955639157,1.0695320138379625,-20.40625,50.0,Red,TOI_3505.01,TOI_3505.01-20260714T190730Z-1-003.zip,TOI_3505.01/TOI_3505.01_50.000s_R-0130.fits
131,2022-07-22T04:34:38.48,2459782.6963179847,1.06912655563147,-20.34375,50.0,Red,TOI_3505.01,TOI_3505.01-20260714T190730Z-1-003.zip,TOI_3505.01/TOI_3505.01_50.000s_R-0131.fits
132,2022-07-22T04:35:43.54,2459782.697071274,1.0687407128739654,-20.375,50.0,Red,TOI_3505.01,TOI_3505.01-20260714T190730Z-1-003.zip,TOI_3505.01/TOI_3505.01_50.000s_R-0132.fits
133,2022-07-22T04:36:48.61,2459782.697824896,1.0683738663628728,-20.375,50.0,Red,TOI_3505.01,TOI_3505.01-20260714T190730Z-1-003.zip,TOI_3505.01/TOI_3505.01_50.000s_R-0133.fits
134,2022-07-22T04:37:53.73,2459782.6985779367,1.0680264202615088,-20.375,50.0,Red,TOI_3505.01,TOI_3505.01-20260714T190730Z-1-001.zip,TOI_3505.01/TOI_3505.01_50.000s_R-0134.fits
135,2022-07-22T04:38:59.42,2459782.6993383258,1.0676949452426159,-20.375,50.0,Red,TOI_3505.01,TOI_3505.01-20260714T190730Z-1-002.zip,TOI_3505.01/TOI_3505.01_50.000s_R-0135.fits
136,2022-07-22T04:40:04.67,2459782.7000936135,1.0673849258117054,-20.40625,50.0,Red,TOI_3505.01,TOI_3505.01-20260714T190730Z-1-001.zip,TOI_3505.01/TOI_3505.01_50.000s_R-0136.fits
137,2022-07-22T04:41:09.79,2459782.700847071,1.0670947292218258,-20.40625,50.0,Red,TOI_3505.01,TOI_3505.01-20260714T190730Z-1-001.zip,TOI_3505.01/TOI_3505.01_50.000s_R-0137.fits
138,2022-07-22T04:42:15.67,2459782.701610185,1.0668202043770858,-20.375,50.0,Red,TOI_3505.01,TOI_3505.01-20260714T190730Z-1-001.zip,TOI_3505.01/TOI_3505.01_50.000s_R-0138.fits
139,2022-07-22T04:43:21.29,2459782.702369642,1.066566346596608,-20.375,50.0,Red,TOI_3505.01,TOI_3505.01-20260714T190730Z-1-001.zip,TOI_3505.01/TOI_3505.01_50.000s_R-0139.fits
140,2022-07-22T04:44:27.23,2459782.7031324874,1.0663307683776493,-20.40625,50.0,Red,TOI_3505.01,TOI_3505.01-20260714T190730Z-1-003.zip,TOI_3505.01/TOI_3505.01_50.000s_R-0140.fits
141,2022-07-22T04:45:32.67,2459782.7038899334,1.0661160868734458,-20.375,50.0,Red,TOI_3505.01,TOI_3505.01-20260714T190730Z-1-001.zip,TOI_3505.01/TOI_3505.01_50.000s_R-0141.fits
142,2022-07-22T04:46:37.73,2459782.704642847,1.0659216614344025,-20.3125,50.0,Red,TOI_3505.01,TOI_3505.01-20260714T190730Z-1-001.zip,TOI_3505.01/TOI_3505.01_50.000s_R-0142.fits
143,2022-07-22T04:47:43.24,2459782.7054009773,1.0657449841431643,-20.40625,50.0,Red,TOI_3505.01,TOI_3505.01-20260714T190730Z-1-001.zip,TOI_3505.01/TOI_3505.01_50.000s_R-0143.fits
144,2022-07-22T04:48:48.42,2459782.706155634,1.065588130871038,-20.375,50.0,Red,TOI_3505.01,TOI_3505.01-20260714T190730Z-1-003.zip,TOI_3505.01/TOI_3505.01_50.000s_R-0144.fits
145,2022-07-22T04:49:53.55,2459782.706909041,1.0654504482190505,-20.375,50.0,Red,TOI_3505.01,TOI_3505.01-20260714T190730Z-1-002.zip,TOI_3505.01/TOI_3505.01_50.000s_R-0145.fits
146,2022-07-22T04:50:58.67,2459782.7076630625,1.0653315598196607,-20.375,50.0,Red,TOI_3505.01,TOI_3505.01-20260714T190730Z-1-003.zip,TOI_3505.01/TOI_3505.01_50.000s_R-0146.fits
147,2022-07-22T04:52:03.79,2459782.7084165383,1.0652316414320733,-20.34375,50.0,Red,TOI_3505.01,TOI_3505.01-20260714T190730Z-1-002.zip,TOI_3505.01/TOI_3505.01_50.000s_R-0147.fits
148,2022-07-22T04:53:08.85,2459782.7091704095,1.0651505541049844,-20.375,50.0,Red,TOI_3505.01,TOI_3505.01-20260714T190730Z-1-002.zip,TOI_3505.01/TOI_3505.01_50.000s_R-0148.fits
149,2022-07-22T04:54:13.92,2459782.7099231686,1.0650884263525413,-20.34375,50.0,Red,TOI_3505.01,TOI_3505.01-20260714T190730Z-1-002.zip,TOI_3505.01/TOI_3505.01_50.000s_R-0149.fits
150,2022-07-22T04:55:18.98,2459782.7106763357,1.0650451011247117,-20.375,50.0,Red,TOI_3505.01,TOI_3505.01-20260714T190730Z-1-001.zip,TOI_3505.01/TOI_3505.01_50.000s_R-0150.fits
151,2022-07-22T04:56:24.04,2459782.71142938,1.0650206159776565,-20.40625,50.0,Red,TOI_3505.01,TOI_3505.01-20260714T190730Z-1-002.zip,TOI_3505.01/TOI_3505.01_50.000s_R-0151.fits
152,2022-07-22T04:57:29.10,2459782.712182067,1.0650149585083697,-20.375,50.0,Red,TOI_3505.01,TOI_3505.01-20260714T190730Z-1-003.zip,TOI_3505.01/TOI_3505.01_50.000s_R-0152.fits
153,2022-07-22T04:58:34.17,2459782.712934782,1.0650281129916865,-20.375,50.0,Red,TOI_3505.01,TOI_3505.01-20260714T190730Z-1-002.zip,TOI_3505.01/TOI_3505.01_50.000s_R-0153.fits
154,2022-07-22T04:59:39.23,2459782.7136880998,1.0650601142553222,-20.34375,50.0,Red,TOI_3505.01,TOI_3505.01-20260714T190730Z-1-001.zip,TOI_3505.01/TOI_3505.01_50.000s_R-0154.fits
155,2022-07-22T05:00:44.29,2459782.7144411867,1.0651109434963437,-20.375,50.0,Red,TOI_3505.01,TOI_3505.01-20260714T190730Z-1-003.zip,TOI_3505.01/TOI_3505.01_50.000s_R-0155.fits
156,2022-07-22T05:01:49.35,2459782.7151942407,1.0651806083642907,-20.375,50.0,Red,TOI_3505.01,TOI_3505.01-20260714T190730Z-1-001.zip,TOI_3505.01/TOI_3505.01_50.000s_R-0156.fits
157,2022-07-22T05:02:54.35,2459782.7159470404,1.0652690835210967,-20.40625,50.0,Red,TOI_3505.01,TOI_3505.01-20260714T190730Z-1-002.zip,TOI_3505.01/TOI_3505.01_50.000s_R-0157.fits
158,2022-07-22T05:03:59.42,2459782.716699386,1.0653763262599094,-20.34375,50.0,Red,TOI_3505.01,TOI_3505.01-20260714T190730Z-1-001.zip,TOI_3505.01/TOI_3505.01_50.000s_R-0158.fits
159,2022-07-22T05:05:04.48,2459782.7174525233,1.0655025357787846,-20.375,50.0,Red,TOI_3505.01,TOI_3505.01-20260714T190730Z-1-003.zip,TOI_3505.01/TOI_3505.01_50.000s_R-0159.fits
160,2022-07-22T05:06:09.54,2459782.718206204,1.0656477311092634,-20.375,50.0,Red,TOI_3505.01,TOI_3505.01-20260714T190730Z-1-001.zip,TOI_3505.01/TOI_3505.01_50.000s_R-0160.fits
161,2022-07-22T05:07:14.61,2459782.718958702,1.0658115679691462,-20.375,50.0,Red,TOI_3505.01,TOI_3505.01-20260714T190730Z-1-002.zip,TOI_3505.01/TOI_3505.01_50.000s_R-0161.fits
162,2022-07-22T05:08:19.67,2459782.7197117265,1.065994407496882,-20.40625,50.0,Red,TOI_3505.01,TOI_3505.01-20260714T190730Z-1-002.zip,TOI_3505.01/TOI_3505.01_50.000s_R-0162.fits
163,2022-07-22T05:09:24.73,2459782.7204649015,1.0661961991150744,-20.375,50.0,Red,TOI_3505.01,TOI_3505.01-20260714T190730Z-1-001.zip,TOI_3505.01/TOI_3505.01_50.000s_R-0163.fits
164,2022-07-22T05:10:29.73,2459782.721217446,1.0664167322480518,-20.375,50.0,Red,TOI_3505.01,TOI_3505.01-20260714T190730Z-1-003.zip,TOI_3505.01/TOI_3505.01_50.000s_R-0164.fits
165,2022-07-22T05:11:34.79,2459782.721970246,1.0666562711906638,-20.34375,50.0,Red,TOI_3505.01,TOI_3505.01-20260714T190730Z-1-002.zip,TOI_3505.01/TOI_3505.01_50.000s_R-0165.fits
166,2022-07-22T05:12:39.86,2459782.7227233686,1.0669148788803475,-20.40625,50.0,Red,TOI_3505.01,TOI_3505.01-20260714T190730Z-1-002.zip,TOI_3505.01/TOI_3505.01_50.000s_R-0166.fits
167,2022-07-22T05:13:44.92,2459782.7234762423,1.0671923837239297,-20.375,50.0,Red,TOI_3505.01,TOI_3505.01-20260714T190730Z-1-002.zip,TOI_3505.01/TOI_3505.01_50.000s_R-0167.fits
168,2022-07-22T05:14:49.99,2459782.7242292752,1.0674889559800393,-20.375,50.0,Red,TOI_3505.01,TOI_3505.01-20260714T190730Z-1-001.zip,TOI_3505.01/TOI_3505.01_50.000s_R-0168.fits
169,2022-07-22T05:15:55.05,2459782.7249825085,1.067804650301099,-20.375,50.0,Red,TOI_3505.01,TOI_3505.01-20260714T190730Z-1-002.zip,TOI_3505.01/TOI_3505.01_50.000s_R-0169.fits
170,2022-07-22T05:17:00.11,2459782.7257356197,1.0681393609043435,-20.375,50.0,Red,TOI_3505.01,TOI_3505.01-20260714T190730Z-1-002.zip,TOI_3505.01/TOI_3505.01_50.000s_R-0170.fits
171,2022-07-22T05:18:05.11,2459782.7264877493,1.0684926923330638,-20.40625,50.0,Red,TOI_3505.01,TOI_3505.01-20260714T190730Z-1-002.zip,TOI_3505.01/TOI_3505.01_50.000s_R-0171.fits
172,2022-07-22T05:19:10.11,2459782.7272400553,1.068865187505295,-20.40625,50.0,Red,TOI_3505.01,TOI_3505.01-20260714T190730Z-1-001.zip,TOI_3505.01/TOI_3505.01_50.000s_R-0172.fits
173,2022-07-22T05:20:15.17,2459782.727992862,1.0692570639917698,-20.40625,50.0,Red,TOI_3505.01,TOI_3505.01-20260714T190730Z-1-001.zip,TOI_3505.01/TOI_3505.01_50.000s_R-0173.fits
174,2022-07-22T05:21:20.17,2459782.72874574,1.0696681530799033,-20.375,50.0,Red,TOI_3505.01,TOI_3505.01-20260714T190730Z-1-002.zip,TOI_3505.01/TOI_3505.01_50.000s_R-0174.fits
175,2022-07-22T05:22:25.23,2459782.7294984516,1.0700983560958284,-20.375,50.0,Red,TOI_3505.01,TOI_3505.01-20260714T190730Z-1-001.zip,TOI_3505.01/TOI_3505.01_50.000s_R-0175.fits
176,2022-07-22T05:23:30.30,2459782.7302514496,1.0705479726191522,-20.375,50.0,Red,TOI_3505.01,TOI_3505.01-20260714T190730Z-1-003.zip,TOI_3505.01/TOI_3505.01_50.000s_R-0176.fits
177,2022-07-22T05:24:35.35,2459782.731004524,1.0710169291363711,-20.375,50.0,Red,TOI_3505.01,TOI_3505.01-20260714T190730Z-1-002.zip,TOI_3505.01/TOI_3505.01_50.000s_R-0177.fits
178,2022-07-22T05:25:40.35,2459782.731757289,1.0715050158959907,-20.375,50.0,Red,TOI_3505.01,TOI_3505.01-20260714T190730Z-1-002.zip,TOI_3505.01/TOI_3505.01_50.000s_R-0178.fits
179,2022-07-22T05:26:45.42,2459782.7325102086,1.0720125695561071,-20.40625,50.0,Red,TOI_3505.01,TOI_3505.01-20260714T190730Z-1-003.zip,TOI_3505.01/TOI_3505.01_50.000s_R-0179.fits
180,2022-07-22T05:27:50.48,2459782.733262666,1.0725392049460976,-20.40625,50.0,Red,TOI_3505.01,TOI_3505.01-20260714T190730Z-1-001.zip,TOI_3505.01/TOI_3505.01_50.000s_R-0180.fits
181,2022-07-22T05:28:55.54,2459782.7340161237,1.0730860112451175,-20.375,50.0,Red,TOI_3505.01,TOI_3505.01-20260714T190730Z-1-003.zip,TOI_3505.01/TOI_3505.01_50.000s_R-0181.fits
182,2022-07-22T05:30:00.61,2459782.7347689266,1.073651847167112,-20.375,50.0,Red,TOI_3505.01,TOI_3505.01-20260714T190730Z-1-002.zip,TOI_3505.01/TOI_3505.01_50.000s_R-0182.fits
183,2022-07-22T05:31:05.67,2459782.7355222134,1.0742376099588458,-20.34375,50.0,Red,TOI_3505.01,TOI_3505.01-20260714T190730Z-1-002.zip,TOI_3505.01/TOI_3505.01_50.000s_R-0183.fits
184,2022-07-22T05:32:10.73,2459782.736275309,1.0748428357921618,-20.40625,50.0,Red,TOI_3505.01,TOI_3505.01-20260714T190730Z-1-003.zip,TOI_3505.01/TOI_3505.01_50.000s_R-0184.fits
185,2022-07-22T05:33:15.80,2459782.737028593,1.0754678819137333,-20.375,50.0,Red,TOI_3505.01,TOI_3505.01-20260714T190730Z-1-002.zip,TOI_3505.01/TOI_3505.01_50.000s_R-0185.fits
186,2022-07-22T05:34:20.80,2459782.737780814,1.0761117278972496,-20.34375,50.0,Red,TOI_3505.01,TOI_3505.01-20260714T190730Z-1-001.zip,TOI_3505.01/TOI_3505.01_50.000s_R-0186.fits
187,2022-07-22T05:35:25.86,2459782.7385334913,1.07677570578288,-20.40625,50.0,Red,TOI_3505.01,TOI_3505.01-20260714T190730Z-1-002.zip,TOI_3505.01/TOI_3505.01_50.000s_R-0187.fits
188,2022-07-22T05:36:30.92,2459782.739286782,1.07746005334689,-20.375,50.0,Red,TOI_3505.01,TOI_3505.01-20260714T190730Z-1-001.zip,TOI_3505.01/TOI_3505.01_50.000s_R-0188.fits
189,2022-07-22T05:37:36.04,2459782.7400401398,1.0781643590053556,-20.40625,50.0,Red,TOI_3505.01,TOI_3505.01-20260714T190730Z-1-002.zip,TOI_3505.01/TOI_3505.01_50.000s_R-0189.fits
190,2022-07-22T05:38:41.04,2459782.740792903,1.0788880444450792,-20.375,50.0,Red,TOI_3505.01,TOI_3505.01-20260714T190730Z-1-001.zip,TOI_3505.01/TOI_3505.01_50.000s_R-0190.fits
191,2022-07-22T05:39:46.04,2459782.7415451775,1.0796312298679605,-20.375,50.0,Red,TOI_3505.01,TOI_3505.01-20260714T190730Z-1-001.zip,TOI_3505.01/TOI_3505.01_50.000s_R-0191.fits
192,2022-07-22T05:40:51.11,2459782.7422982855,1.0803952994270014,-20.375,50.0,Red,TOI_3505.01,TOI_3505.01-20260714T190730Z-1-001.zip,TOI_3505.01/TOI_3505.01_50.000s_R-0192.fits
193,2022-07-22T05:41:56.11,2459782.7430506404,1.0811787124186563,-20.375,50.0,Red,TOI_3505.01,TOI_3505.01-20260714T190730Z-1-002.zip,TOI_3505.01/TOI_3505.01_50.000s_R-0193.fits
194,2022-07-22T05:43:01.11,2459782.7438030676,1.0819823682474783,-20.375,50.0,Red,TOI_3505.01,TOI_3505.01-20260714T190730Z-1-001.zip,TOI_3505.01/TOI_3505.01_50.000s_R-0194.fits
195,2022-07-22T05:44:06.17,2459782.7445556736,1.0828064602457166,-20.34375,50.0,Red,TOI_3505.01,TOI_3505.01-20260714T190730Z-1-001.zip,TOI_3505.01/TOI_3505.01_50.000s_R-0195.fits
196,2022-07-22T05:45:11.23,2459782.7453087107,1.08365136070667,-20.40625,50.0,Red,TOI_3505.01,TOI_3505.01-20260714T190730Z-1-003.zip,TOI_3505.01/TOI_3505.01_50.000s_R-0196.fits
197,2022-07-22T05:46:16.30,2459782.746061389,1.084516259076739,-20.375,50.0,Red,TOI_3505.01,TOI_3505.01-20260714T190730Z-1-001.zip,TOI_3505.01/TOI_3505.01_50.000s_R-0197.fits
198,2022-07-22T05:47:21.36,2459782.746815371,1.0854031804381379,-20.375,50.0,Red,TOI_3505.01,TOI_3505.01-20260714T190730Z-1-001.zip,TOI_3505.01/TOI_3505.01_50.000s_R-0198.fits
199,2022-07-22T05:48:26.42,2459782.747567907,1.086308960356989,-20.375,50.0,Red,TOI_3505.01,TOI_3505.01-20260714T190730Z-1-001.zip,TOI_3505.01/TOI_3505.01_50.000s_R-0199.fits
200,2022-07-22T05:49:31.48,2459782.74832092,1.087235952898229,-20.40625,50.0,Red,TOI_3505.01,TOI_3505.01-20260714T190730Z-1-001.zip,TOI_3505.01/TOI_3505.01_50.000s_R-0200.fits
201,2022-07-22T05:50:36.49,2459782.749073596,1.0881832431935972,-20.375,50.0,Red,TOI_3505.01,TOI_3505.01-20260714T190730Z-1-003.zip,TOI_3505.01/TOI_3505.01_50.000s_R-0201.fits
202,2022-07-22T05:51:41.55,2459782.749826342,1.08915141404258,-20.40625,50.0,Red,TOI_3505.01,TOI_3505.01-20260714T190730Z-1-002.zip,TOI_3505.01/TOI_3505.01_50.000s_R-0202.fits
203,2022-07-22T05:52:46.54,2459782.750578894,1.0901402066422308,-20.40625,50.0,Red,TOI_3505.01,TOI_3505.01-20260714T190730Z-1-003.zip,TOI_3505.01/TOI_3505.01_50.000s_R-0203.fits
204,2022-07-22T05:53:51.61,2459782.7513317387,1.091150351906297,-20.375,50.0,Red,TOI_3505.01,TOI_3505.01-20260714T190730Z-1-003.zip,TOI_3505.01/TOI_3505.01_50.000s_R-0204.fits
205,2022-07-22T05:54:56.62,2459782.7520842613,1.0921811107150063,-20.40625,50.0,Red,TOI_3505.01,TOI_3505.01-20260714T190730Z-1-002.zip,TOI_3505.01/TOI_3505.01_50.000s_R-0205.fits
206,2022-07-22T05:56:01.67,2459782.7528368193,1.0932330522881522,-20.375,50.0,Red,TOI_3505.01,TOI_3505.01-20260714T190730Z-1-001.zip,TOI_3505.01/TOI_3505.01_50.000s_R-0206.fits
207,2022-07-22T05:57:06.67,2459782.7535894997,1.0943063978393683,-20.375,50.0,Red,TOI_3505.01,TOI_3505.01-20260714T190730Z-1-003.zip,TOI_3505.01/TOI_3505.01_50.000s_R-0207.fits
208,2022-07-22T05:58:11.74,2459782.7543420116,1.0954008259287469,-20.375,50.0,Red,TOI_3505.01,TOI_3505.01-20260714T190730Z-1-002.zip,TOI_3505.01/TOI_3505.01_50.000s_R-0208.fits
209,2022-07-22T05:59:16.79,2459782.755095478,1.0965180993491612,-20.40625,50.0,Red,TOI_3505.01,TOI_3505.01-20260714T190730Z-1-002.zip,TOI_3505.01/TOI_3505.01_50.000s_R-0209.fits
210,2022-07-22T06:00:21.86,2459782.755848472,1.0976562222559527,-20.375,50.0,Red,TOI_3505.01,TOI_3505.01-20260714T190730Z-1-003.zip,TOI_3505.01/TOI_3505.01_50.000s_R-0210.fits
211,2022-07-22T06:01:26.86,2459782.7566008535,1.0988150381756778,-20.34375,50.0,Red,TOI_3505.01,TOI_3505.01-20260714T190730Z-1-002.zip,TOI_3505.01/TOI_3505.01_50.000s_R-0211.fits
212,2022-07-22T06:02:32.98,2459782.7573540136,1.0999968009122891,-20.375,50.0,Red,TOI_3505.01,TOI_3505.01-20260714T190730Z-1-002.zip,TOI_3505.01/TOI_3505.01_50.000s_R-0212.fits
213,2022-07-22T06:03:37.98,2459782.758118466,1.1012186400596948,-20.375,50.0,Red,TOI_3505.01,TOI_3505.01-20260714T190730Z-1-001.zip,TOI_3505.01/TOI_3505.01_50.000s_R-0213.fits
214,2022-07-22T06:04:43.04,2459782.7588714752,1.1024443204030987,-20.375,50.0,Red,TOI_3505.01,TOI_3505.01-20260714T190730Z-1-001.zip,TOI_3505.01/TOI_3505.01_50.000s_R-0214.fits
215,2022-07-22T06:05:48.04,2459782.7596239583,1.1036911961097853,-20.375,50.0,Red,TOI_3505.01,TOI_3505.01-20260714T190730Z-1-001.zip,TOI_3505.01/TOI_3505.01_50.000s_R-0215.fits
216,2022-07-22T06:06:53.11,2459782.7603768315,1.1049608928968244,-20.375,50.0,Red,TOI_3505.01,TOI_3505.01-20260714T190730Z-1-001.zip,TOI_3505.01/TOI_3505.01_50.000s_R-0216.fits
217,2022-07-22T06:07:58.17,2459782.761129851,1.1062531369325477,-20.375,50.0,Red,TOI_3505.01,TOI_3505.01-20260714T190730Z-1-003.zip,TOI_3505.01/TOI_3505.01_50.000s_R-0217.fits
218,2022-07-22T06:09:03.24,2459782.761883038,1.1075680952596165,-20.40625,50.0,Red,TOI_3505.01,TOI_3505.01-20260714T190730Z-1-002.zip,TOI_3505.01/TOI_3505.01_50.000s_R-0218.fits
219,2022-07-22T06:10:08.29,2459782.7626361796,1.1089055220340784,-20.375,50.0,Red,TOI_3505.01,TOI_3505.01-20260714T190730Z-1-001.zip,TOI_3505.01/TOI_3505.01_50.000s_R-0219.fits
220,2022-07-22T06:11:13.29,2459782.763388629,1.1102643564020749,-20.375,50.0,Red,TOI_3505.01,TOI_3505.01-20260714T190730Z-1-002.zip,TOI_3505.01/TOI_3505.01_50.000s_R-0220.fits
221,2022-07-22T06:12:18.36,2459782.764141624,1.1116469518632033,-20.375,50.0,Red,TOI_3505.01,TOI_3505.01-20260714T190730Z-1-002.zip,TOI_3505.01/TOI_3505.01_50.000s_R-0221.fits
222,2022-07-22T06:13:23.42,2459782.764894705,1.113052618894996,-20.3125,50.0,Red,TOI_3505.01,TOI_3505.01-20260714T190730Z-1-002.zip,TOI_3505.01/TOI_3505.01_50.000s_R-0222.fits
223,2022-07-22T06:14:28.48,2459782.7656475278,1.114480837159134,-20.375,50.0,Red,TOI_3505.01,TOI_3505.01-20260714T190730Z-1-001.zip,TOI_3505.01/TOI_3505.01_50.000s_R-0223.fits
224,2022-07-22T06:15:33.54,2459782.766400767,1.1159330255815538,-20.375,50.0,Red,TOI_3505.01,TOI_3505.01-20260714T190730Z-1-001.zip,TOI_3505.01/TOI_3505.01_50.000s_R-0224.fits
225,2022-07-22T06:16:38.61,2459782.7671540114,1.1174085432397802,-20.40625,50.0,Red,TOI_3505.01,TOI_3505.01-20260714T190730Z-1-001.zip,TOI_3505.01/TOI_3505.01_50.000s_R-0225.fits
226,2022-07-22T06:17:43.67,2459782.767906488,1.1189059787180777,-20.375,50.0,Red,TOI_3505.01,TOI_3505.01-20260714T190730Z-1-001.zip,TOI_3505.01/TOI_3505.01_50.000s_R-0226.fits
227,2022-07-22T06:18:48.79,2459782.768659885,1.1204288366523678,-20.34375,50.0,Red,TOI_3505.01,TOI_3505.01-20260714T190730Z-1-002.zip,TOI_3505.01/TOI_3505.01_50.000s_R-0227.fits
228,2022-07-22T06:19:53.86,2459782.7694134377,1.1219757639230936,-20.40625,50.0,Red,TOI_3505.01,TOI_3505.01-20260714T190730Z-1-001.zip,TOI_3505.01/TOI_3505.01_50.000s_R-0228.fits
229,2022-07-22T06:20:58.92,2459782.770166432,1.123545421504413,-20.375,50.0,Red,TOI_3505.01,TOI_3505.01-20260714T190730Z-1-001.zip,TOI_3505.01/TOI_3505.01_50.000s_R-0229.fits
230,2022-07-22T06:22:04.98,2459782.7709195474,1.1251393499906497,-20.375,50.0,Red,TOI_3505.01,TOI_3505.01-20260714T190730Z-1-002.zip,TOI_3505.01/TOI_3505.01_50.000s_R-0230.fits
231,2022-07-22T06:23:10.05,2459782.7716841977,1.1267824227622965,-20.375,50.0,Red,TOI_3505.01,TOI_3505.01-20260714T190730Z-1-001.zip,TOI_3505.01/TOI_3505.01_50.000s_R-0231.fits
232,2022-07-22T06:24:15.11,2459782.7724372265,1.1284250296279543,-20.375,50.0,Red,TOI_3505.01,TOI_3505.01-20260714T190730Z-1-003.zip,TOI_3505.01/TOI_3505.01_50.000s_R-0232.fits
233,2022-07-22T06:25:20.17,2459782.773190157,1.1300918941966918,-20.375,50.0,Red,TOI_3505.01,TOI_3505.01-20260714T190730Z-1-002.zip,TOI_3505.01/TOI_3505.01_50.000s_R-0233.fits
234,2022-07-22T06:26:25.23,2459782.7739435956,1.131784534865447,-20.375,50.0,Red,TOI_3505.01,TOI_3505.01-20260714T190730Z-1-002.zip,TOI_3505.01/TOI_3505.01_50.000s_R-0234.fits
235,2022-07-22T06:27:30.36,2459782.7746966756,1.1335011752465352,-20.375,50.0,Red,TOI_3505.01,TOI_3505.01-20260714T190730Z-1-001.zip,TOI_3505.01/TOI_3505.01_50.000s_R-0235.fits
236,2022-07-22T06:28:35.49,2459782.7754508555,1.135245338724299,-20.40625,50.0,Red,TOI_3505.01,TOI_3505.01-20260714T190730Z-1-002.zip,TOI_3505.01/TOI_3505.01_50.000s_R-0236.fits
237,2022-07-22T06:29:40.61,2459782.776204678,1.1370138620284587,-20.375,50.0,Red,TOI_3505.01,TOI_3505.01-20260714T190730Z-1-001.zip,TOI_3505.01/TOI_3505.01_50.000s_R-0237.fits
238,2022-07-22T06:30:45.73,2459782.776958206,1.1388070269188797,-20.40625,50.0,Red,TOI_3505.01,TOI_3505.01-20260714T190730Z-1-002.zip,TOI_3505.01/TOI_3505.01_50.000s_R-0238.fits
239,2022-07-22T06:31:50.98,2459782.7777132667,1.1406294201306082,-20.40625,50.0,Red,TOI_3505.01,TOI_3505.01-20260714T190730Z-1-002.zip,TOI_3505.01/TOI_3505.01_50.000s_R-0239.fits
240,2022-07-22T06:32:56.48,2459782.7784713698,1.1424850956268053,-20.375,50.0,Red,TOI_3505.01,TOI_3505.01-20260714T190730Z-1-001.zip,TOI_3505.01/TOI_3505.01_50.000s_R-0240.fits
241,2022-07-22T06:34:01.92,2459782.779228662,1.1443649199436001,-20.40625,50.0,Red,TOI_3505.01,TOI_3505.01-20260714T190730Z-1-001.zip,TOI_3505.01/TOI_3505.01_50.000s_R-0241.fits
242,2022-07-22T06:35:07.54,2459782.7799883364,1.1462770835017326,-20.375,50.0,Red,TOI_3505.01,TOI_3505.01-20260714T190730Z-1-002.zip,TOI_3505.01/TOI_3505.01_50.000s_R-0242.fits
243,2022-07-22T06:36:12.98,2459782.780745573,1.1482096432443185,-20.375,50.0,Red,TOI_3505.01,TOI_3505.01-20260714T190730Z-1-002.zip,TOI_3505.01/TOI_3505.01_50.000s_R-0243.fits
244,2022-07-22T06:37:18.17,2459782.781499937,1.150161399978477,-20.375,50.0,Red,TOI_3505.01,TOI_3505.01-20260714T190730Z-1-002.zip,TOI_3505.01/TOI_3505.01_50.000s_R-0244.fits
245,2022-07-22T06:38:23.35,2459782.782254858,1.152141298403108,-20.375,50.0,Red,TOI_3505.01,TOI_3505.01-20260714T190730Z-1-002.zip,TOI_3505.01/TOI_3505.01_50.000s_R-0245.fits
246,2022-07-22T06:39:28.48,2459782.7830085154,1.1541447229905595,-20.375,50.0,Red,TOI_3505.01,TOI_3505.01-20260714T190730Z-1-001.zip,TOI_3505.01/TOI_3505.01_50.000s_R-0246.fits
247,2022-07-22T06:40:33.79,2459782.7837648145,1.1561823273928473,-20.375,50.0,Red,TOI_3505.01,TOI_3505.01-20260714T190730Z-1-002.zip,TOI_3505.01/TOI_3505.01_50.000s_R-0247.fits
248,2022-07-22T06:41:39.42,2459782.7845243327,1.1582561920334435,-20.40625,50.0,Red,TOI_3505.01,TOI_3505.01-20260714T190730Z-1-001.zip,TOI_3505.01/TOI_3505.01_50.000s_R-0248.fits
249,2022-07-22T06:42:45.11,2459782.785284568,1.1603599082072562,-20.375,50.0,Red,TOI_3505.01,TOI_3505.01-20260714T190730Z-1-002.zip,TOI_3505.01/TOI_3505.01_50.000s_R-0249.fits
250,2022-07-22T06:43:50.42,2459782.7860405776,1.1624798203325617,-20.375,50.0,Red,TOI_3505.01,TOI_3505.01-20260714T190730Z-1-001.zip,TOI_3505.01/TOI_3505.01_50.000s_R-0250.fits
251,2022-07-22T06:44:56.11,2459782.786801026,1.164640452991065,-20.34375,50.0,Red,TOI_3505.01,TOI_3505.01-20260714T190730Z-1-003.zip,TOI_3505.01/TOI_3505.01_50.000s_R-0251.fits
252,2022-07-22T06:46:01.79,2459782.7875607163,1.1668274681277766,-20.40625,50.0,Red,TOI_3505.01,TOI_3505.01-20260714T190730Z-1-002.zip,TOI_3505.01/TOI_3505.01_50.000s_R-0252.fits
253,2022-07-22T06:47:07.42,2459782.788320157,1.169042500025134,-20.375,50.0,Red,TOI_3505.01,TOI_3505.01-20260714T190730Z-1-003.zip,TOI_3505.01/TOI_3505.01_50.000s_R-0253.fits
254,2022-07-22T06:48:13.17,2459782.78908171,1.171292769932275,-20.40625,50.0,Red,TOI_3505.01,TOI_3505.01-20260714T190730Z-1-003.zip,TOI_3505.01/TOI_3505.01_50.000s_R-0254.fits
255,2022-07-22T06:49:18.67,2459782.7898395183,1.173561116258803,-20.40625,50.0,Red,TOI_3505.01,TOI_3505.01-20260714T190730Z-1-003.zip,TOI_3505.01/TOI_3505.01_50.000s_R-0255.fits
256,2022-07-22T06:50:24.36,2459782.790599863,1.175866506330354,-20.40625,50.0,Red,TOI_3505.01,TOI_3505.01-20260714T190730Z-1-001.zip,TOI_3505.01/TOI_3505.01_50.000s_R-0256.fits
257,2022-07-22T06:51:29.48,2459782.791353831,1.1781819292732507,-20.375,50.0,Red,TOI_3505.01,TOI_3505.01-20260714T190730Z-1-002.zip,TOI_3505.01/TOI_3505.01_50.000s_R-0257.fits
258,2022-07-22T06:52:34.61,2459782.792107612,1.1805262542328003,-20.34375,50.0,Red,TOI_3505.01,TOI_3505.01-20260714T190730Z-1-001.zip,TOI_3505.01/TOI_3505.01_50.000s_R-0258.fits
259,2022-07-22T06:53:39.79,2459782.792861672,1.1829011808766596,-20.375,50.0,Red,TOI_3505.01,TOI_3505.01-20260714T190730Z-1-001.zip,TOI_3505.01/TOI_3505.01_50.000s_R-0259.fits
260,2022-07-22T06:54:44.98,2459782.7936161715,1.1853075023669888,-20.375,50.0,Red,TOI_3505.01,TOI_3505.01-20260714T190730Z-1-001.zip,TOI_3505.01/TOI_3505.01_50.000s_R-0260.fits
261,2022-07-22T06:55:50.73,2459782.794377061,1.187764867853903,-20.40625,50.0,Red,TOI_3505.01,TOI_3505.01-20260714T190730Z-1-002.zip,TOI_3505.01/TOI_3505.01_50.000s_R-0261.fits
262,2022-07-22T06:56:56.17,2459782.795135025,1.1902436599788124,-20.34375,50.0,Red,TOI_3505.01,TOI_3505.01-20260714T190730Z-1-001.zip,TOI_3505.01/TOI_3505.01_50.000s_R-0262.fits
263,2022-07-22T06:58:01.55,2459782.795891534,1.1927486873993716,-20.375,50.0,Red,TOI_3505.01,TOI_3505.01-20260714T190730Z-1-003.zip,TOI_3505.01/TOI_3505.01_50.000s_R-0263.fits
264,2022-07-22T06:59:06.67,2459782.7966453354,1.195275811014464,-20.40625,50.0,Red,TOI_3505.01,TOI_3505.01-20260714T190730Z-1-001.zip,TOI_3505.01/TOI_3505.01_50.000s_R-0264.fits
265,2022-07-22T07:00:11.80,2459782.7973991074,1.197834115221134,-20.375,50.0,Red,TOI_3505.01,TOI_3505.01-20260714T190730Z-1-001.zip,TOI_3505.01/TOI_3505.01_50.000s_R-0265.fits
266,2022-07-22T07:01:16.92,2459782.798152912,1.2004240838971127,-20.375,50.0,Red,TOI_3505.01,TOI_3505.01-20260714T190730Z-1-002.zip,TOI_3505.01/TOI_3505.01_50.000s_R-0266.fits
267,2022-07-22T07:02:22.05,2459782.7989072786,1.2030478536410154,-20.375,50.0,Red,TOI_3505.01,TOI_3505.01-20260714T190730Z-1-002.zip,TOI_3505.01/TOI_3505.01_50.000s_R-0267.fits
268,2022-07-22T07:03:27.17,2459782.7996603507,1.205699204668864,-20.40625,50.0,Red,TOI_3505.01,TOI_3505.01-20260714T190730Z-1-002.zip,TOI_3505.01/TOI_3505.01_50.000s_R-0268.fits
269,2022-07-22T07:04:32.23,2459782.8004136644,1.208383765383003,-20.375,50.0,Red,TOI_3505.01,TOI_3505.01-20260714T190730Z-1-002.zip,TOI_3505.01/TOI_3505.01_50.000s_R-0269.fits
270,2022-07-22T07:05:37.30,2459782.801166833,1.2111004596935746,-20.40625,50.0,Red,TOI_3505.01,TOI_3505.01-20260714T190730Z-1-002.zip,TOI_3505.01/TOI_3505.01_50.000s_R-0270.fits
271,2022-07-22T07:06:42.48,2459782.8019205416,1.213852082871899,-20.375,50.0,Red,TOI_3505.01,TOI_3505.01-20260714T190730Z-1-001.zip,TOI_3505.01/TOI_3505.01_50.000s_R-0271.fits
272,2022-07-22T07:07:47.61,2459782.8026749203,1.2166394932424782,-20.34375,50.0,Red,TOI_3505.01,TOI_3505.01-20260714T190730Z-1-002.zip,TOI_3505.01/TOI_3505.01_50.000s_R-0272.fits
273,2022-07-22T07:08:52.73,2459782.803428186,1.2194563823448563,-20.40625,50.0,Red,TOI_3505.01,TOI_3505.01-20260714T190730Z-1-001.zip,TOI_3505.01/TOI_3505.01_50.000s_R-0273.fits
274,2022-07-22T07:09:57.86,2459782.8041823604,1.2223106105800936,-20.375,50.0,Red,TOI_3505.01,TOI_3505.01-20260714T190730Z-1-001.zip,TOI_3505.01/TOI_3505.01_50.000s_R-0274.fits
275,2022-07-22T07:11:02.92,2459782.8049353827,1.2251946808584813,-20.34375,50.0,Red,TOI_3505.01,TOI_3505.01-20260714T190730Z-1-002.zip,TOI_3505.01/TOI_3505.01_50.000s_R-0275.fits
276,2022-07-22T07:12:08.10,2459782.805689197,1.2281163433876647,-20.40625,50.0,Red,TOI_3505.01,TOI_3505.01-20260714T190730Z-1-002.zip,TOI_3505.01/TOI_3505.01_50.000s_R-0276.fits
277,2022-07-22T07:13:13.23,2459782.806443451,1.2310746461270887,-20.375,50.0,Red,TOI_3505.01,TOI_3505.01-20260714T190730Z-1-002.zip,TOI_3505.01/TOI_3505.01_50.000s_R-0277.fits
278,2022-07-22T07:14:18.36,2459782.8071970316,1.234065544209585,-20.40625,50.0,Red,TOI_3505.01,TOI_3505.01-20260714T190730Z-1-001.zip,TOI_3505.01/TOI_3505.01_50.000s_R-0278.fits
279,2022-07-22T07:15:23.48,2459782.807950425,1.237091248825923,-20.34375,50.0,Red,TOI_3505.01,TOI_3505.01-20260714T190730Z-1-001.zip,TOI_3505.01/TOI_3505.01_50.000s_R-0279.fits
280,2022-07-22T07:16:28.60,2459782.808704688,1.240156401862152,-20.375,50.0,Red,TOI_3505.01,TOI_3505.01-20260714T190730Z-1-002.zip,TOI_3505.01/TOI_3505.01_50.000s_R-0280.fits
281,2022-07-22T07:17:33.79,2459782.8094587056,1.243256868314417,-20.375,50.0,Red,TOI_3505.01,TOI_3505.01-20260714T190730Z-1-001.zip,TOI_3505.01/TOI_3505.01_50.000s_R-0281.fits
282,2022-07-22T07:58:32.42,2459782.8379090712,1.3908951291758624,-20.375,50.0,Red,TOI_3505.01,TOI_3505.01-20260714T190730Z-1-002.zip,TOI_3505.01/TOI_3505.01_50.000s_R-0282.fits
283,2022-07-22T07:59:37.42,2459782.8386683143,1.3957851813369386,-20.34375,50.0,Red,TOI_3505.01,TOI_3505.01-20260714T190730Z-1-002.zip,TOI_3505.01/TOI_3505.01_50.000s_R-0283.fits
