sequence,input_file,output_file,status,bjd_tdb,broad_x_shift_pixels,broad_y_shift_pixels,x_shift_pixels,y_shift_pixels,measured_x_shift_pixels,measured_y_shift_pixels,reference_stars_used,position_rms_pixels,median_star_width_pixels,field_match_strength,fill_value_adu,elapsed_seconds
1,TOI_3505.01_50.000s_R-0001_out.fits,TOI_3505.01_50.000s_R-0001_aligned.fits,written,2459782.598234811,0,0,0,0,0.3060117244685898,-0.27928041623772515,25,0.3587457413221397,9.821090214361886,1.0,854.8658447265625,0.06585783400078071
2,TOI_3505.01_50.000s_R-0002_out.fits,TOI_3505.01_50.000s_R-0002_aligned.fits,written,2459782.599005828,8,8,5,2,5.229836722056461,1.7629222997354645,25,0.37575311432613245,8.105526654681801,0.4617859125137329,888.6558837890625,0.17641083399939816
3,TOI_3505.01_50.000s_R-0003_out.fits,TOI_3505.01_50.000s_R-0003_aligned.fits,written,2459782.599766962,0,8,3,4,3.080167064269972,3.6804585875593148,25,0.38068854942413366,9.73110623908175,0.44848009943962097,853.2952880859375,0.19618904100207146
4,TOI_3505.01_50.000s_R-0004_out.fits,TOI_3505.01_50.000s_R-0004_aligned.fits,written,2459782.6005278192,0,8,3,5,2.867352443754271,4.685949259189783,25,0.403407844020038,8.32808565512975,0.29748645424842834,848.8425903320312,0.1759189999975206
5,TOI_3505.01_50.000s_R-0005_out.fits,TOI_3505.01_50.000s_R-0005_aligned.fits,written,2459782.6012884346,-16,8,-13,5,-12.600654945638325,4.852615452010468,25,0.4840663019179308,8.224179715661498,0.3127232789993286,748.48193359375,0.17949645800035796
6,TOI_3505.01_50.000s_R-0006_out.fits,TOI_3505.01_50.000s_R-0006_aligned.fits,written,2459782.602048698,0,8,4,5,4.472171335296252,5.4168132790023265,25,0.7227581971222358,8.066684971600486,0.45506274700164795,696.8936767578125,0.20427550000022165
7,TOI_3505.01_50.000s_R-0007_out.fits,TOI_3505.01_50.000s_R-0007_aligned.fits,written,2459782.602808816,16,8,17,5,17.054817127171646,5.218330534866936,25,0.4015665388800558,8.983299368867456,0.3782902956008911,684.5408935546875,0.1910043339994445
8,TOI_3505.01_50.000s_R-0008_out.fits,TOI_3505.01_50.000s_R-0008_aligned.fits,written,2459782.6035703677,8,8,8,5,8.109958242341918,4.949568982523203,25,0.25981315131526156,9.018266586167206,0.32088229060173035,644.7596435546875,0.19529004099968006
9,TOI_3505.01_50.000s_R-0009_out.fits,TOI_3505.01_50.000s_R-0009_aligned.fits,written,2459782.604330554,-16,8,-14,5,-14.020925028481997,5.124854084343042,25,0.3484877819244927,9.051157107909704,0.5452877283096313,629.4149169921875,0.1910559159987315
10,TOI_3505.01_50.000s_R-0010_out.fits,TOI_3505.01_50.000s_R-0010_aligned.fits,written,2459782.6050918396,-8,8,-10,4,-9.792848782451529,3.6409203225234705,25,0.47284251696918983,8.947371459939351,0.5461937189102173,619.4307861328125,0.199505833999865
11,TOI_3505.01_50.000s_R-0011_out.fits,TOI_3505.01_50.000s_R-0011_aligned.fits,written,2459782.605853456,24,8,24,5,24.040215000615717,4.857236393751805,25,0.3736732997086914,9.757716129497343,0.3331299126148224,598.3544921875,0.19947366699852864
12,TOI_3505.01_50.000s_R-0012_out.fits,TOI_3505.01_50.000s_R-0012_aligned.fits,written,2459782.6066149953,8,8,23,4,23.062737175230723,4.1811457087527515,25,0.401315218285402,9.66719191819766,0.44505178928375244,591.6285400390625,0.1945722080017731
13,TOI_3505.01_50.000s_R-0013_out.fits,TOI_3505.01_50.000s_R-0013_aligned.fits,written,2459782.607376969,-32,0,-30,1,-29.842596925434236,0.8095830968832161,25,0.35928210958127293,9.95731000987474,0.29287445545196533,608.6715087890625,0.18101845800265437
14,TOI_3505.01_50.000s_R-0014_out.fits,TOI_3505.01_50.000s_R-0014_aligned.fits,written,2459782.6081384555,-16,0,-14,1,-13.634818962987538,1.4190233589426953,25,0.6070191562175068,8.956149883958858,0.23689457774162292,635.3223876953125,0.1803585000016028
15,TOI_3505.01_50.000s_R-0015_out.fits,TOI_3505.01_50.000s_R-0015_aligned.fits,written,2459782.6088986364,0,8,4,5,3.984400879282475,5.498567554006513,25,0.6230691781437867,8.327758176813102,0.4675482213497162,635.8580322265625,0.19091904200104182
16,TOI_3505.01_50.000s_R-0016_out.fits,TOI_3505.01_50.000s_R-0016_aligned.fits,written,2459782.6096590585,16,8,17,5,16.655425691733853,5.000446878475486,25,0.48165756709552254,9.280257994042998,0.40284037590026855,613.9842529296875,0.19534970899985638
17,TOI_3505.01_50.000s_R-0017_out.fits,TOI_3505.01_50.000s_R-0017_aligned.fits,written,2459782.61042117,0,0,0,2,0.09104620338803215,1.6172968041437343,25,0.42923550648099273,9.520300473450556,0.48146918416023254,602.950439453125,0.19604720899951644
18,TOI_3505.01_50.000s_R-0018_out.fits,TOI_3505.01_50.000s_R-0018_aligned.fits,written,2459782.6111833444,0,8,3,5,3.013289496132529,4.833613311190447,25,0.28516778636778256,8.315333649957015,0.3730858564376831,636.2639770507812,0.18474904100003187
19,TOI_3505.01_50.000s_R-0019_out.fits,TOI_3505.01_50.000s_R-0019_aligned.fits,written,2459782.61194306,-8,0,-9,2,-8.838449421159112,1.5360522686837612,25,0.5156108518269218,9.72686337177996,0.2936813533306122,633.8400268554688,0.17964891699739383
20,TOI_3505.01_50.000s_R-0020_out.fits,TOI_3505.01_50.000s_R-0020_aligned.fits,written,2459782.6127035306,-8,8,-7,5,-7.232751719925659,4.80090955449532,25,0.4007047037651685,8.64075066598201,0.3122216463088989,609.6051025390625,0.18255479099752847
21,TOI_3505.01_50.000s_R-0021_out.fits,TOI_3505.01_50.000s_R-0021_aligned.fits,written,2459782.6134658013,0,0,2,2,1.6810001951178037,2.1282562656624577,25,0.46748583977219627,9.169008965467892,0.3854562044143677,586.3291015625,0.19357220899837557
22,TOI_3505.01_50.000s_R-0022_out.fits,TOI_3505.01_50.000s_R-0022_aligned.fits,written,2459782.6142264036,0,0,0,2,0.3192284629344613,1.8079589494960828,25,0.3877241678073343,9.643412561180034,0.2993345260620117,573.2247314453125,0.22566120799820055
23,TOI_3505.01_50.000s_R-0023_out.fits,TOI_3505.01_50.000s_R-0023_aligned.fits,written,2459782.6149847135,-8,8,0,4,0.2933069069051726,3.8380398463741585,25,0.3968571745622849,9.51495455144307,0.3741030693054199,551.8380126953125,0.2374381249974249
24,TOI_3505.01_50.000s_R-0024_out.fits,TOI_3505.01_50.000s_R-0024_aligned.fits,written,2459782.6157393013,-8,8,-2,4,-2.1202726605404223,3.6149041594048867,25,0.43382341938007674,9.583087248485432,0.42013511061668396,546.2332763671875,0.16409858300175983
25,TOI_3505.01_50.000s_R-0025_out.fits,TOI_3505.01_50.000s_R-0025_aligned.fits,written,2459782.61649445,-16,8,-5,4,-5.388663968723222,3.966495045230886,25,0.48831023600326723,9.47476940423895,0.33059653639793396,542.7030639648438,0.17239112500101328
26,TOI_3505.01_50.000s_R-0026_out.fits,TOI_3505.01_50.000s_R-0026_aligned.fits,written,2459782.6172491317,8,8,10,5,10.20370042221657,5.114180156038174,25,0.3659822187947699,8.75039410044729,0.429785817861557,533.556396484375,0.17370591600047192
27,TOI_3505.01_50.000s_R-0027_out.fits,TOI_3505.01_50.000s_R-0027_aligned.fits,written,2459782.618002731,8,8,10,5,10.220513232240137,5.341633742938768,25,0.5445492931811796,8.880443784721717,0.5173006653785706,518.6317138671875,0.197056208999129
28,TOI_3505.01_50.000s_R-0028_out.fits,TOI_3505.01_50.000s_R-0028_aligned.fits,written,2459782.61875646,0,8,1,4,1.3271786407368609,4.298744752834921,25,0.5027813809502515,8.429974848724825,0.40791499614715576,512.935791015625,0.17795929099884233
29,TOI_3505.01_50.000s_R-0029_out.fits,TOI_3505.01_50.000s_R-0029_aligned.fits,written,2459782.619509961,-8,8,-1,3,-0.9331315163390173,2.645223804837258,25,0.3941173312231897,9.069347763425895,0.36062318086624146,504.322509765625,0.1753927499994461
30,TOI_3505.01_50.000s_R-0030_out.fits,TOI_3505.01_50.000s_R-0030_aligned.fits,written,2459782.6202637255,-8,0,-5,1,-4.631299361950141,0.7519642547663352,25,0.499112846997866,8.732099103932995,0.3178965151309967,503.66998291015625,0.17594216599900392
31,TOI_3505.01_50.000s_R-0031_out.fits,TOI_3505.01_50.000s_R-0031_aligned.fits,written,2459782.6210173583,8,8,11,4,11.152579345134882,4.37148694750249,25,0.5202132440036605,8.031077319112313,0.3314126133918762,502.184814453125,0.1716673750015616
32,TOI_3505.01_50.000s_R-0032_out.fits,TOI_3505.01_50.000s_R-0032_aligned.fits,written,2459782.6217716765,-8,0,-7,2,-6.604120732240517,1.5828181883255752,25,0.5571902813907033,9.26284140845989,0.3724033832550049,496.0806579589844,0.1745010420017934
33,TOI_3505.01_50.000s_R-0033_out.fits,TOI_3505.01_50.000s_R-0033_aligned.fits,written,2459782.622525342,-8,8,-2,3,-2.1357175711524405,2.9644720142441656,25,0.3338005228891777,8.384271993763873,0.3167252838611603,490.2548522949219,0.18000879200189956
34,TOI_3505.01_50.000s_R-0034_out.fits,TOI_3505.01_50.000s_R-0034_aligned.fits,written,2459782.6232786886,-8,0,-5,2,-5.024892671936868,2.3428739231139843,25,0.4488738023277674,9.18362832277338,0.29842519760131836,496.26519775390625,0.19039279199932935
35,TOI_3505.01_50.000s_R-0035_out.fits,TOI_3505.01_50.000s_R-0035_aligned.fits,written,2459782.6240319675,-8,8,-4,3,-3.807596906095341,2.7883487293556755,25,0.324188644867159,9.448118449181893,0.4060208797454834,492.0020751953125,0.17814724999698228
36,TOI_3505.01_50.000s_R-0036_out.fits,TOI_3505.01_50.000s_R-0036_aligned.fits,written,2459782.6247849604,-8,8,-4,5,-3.6311793025843144,4.88674053700538,25,0.4418070457621119,7.771188540075948,0.36131536960601807,487.3849182128906,0.18814849999762373
37,TOI_3505.01_50.000s_R-0037_out.fits,TOI_3505.01_50.000s_R-0037_aligned.fits,written,2459782.6255383315,-8,8,-3,3,-3.147038571991743,2.910860577099811,25,0.2986786345431954,9.178417043147912,0.3680066764354706,482.35736083984375,0.17085954199865228
38,TOI_3505.01_50.000s_R-0038_out.fits,TOI_3505.01_50.000s_R-0038_aligned.fits,written,2459782.6262915786,0,8,2,4,1.9613110392087947,4.281597879257106,25,0.41918213301530616,8.1978256157517,0.5280183553695679,477.2669372558594,0.17967083300027298
39,TOI_3505.01_50.000s_R-0039_out.fits,TOI_3505.01_50.000s_R-0039_aligned.fits,written,2459782.627044655,-8,8,-6,5,-6.381192124394033,4.824806576331412,25,0.4989678431961458,8.731158515569993,0.3652268946170807,472.4300537109375,0.2380753340003139
40,TOI_3505.01_50.000s_R-0040_out.fits,TOI_3505.01_50.000s_R-0040_aligned.fits,written,2459782.6277982686,8,8,-1,5,-0.6912770718331558,5.077782889762602,25,0.5019750315808051,8.439243466055759,0.4500156044960022,472.76361083984375,0.19567370799995842
41,TOI_3505.01_50.000s_R-0041_out.fits,TOI_3505.01_50.000s_R-0041_aligned.fits,written,2459782.628551012,-8,8,-1,5,-0.5134224706238228,4.602588177515372,25,0.5977529294286031,9.480333087074518,0.4036335349082947,478.9964599609375,0.20252362500104937
42,TOI_3505.01_50.000s_R-0042_out.fits,TOI_3505.01_50.000s_R-0042_aligned.fits,written,2459782.6293042083,8,8,11,7,10.954598884387906,6.568408239115911,25,0.4320009121659372,9.099384307461685,0.5217248201370239,482.63226318359375,0.21315625000352156
43,TOI_3505.01_50.000s_R-0043_out.fits,TOI_3505.01_50.000s_R-0043_aligned.fits,written,2459782.630057589,-8,0,-6,1,-6.255762242536093,1.1382743307253804,25,0.43563446517558363,9.11331351030787,0.3601689338684082,479.87847900390625,0.22762416700061294
44,TOI_3505.01_50.000s_R-0044_out.fits,TOI_3505.01_50.000s_R-0044_aligned.fits,written,2459782.6308108456,0,0,-1,2,-1.1324424614522286,1.898933920955642,25,0.3516631550934256,8.537776131433708,0.36039429903030396,477.61737060546875,0.1960784170005354
45,TOI_3505.01_50.000s_R-0045_out.fits,TOI_3505.01_50.000s_R-0045_aligned.fits,written,2459782.631564005,0,8,3,3,3.115199775059409,2.817548982612152,25,0.3160235255014321,8.435435361071884,0.3112664222717285,479.99786376953125,0.20657458300047438
46,TOI_3505.01_50.000s_R-0046_out.fits,TOI_3505.01_50.000s_R-0046_aligned.fits,written,2459782.63231674,0,8,0,6,0.425973471485122,5.808308603425758,25,0.4898863810701466,9.120432965806147,0.34699204564094543,492.5668029785156,0.21110391700131004
47,TOI_3505.01_50.000s_R-0047_out.fits,TOI_3505.01_50.000s_R-0047_aligned.fits,written,2459782.633070309,0,8,3,7,2.6539452064162106,7.101980723997258,25,0.4356642283153108,8.70631120176099,0.29291585087776184,495.14471435546875,0.21307129100023303
48,TOI_3505.01_50.000s_R-0048_out.fits,TOI_3505.01_50.000s_R-0048_aligned.fits,written,2459782.6338234944,-8,8,0,8,-0.16024643307173392,8.033416326555198,25,0.38114606552357194,10.002782193628931,0.3592836856842041,477.13134765625,0.20292429199980688
49,TOI_3505.01_50.000s_R-0049_out.fits,TOI_3505.01_50.000s_R-0049_aligned.fits,written,2459782.63457686,0,16,5,9,4.67958813827363,9.225490571661794,25,0.5143326986447846,8.182996686240593,0.27090078592300415,476.0074462890625,0.2188029999997525
50,TOI_3505.01_50.000s_R-0050_out.fits,TOI_3505.01_50.000s_R-0050_aligned.fits,written,2459782.6353295,-16,16,-12,14,-11.564980006210135,13.908114186182502,25,0.4966027558355609,8.000687948908846,0.37608081102371216,463.0797424316406,0.20755399999688962
51,TOI_3505.01_50.000s_R-0051_out.fits,TOI_3505.01_50.000s_R-0051_aligned.fits,written,2459782.6360830753,0,16,-7,14,-7.05675826571769,13.691982433421344,25,0.4736387830042942,8.223141218805814,0.41423842310905457,474.71942138671875,0.2037687910014938
52,TOI_3505.01_50.000s_R-0052_out.fits,TOI_3505.01_50.000s_R-0052_aligned.fits,written,2459782.63683651,-8,16,-4,17,-3.8312737999531237,16.93342349804982,25,0.2859268898656826,8.45320450448726,0.28295212984085083,485.17987060546875,0.28478937500040047
53,TOI_3505.01_50.000s_R-0053_out.fits,TOI_3505.01_50.000s_R-0053_aligned.fits,written,2459782.6375896996,-8,24,-4,21,-3.798229915403226,20.655257822375233,25,0.47505805428426146,7.792107851800465,0.3255957067012787,467.24420166015625,0.19157875000018976
54,TOI_3505.01_50.000s_R-0054_out.fits,TOI_3505.01_50.000s_R-0054_aligned.fits,written,2459782.6383427386,0,24,1,22,0.674447159427018,21.561529487987627,25,0.5961386262047635,8.043564777262578,0.3212435245513916,455.50225830078125,0.21536633399955463
55,TOI_3505.01_50.000s_R-0055_out.fits,TOI_3505.01_50.000s_R-0055_aligned.fits,written,2459782.6390960054,-8,24,-5,24,-4.989460518982469,23.79339298268087,25,0.31123989261056784,8.841843768698793,0.35765573382377625,468.5951232910156,0.20626366600117763
56,TOI_3505.01_50.000s_R-0056_out.fits,TOI_3505.01_50.000s_R-0056_aligned.fits,written,2459782.639848924,0,32,3,29,3.320749627718669,28.68158723523311,25,0.4768669388875206,7.935157762919739,0.2707875370979309,465.58734130859375,0.22364066600130172
57,TOI_3505.01_50.000s_R-0057_out.fits,TOI_3505.01_50.000s_R-0057_aligned.fits,written,2459782.640601862,-8,32,-6,30,-6.179039730448835,30.013425860623556,25,0.3243108489461234,8.959637701000823,0.3756977319717407,443.97821044921875,0.2305655409982137
58,TOI_3505.01_50.000s_R-0058_out.fits,TOI_3505.01_50.000s_R-0058_aligned.fits,written,2459782.6413543285,0,32,5,32,4.542846671718735,31.83186739124676,25,0.5781890034497096,8.401985167607064,0.3024851083755493,420.0831298828125,0.24653000000034808
59,TOI_3505.01_50.000s_R-0059_out.fits,TOI_3505.01_50.000s_R-0059_aligned.fits,written,2459782.642107536,-8,32,-5,34,-4.6013250992475605,34.02020020541704,25,0.4707095372787939,8.342340130242613,0.2751460373401642,434.20654296875,0.2035624589989311
60,TOI_3505.01_50.000s_R-0060_out.fits,TOI_3505.01_50.000s_R-0060_aligned.fits,written,2459782.6428602245,0,40,3,38,2.959612215888228,38.03532941620688,25,0.2804864616247937,8.829639778284347,0.367595911026001,425.67474365234375,0.21935562499857042
61,TOI_3505.01_50.000s_R-0061_out.fits,TOI_3505.01_50.000s_R-0061_aligned.fits,written,2459782.643613338,0,40,0,40,0.37850752215126704,39.90639491236516,25,0.4459760616387681,9.652055020438942,0.2573101818561554,421.3341369628906,0.2743923329981044
62,TOI_3505.01_50.000s_R-0062_out.fits,TOI_3505.01_50.000s_R-0062_aligned.fits,written,2459782.6443660157,-8,32,-1,35,-1.019171678849034,34.895203612725254,25,0.3040151391832143,8.322520717635483,0.2909511923789978,424.4128723144531,0.21917204100100207
63,TOI_3505.01_50.000s_R-0063_out.fits,TOI_3505.01_50.000s_R-0063_aligned.fits,written,2459782.645119224,-8,16,-5,13,-5.1809446179258885,13.18813968776493,25,0.4321404651868335,8.340989945096034,0.3465588688850403,421.427978515625,0.1997797090007225
64,TOI_3505.01_50.000s_R-0064_out.fits,TOI_3505.01_50.000s_R-0064_aligned.fits,written,2459782.6458724122,-8,8,-6,8,-5.568538187432523,7.833779097564502,25,0.50907814286674,9.036278017091998,0.4058291018009186,421.4861145019531,0.25320633400042425
65,TOI_3505.01_50.000s_R-0065_out.fits,TOI_3505.01_50.000s_R-0065_aligned.fits,written,2459782.64662475,8,8,9,7,9.29267523382714,6.899208850691139,25,0.4014746742689874,9.140368810007766,0.381685733795166,414.1053161621094,0.1987994590017479
66,TOI_3505.01_50.000s_R-0066_out.fits,TOI_3505.01_50.000s_R-0066_aligned.fits,written,2459782.6473772163,-8,8,-5,6,-5.311183240502487,6.016544501833323,25,0.43083326794873933,8.53772076328422,0.4018537998199463,413.42816162109375,0.22385783400022774
67,TOI_3505.01_50.000s_R-0067_out.fits,TOI_3505.01_50.000s_R-0067_aligned.fits,written,2459782.6481302613,0,8,4,6,4.492039671087241,5.5726594292252685,25,0.6570153947626248,8.207371576218979,0.41177666187286377,406.44342041015625,0.17812737500207732
68,TOI_3505.01_50.000s_R-0068_out.fits,TOI_3505.01_50.000s_R-0068_aligned.fits,written,2459782.648882399,-8,8,-6,5,-5.9423655278426395,5.301627841747177,25,0.40125469971529776,8.642822335575193,0.37892720103263855,422.55615234375,0.18773583300207974
69,TOI_3505.01_50.000s_R-0069_out.fits,TOI_3505.01_50.000s_R-0069_aligned.fits,written,2459782.6496356763,0,8,-1,4,-0.9409292815214485,3.6224394398850563,25,0.4413525365356359,8.49569071531281,0.4582994282245636,416.85357666015625,0.22561783299897797
70,TOI_3505.01_50.000s_R-0070_out.fits,TOI_3505.01_50.000s_R-0070_aligned.fits,written,2459782.65038845,0,8,3,4,3.1925230909328093,4.242113375986719,25,0.4169629642160664,8.259094137930884,0.3697112500667572,416.92010498046875,0.21947391700086882
71,TOI_3505.01_50.000s_R-0071_out.fits,TOI_3505.01_50.000s_R-0071_aligned.fits,written,2459782.6511416794,-8,8,-5,5,-4.783073943981435,5.244837719722,25,0.4294150012651869,8.340720112227299,0.3837829530239105,407.693115234375,0.19437929200284998
72,TOI_3505.01_50.000s_R-0072_out.fits,TOI_3505.01_50.000s_R-0072_aligned.fits,written,2459782.6518941256,0,8,5,5,4.7046959063488885,4.928383644338737,24,0.4601563020895785,7.580693372125502,0.30703502893447876,401.19451904296875,0.2450685000003432
73,TOI_3505.01_50.000s_R-0073_out.fits,TOI_3505.01_50.000s_R-0073_aligned.fits,written,2459782.6526460866,-8,8,-5,5,-5.317020608740677,4.778435125623673,25,0.46735373378508677,8.418714903415237,0.3975285291671753,400.2499084472656,0.20027870800186065
74,TOI_3505.01_50.000s_R-0074_out.fits,TOI_3505.01_50.000s_R-0074_aligned.fits,written,2459782.653398565,8,8,11,5,10.88315300107024,4.659952337786308,25,0.45432246454571606,8.627776894733529,0.40775638818740845,394.85394287109375,0.2012418339982105
75,TOI_3505.01_50.000s_R-0075_out.fits,TOI_3505.01_50.000s_R-0075_aligned.fits,written,2459782.654151373,-8,8,-5,5,-4.580761005873683,4.6410368078052215,25,0.6045788534766395,8.07737936762107,0.3806213140487671,392.91546630859375,0.2170609169988893
76,TOI_3505.01_50.000s_R-0076_out.fits,TOI_3505.01_50.000s_R-0076_aligned.fits,written,2459782.654904503,0,8,4,5,4.420535782953266,4.960730423576479,25,0.494166388035934,7.76259750300002,0.33392077684402466,389.7178649902344,0.1868902079986583
77,TOI_3505.01_50.000s_R-0077_out.fits,TOI_3505.01_50.000s_R-0077_aligned.fits,written,2459782.655657584,-8,8,1,5,1.0122236019692537,4.817434565606618,25,0.43087474346260435,10.137594630899873,0.40676790475845337,389.521728515625,0.19306216699988
78,TOI_3505.01_50.000s_R-0078_out.fits,TOI_3505.01_50.000s_R-0078_aligned.fits,written,2459782.6564107756,-8,8,-1,5,-0.8248624198308789,4.8633720321495275,25,0.32583997549649346,9.627778675246685,0.5558903217315674,390.9259033203125,0.20397862500249175
79,TOI_3505.01_50.000s_R-0079_out.fits,TOI_3505.01_50.000s_R-0079_aligned.fits,written,2459782.657163474,0,8,3,6,2.8590565169656657,5.550616178113614,25,0.5658438796471433,8.629703198025345,0.41566839814186096,393.626220703125,0.2505512080024346
80,TOI_3505.01_50.000s_R-0080_out.fits,TOI_3505.01_50.000s_R-0080_aligned.fits,written,2459782.657916723,-8,8,-3,6,-2.962917421220027,5.659465318338334,25,0.43565549297735806,7.858152006507251,0.34494122862815857,390.40997314453125,0.1878253750001022
81,TOI_3505.01_50.000s_R-0081_out.fits,TOI_3505.01_50.000s_R-0081_aligned.fits,written,2459782.658669722,8,8,11,6,10.680736097519684,5.999483323347022,25,0.45238313176467027,8.778661913996954,0.44030603766441345,388.63836669921875,0.21401574999981676
82,TOI_3505.01_50.000s_R-0082_out.fits,TOI_3505.01_50.000s_R-0082_aligned.fits,written,2459782.659422933,-8,8,-5,5,-4.837909502515458,5.155767217783705,25,0.34870531190222215,8.337834894199252,0.4101915657520294,394.34625244140625,0.23644025000248803
83,TOI_3505.01_50.000s_R-0083_out.fits,TOI_3505.01_50.000s_R-0083_aligned.fits,written,2459782.660175241,8,0,10,2,9.932005913490684,1.7844781707958646,25,0.34817276363662153,9.157443372258896,0.3159642517566681,407.96905517578125,0.18593170800158987
84,TOI_3505.01_50.000s_R-0084_out.fits,TOI_3505.01_50.000s_R-0084_aligned.fits,written,2459782.6609284044,-16,8,-12,5,-11.759053735436055,5.474694021283085,25,0.6570241016581753,8.004475323991917,0.3198765516281128,410.0563049316406,0.1757909580010164
85,TOI_3505.01_50.000s_R-0085_out.fits,TOI_3505.01_50.000s_R-0085_aligned.fits,written,2459782.661681178,0,8,3,6,3.2836364443551247,6.4881516160839965,25,0.5930922028531506,8.80049630894188,0.4735701382160187,394.7267761230469,0.1753257919990574
86,TOI_3505.01_50.000s_R-0086_out.fits,TOI_3505.01_50.000s_R-0086_aligned.fits,written,2459782.662434365,0,8,4,5,3.664630446723095,4.956782914059659,25,0.4600408699134773,9.447773562879766,0.3974986672401428,383.67889404296875,0.18313416700038943
87,TOI_3505.01_50.000s_R-0087_out.fits,TOI_3505.01_50.000s_R-0087_aligned.fits,written,2459782.6631872556,-8,8,-3,6,-3.0686652039248656,5.900584939028477,25,0.3390039399441717,7.888056198813994,0.3711826205253601,386.269775390625,0.18712808299824246
88,TOI_3505.01_50.000s_R-0088_out.fits,TOI_3505.01_50.000s_R-0088_aligned.fits,written,2459782.6639406304,0,8,5,6,4.544369864993541,5.922764576283498,25,0.5378715879670272,8.132597482780817,0.3291700780391693,395.1705627441406,0.1796245830009866
89,TOI_3505.01_50.000s_R-0089_out.fits,TOI_3505.01_50.000s_R-0089_aligned.fits,written,2459782.664692733,-8,8,1,5,1.1983860219667122,4.9145403974982855,25,0.39167597781403135,9.370600017122575,0.3211153447628021,394.6240234375,0.18289658299909206
90,TOI_3505.01_50.000s_R-0090_out.fits,TOI_3505.01_50.000s_R-0090_aligned.fits,written,2459782.6654457957,0,8,4,6,4.096128611101449,5.87119902717518,25,0.3205975645941313,8.380247191724301,0.327042818069458,398.0108642578125,0.1877861249995476
91,TOI_3505.01_50.000s_R-0091_out.fits,TOI_3505.01_50.000s_R-0091_aligned.fits,written,2459782.6661983095,-8,8,-5,7,-4.763073871678898,6.727031378964057,25,0.42655499906323624,8.651995049297494,0.4211912155151367,406.49481201171875,0.18211737499950686
92,TOI_3505.01_50.000s_R-0092_out.fits,TOI_3505.01_50.000s_R-0092_aligned.fits,written,2459782.6669506375,8,8,10,6,9.554314819883757,6.063931634929759,25,0.5429478477070596,9.120065246959646,0.3255305886268616,430.04571533203125,0.18511399999988498
93,TOI_3505.01_50.000s_R-0093_out.fits,TOI_3505.01_50.000s_R-0093_aligned.fits,written,2459782.6677036607,0,8,6,5,6.4856503186786085,5.0028917795712005,25,0.637104005234107,9.718462073567613,0.3085518777370453,439.18682861328125,0.18145579200063366
94,TOI_3505.01_50.000s_R-0094_out.fits,TOI_3505.01_50.000s_R-0094_aligned.fits,written,2459782.668456832,8,8,8,5,8.102204558512085,4.761900535894711,25,0.3897296529901535,9.474418721344502,0.31218597292900085,440.67889404296875,0.17048362499917857
95,TOI_3505.01_50.000s_R-0095_out.fits,TOI_3505.01_50.000s_R-0095_aligned.fits,written,2459782.6692095487,0,0,2,2,2.014244904239149,1.9224676836606704,25,0.3208403276106098,8.967283311403047,0.31318843364715576,455.4530944824219,0.18064391600273666
96,TOI_3505.01_50.000s_R-0096_out.fits,TOI_3505.01_50.000s_R-0096_aligned.fits,written,2459782.6699625305,0,0,0,2,-0.41946621605211476,2.06473245665984,25,0.5223507975786048,9.328049284751295,0.2354707568883896,453.01849365234375,0.17960812499950407
97,TOI_3505.01_50.000s_R-0097_out.fits,TOI_3505.01_50.000s_R-0097_aligned.fits,written,2459782.670715713,0,8,2,3,1.9843510355915441,2.9235955309727615,25,0.329090997751036,9.064441754419557,0.2203684151172638,443.0718688964844,0.2489377920028346
98,TOI_3505.01_50.000s_R-0098_out.fits,TOI_3505.01_50.000s_R-0098_aligned.fits,written,2459782.671468912,0,8,0,5,0.1256750593149718,4.832685758462048,25,0.3881103214117233,9.589850075496974,0.3114323616027832,442.6976318359375,0.18578529200021876
99,TOI_3505.01_50.000s_R-0099_out.fits,TOI_3505.01_50.000s_R-0099_aligned.fits,written,2459782.67222151,8,8,9,5,8.94456141061346,4.659370536208371,25,0.4245228244991226,8.532571778799563,0.2408197522163391,446.4937744140625,0.2238902080025582
100,TOI_3505.01_50.000s_R-0100_out.fits,TOI_3505.01_50.000s_R-0100_aligned.fits,written,2459782.6729745255,-8,0,5,3,5.361536379353311,2.6858206859215557,25,0.573241461202238,8.67573695392491,0.30989593267440796,448.2146301269531,0.2509903749996738
101,TOI_3505.01_50.000s_R-0101_out.fits,TOI_3505.01_50.000s_R-0101_aligned.fits,written,2459782.673727043,0,0,2,2,1.6564137793488953,1.9489381871708247,25,0.4703034876243471,9.057127061484794,0.2987006604671478,460.5589599609375,0.2118981249986973
102,TOI_3505.01_50.000s_R-0102_out.fits,TOI_3505.01_50.000s_R-0102_aligned.fits,written,2459782.674480047,0,8,1,4,0.7682564541478314,3.918480660819114,25,0.41993821633353623,9.502063896252501,0.3244081735610962,459.25640869140625,0.2250047089983127
103,TOI_3505.01_50.000s_R-0103_out.fits,TOI_3505.01_50.000s_R-0103_aligned.fits,written,2459782.6752329213,0,0,3,4,2.9509191840916174,4.393953253279506,25,0.48751849425263505,9.428514142402381,0.24724161624908447,461.2903137207031,0.25122470800124574
104,TOI_3505.01_50.000s_R-0104_out.fits,TOI_3505.01_50.000s_R-0104_aligned.fits,written,2459782.6759856115,8,8,7,5,7.130405530457892,5.202784304441593,25,0.3688730517899388,8.869685929508297,0.3135334253311157,446.7435302734375,0.19895175000056042
105,TOI_3505.01_50.000s_R-0105_out.fits,TOI_3505.01_50.000s_R-0105_aligned.fits,written,2459782.6767384834,-8,8,3,5,2.992226777322003,4.542809878885691,25,0.5969841978842372,9.503162300217745,0.3177802562713623,433.98919677734375,0.2186692920004134
106,TOI_3505.01_50.000s_R-0106_out.fits,TOI_3505.01_50.000s_R-0106_aligned.fits,written,2459782.6774914246,8,8,6,4,6.126336951988833,3.953632433916482,25,0.3363725811937215,8.741802242431966,0.2941199243068695,427.86737060546875,0.2623124170022493
107,TOI_3505.01_50.000s_R-0107_out.fits,TOI_3505.01_50.000s_R-0107_aligned.fits,written,2459782.6782447444,0,8,2,3,2.3430428355372896,3.1440899280150916,25,0.5264248529045403,9.497695215624143,0.25217437744140625,446.33941650390625,0.19346575000236044
108,TOI_3505.01_50.000s_R-0108_out.fits,TOI_3505.01_50.000s_R-0108_aligned.fits,written,2459782.678997852,8,8,5,4,5.147579506149668,3.918591404088147,25,0.3562421879497822,8.65343436897782,0.2647401690483093,475.7972412109375,0.24448704099995666
109,TOI_3505.01_50.000s_R-0109_out.fits,TOI_3505.01_50.000s_R-0109_aligned.fits,written,2459782.6797503065,0,8,-1,5,-0.6739543309029159,4.6118556748022,25,0.5451738632273132,8.67845029900562,0.2576248049736023,482.7978210449219,0.17959716699988348
110,TOI_3505.01_50.000s_R-0110_out.fits,TOI_3505.01_50.000s_R-0110_aligned.fits,written,2459782.680503214,8,8,4,4,3.9689433692351486,3.739837684621307,25,0.40162252486434824,7.787077643323983,0.26304274797439575,467.2128601074219,0.23108145800142665
111,TOI_3505.01_50.000s_R-0111_out.fits,TOI_3505.01_50.000s_R-0111_aligned.fits,written,2459782.6812559585,0,8,-1,5,-0.9728645223558487,4.566588700297871,25,0.5136821390618314,8.569992225882354,0.2661561369895935,458.9383239746094,0.21910187500179745
112,TOI_3505.01_50.000s_R-0112_out.fits,TOI_3505.01_50.000s_R-0112_aligned.fits,written,2459782.6820092103,0,0,0,3,0.10301084069919852,3.3671693913470335,25,0.5167508586041012,9.0173257742874,0.2821119725704193,465.6760559082031,0.1970688750006957
113,TOI_3505.01_50.000s_R-0113_out.fits,TOI_3505.01_50.000s_R-0113_aligned.fits,written,2459782.6827624757,8,8,4,4,3.787856365680909,3.7443946961348047,25,0.47106126198766385,8.443750034785342,0.30698543787002563,455.85498046875,0.20588345900250715
114,TOI_3505.01_50.000s_R-0114_out.fits,TOI_3505.01_50.000s_R-0114_aligned.fits,written,2459782.683515158,-8,0,-5,2,-4.922223691371528,2.1385324571820092,25,0.3518508048805081,8.459348341157943,0.2415253221988678,452.1807861328125,0.2205879590001132
115,TOI_3505.01_50.000s_R-0115_out.fits,TOI_3505.01_50.000s_R-0115_aligned.fits,written,2459782.684267719,16,8,14,5,14.392665649433638,5.156455454811294,25,0.5253699508589906,8.544239255302838,0.2650495171546936,450.5130615234375,0.21260404200074845
116,TOI_3505.01_50.000s_R-0116_out.fits,TOI_3505.01_50.000s_R-0116_aligned.fits,written,2459782.685019962,-8,8,10,4,10.157763690718411,3.6362908833120855,25,0.5969012251613853,8.911131971056887,0.30544841289520264,401.55120849609375,0.17987933300173609
117,TOI_3505.01_50.000s_R-0117_out.fits,TOI_3505.01_50.000s_R-0117_aligned.fits,written,2459782.685772306,8,0,10,3,10.110175619488018,2.5598211081724003,25,0.5306802047900178,9.174007371082817,0.23909644782543182,382.340576171875,0.2198027920021559
118,TOI_3505.01_50.000s_R-0118_out.fits,TOI_3505.01_50.000s_R-0118_aligned.fits,written,2459782.6865251865,-8,8,-5,4,-4.545715872904566,4.1142684796873255,25,0.5685122704219464,7.514621048602936,0.26838797330856323,370.51336669921875,0.22425208399727126
119,TOI_3505.01_50.000s_R-0119_out.fits,TOI_3505.01_50.000s_R-0119_aligned.fits,written,2459782.687278762,0,0,0,3,-0.12435381023942682,2.941263258377603,25,0.33328899402695944,7.989722313734827,0.30542832612991333,370.2974853515625,0.20325795899771038
120,TOI_3505.01_50.000s_R-0120_out.fits,TOI_3505.01_50.000s_R-0120_aligned.fits,written,2459782.688031829,-8,8,0,3,-0.39551209039336754,2.9864502864229507,25,0.5480806882717754,9.373118157178032,0.2590963840484619,372.39654541015625,0.2041010829998413
121,TOI_3505.01_50.000s_R-0121_out.fits,TOI_3505.01_50.000s_R-0121_aligned.fits,written,2459782.688785035,-8,8,-4,5,-3.762087919159285,5.303292478009098,25,0.5226149736667248,7.806598290904191,0.2399941086769104,375.7373046875,0.22319245800099452
122,TOI_3505.01_50.000s_R-0122_out.fits,TOI_3505.01_50.000s_R-0122_aligned.fits,written,2459782.689538007,0,8,4,4,4.434284586388344,4.378128511727823,20,0.6505476741395637,7.317041176548679,0.21929925680160522,384.85333251953125,0.1708377909999399
123,TOI_3505.01_50.000s_R-0123_out.fits,TOI_3505.01_50.000s_R-0123_aligned.fits,written,2459782.6902910583,-8,0,1,3,1.042903145895707,3.2102025480967313,25,0.3859615561602698,9.47633724008872,0.23342689871788025,384.6976318359375,0.20264216600116924
124,TOI_3505.01_50.000s_R-0124_out.fits,TOI_3505.01_50.000s_R-0124_aligned.fits,written,2459782.6910441252,0,8,6,4,5.869882690724808,3.5607943315062585,25,0.5256482436705395,7.800453609938136,0.24699106812477112,382.31121826171875,0.21052904200041667
125,TOI_3505.01_50.000s_R-0125_out.fits,TOI_3505.01_50.000s_R-0125_aligned.fits,written,2459782.6917973706,0,8,1,5,1.4093035019368472,5.065762760163125,25,0.5223892409203984,8.566680173683835,0.2904084622859955,383.0054931640625,0.2331550420021813
126,TOI_3505.01_50.000s_R-0126_out.fits,TOI_3505.01_50.000s_R-0126_aligned.fits,written,2459782.6925499006,0,8,5,4,5.250175090753601,3.7518925842273347,25,0.47687242141819414,7.969984150347255,0.27323025465011597,382.5396728515625,0.18948387500131503
127,TOI_3505.01_50.000s_R-0127_out.fits,TOI_3505.01_50.000s_R-0127_aligned.fits,written,2459782.6933032637,-8,8,-4,4,-4.2311390289032715,4.257318409927393,25,0.5065699368477631,7.609196472267902,0.3021266460418701,382.56097412109375,0.21151812499738298
128,TOI_3505.01_50.000s_R-0128_out.fits,TOI_3505.01_50.000s_R-0128_aligned.fits,written,2459782.694056076,0,0,0,3,-0.2156861861892594,3.391874608192211,25,0.5744965493201935,8.491189971925996,0.28604674339294434,376.7806396484375,0.2642758750007488
129,TOI_3505.01_50.000s_R-0129_out.fits,TOI_3505.01_50.000s_R-0129_aligned.fits,written,2459782.6948093004,8,-8,8,-6,8.100869783642338,-5.563736993065504,25,0.612299995544088,9.128770100650955,0.25718003511428833,700.364013671875,0.19182554199869628
130,TOI_3505.01_50.000s_R-0130_out.fits,TOI_3505.01_50.000s_R-0130_aligned.fits,written,2459782.6955639157,8,8,4,6,3.65762651567195,5.673567749674476,25,0.5684659013165871,8.499027347489866,0.2842711806297302,900.4346923828125,0.21146766599849798
131,TOI_3505.01_50.000s_R-0131_out.fits,TOI_3505.01_50.000s_R-0131_aligned.fits,written,2459782.6963179847,8,8,7,6,7.019177044491698,5.949191679736941,25,0.3383716500265832,8.541638279738358,0.3269582986831665,490.0333251953125,0.2577423340007954
132,TOI_3505.01_50.000s_R-0132_out.fits,TOI_3505.01_50.000s_R-0132_aligned.fits,written,2459782.697071274,-8,0,3,4,2.819207993976761,3.9164571576720846,25,0.4817851872567648,8.7934005237788,0.3584599494934082,486.60626220703125,0.18809041600252385
133,TOI_3505.01_50.000s_R-0133_out.fits,TOI_3505.01_50.000s_R-0133_aligned.fits,written,2459782.697824896,8,0,7,3,6.817995119587977,3.2309363520189436,25,0.4329931217062494,8.412227330606123,0.26703062653541565,527.7859497070312,0.2085715840003104
134,TOI_3505.01_50.000s_R-0134_out.fits,TOI_3505.01_50.000s_R-0134_aligned.fits,written,2459782.6985779367,0,8,4,3,3.5247013192432632,3.2079937771127334,25,0.6598282493085597,9.84362473809799,0.2615867257118225,582.2198486328125,0.23097462499936228
135,TOI_3505.01_50.000s_R-0135_out.fits,TOI_3505.01_50.000s_R-0135_aligned.fits,written,2459782.6993383258,8,8,6,4,6.078141976090819,4.437135766265783,25,0.5605123817114662,8.540355712369468,0.28742706775665283,557.6358032226562,0.18717000000106054
136,TOI_3505.01_50.000s_R-0136_out.fits,TOI_3505.01_50.000s_R-0136_aligned.fits,written,2459782.7000936135,8,8,6,5,6.008607305526766,5.181474273975709,25,0.40728865292361516,8.70137453017863,0.333467572927475,525.5247802734375,0.2044966249995923
137,TOI_3505.01_50.000s_R-0137_out.fits,TOI_3505.01_50.000s_R-0137_aligned.fits,written,2459782.700847071,0,0,1,3,0.7671190422333893,3.140760278907237,25,0.48334392631351814,9.015487710118217,0.21108900010585785,599.7999267578125,0.24859508300141897
138,TOI_3505.01_50.000s_R-0138_out.fits,TOI_3505.01_50.000s_R-0138_aligned.fits,written,2459782.701610185,8,8,8,5,7.5968206833072145,4.650258859116889,25,0.67383063892173,8.358380045205312,0.26833754777908325,638.3594970703125,0.196466875000624
139,TOI_3505.01_50.000s_R-0139_out.fits,TOI_3505.01_50.000s_R-0139_aligned.fits,written,2459782.702369642,0,8,-2,4,-1.9466545684526864,3.880665069290899,25,0.32500135158730803,8.470855735298942,0.2301301211118698,613.1146240234375,0.21294270799990045
140,TOI_3505.01_50.000s_R-0140_out.fits,TOI_3505.01_50.000s_R-0140_aligned.fits,written,2459782.7031324874,8,8,9,5,8.53495906455646,5.122798539940163,25,0.6383096691063832,8.682935363263597,0.24803923070430756,569.482666015625,0.23616150000088965
141,TOI_3505.01_50.000s_R-0141_out.fits,TOI_3505.01_50.000s_R-0141_aligned.fits,written,2459782.7038899334,0,8,5,3,5.07879622753444,3.022331449225476,25,0.3256629987375989,8.654254720955613,0.1869850605726242,522.9520263671875,0.20171450000270852
142,TOI_3505.01_50.000s_R-0142_out.fits,TOI_3505.01_50.000s_R-0142_aligned.fits,written,2459782.704642847,16,0,13,1,13.173677143459145,0.9110862923735112,25,0.346996071527033,9.520483102454616,0.21665287017822266,572.7246704101562,0.1924404589990445
143,TOI_3505.01_50.000s_R-0143_out.fits,TOI_3505.01_50.000s_R-0143_aligned.fits,written,2459782.7054009773,0,0,1,1,0.6610172114178567,0.6037489356067454,25,0.6327628813987071,9.198899050211644,0.2216436266899109,550.2327880859375,0.2618790840024303
144,TOI_3505.01_50.000s_R-0144_out.fits,TOI_3505.01_50.000s_R-0144_aligned.fits,written,2459782.706155634,8,0,4,1,3.844908564565003,1.2989675588210048,25,0.5148139030523161,8.809310642469853,0.30000728368759155,522.8267211914062,0.16993483300029766
145,TOI_3505.01_50.000s_R-0145_out.fits,TOI_3505.01_50.000s_R-0145_aligned.fits,written,2459782.706909041,8,0,7,2,6.900332619949722,2.001229852282904,25,0.42724724534923986,9.442317261860161,0.2816721796989441,539.1461181640625,0.1724076669997885
146,TOI_3505.01_50.000s_R-0146_out.fits,TOI_3505.01_50.000s_R-0146_aligned.fits,written,2459782.7076630625,8,0,6,1,6.1368135256552705,1.3111641438600827,25,0.5573828270078258,9.430801179950368,0.2935159504413605,507.287109375,0.17250716600028682
147,TOI_3505.01_50.000s_R-0147_out.fits,TOI_3505.01_50.000s_R-0147_aligned.fits,written,2459782.7084165383,8,0,6,-1,5.826996487803285,-0.695767351998029,25,0.5415546034425465,9.509692247484663,0.2989010810852051,504.6334228515625,0.19724320900058956
148,TOI_3505.01_50.000s_R-0148_out.fits,TOI_3505.01_50.000s_R-0148_aligned.fits,written,2459782.7091704095,0,0,2,-1,2.0319527254276863,-0.8794553141392498,25,0.3939120826911422,9.461301533727527,0.28436800837516785,482.67413330078125,0.17859341599978507
149,TOI_3505.01_50.000s_R-0149_out.fits,TOI_3505.01_50.000s_R-0149_aligned.fits,written,2459782.7099231686,8,0,7,1,6.6306826681657185,1.1042489083706641,25,0.593459571246409,9.67348971485721,0.27286118268966675,475.71453857421875,0.18024520800099708
150,TOI_3505.01_50.000s_R-0150_out.fits,TOI_3505.01_50.000s_R-0150_aligned.fits,written,2459782.7106763357,-8,0,3,1,3.1688698541911435,1.0100018825310144,25,0.423789733989771,9.26674484846716,0.35191184282302856,471.4892578125,0.18597437499920488
151,TOI_3505.01_50.000s_R-0151_out.fits,TOI_3505.01_50.000s_R-0151_aligned.fits,written,2459782.71142938,0,0,3,2,2.6700034938298813,1.8581725321846534,25,0.5284727812106211,9.507755936307284,0.2406618595123291,455.21392822265625,0.18578787500155158
152,TOI_3505.01_50.000s_R-0152_out.fits,TOI_3505.01_50.000s_R-0152_aligned.fits,written,2459782.712182067,-8,0,-6,2,-5.869143604515784,1.9948498044535654,25,0.3663169700843599,9.240891566907088,0.31541791558265686,453.3829345703125,0.17825354200249421
153,TOI_3505.01_50.000s_R-0153_out.fits,TOI_3505.01_50.000s_R-0153_aligned.fits,written,2459782.712934782,0,0,2,2,2.149922918591301,1.8439605910371029,25,0.39399507089613733,9.278530627371046,0.38860976696014404,431.45794677734375,0.1779478749995178
154,TOI_3505.01_50.000s_R-0154_out.fits,TOI_3505.01_50.000s_R-0154_aligned.fits,written,2459782.7136880998,0,0,1,2,1.033670440331207,2.1528471645087848,25,0.4321337231248527,9.420628236203626,0.33330440521240234,417.2749328613281,0.17667762500059325
155,TOI_3505.01_50.000s_R-0155_out.fits,TOI_3505.01_50.000s_R-0155_aligned.fits,written,2459782.7144411867,0,8,3,2,3.261285064845879,2.3733968784355284,25,0.5812638709163006,9.276990847322466,0.32368940114974976,408.825927734375,0.17065904199989745
156,TOI_3505.01_50.000s_R-0156_out.fits,TOI_3505.01_50.000s_R-0156_aligned.fits,written,2459782.7151942407,0,0,3,1,3.119870612308887,1.1212341578842597,25,0.41862883659214667,8.887071652849594,0.3787957727909088,406.73907470703125,0.17226716699951794
157,TOI_3505.01_50.000s_R-0157_out.fits,TOI_3505.01_50.000s_R-0157_aligned.fits,written,2459782.7159470404,-8,0,-1,0,-0.6925348771660538,0.06470287351385196,25,0.4874904703978226,9.457232631749541,0.3876025080680847,405.90533447265625,0.18009066699960385
158,TOI_3505.01_50.000s_R-0158_out.fits,TOI_3505.01_50.000s_R-0158_aligned.fits,written,2459782.716699386,0,0,2,1,1.7634672153674273,1.2559456880467224,25,0.5169238947787015,9.194623227421442,0.3814745545387268,408.94384765625,0.17694058299821336
159,TOI_3505.01_50.000s_R-0159_out.fits,TOI_3505.01_50.000s_R-0159_aligned.fits,written,2459782.7174525233,-8,8,0,2,-0.2098928413631711,1.8902254240761067,25,0.45616531975018026,9.703253102855614,0.29916438460350037,404.9753723144531,0.1756511669991596
160,TOI_3505.01_50.000s_R-0160_out.fits,TOI_3505.01_50.000s_R-0160_aligned.fits,written,2459782.718206204,0,8,4,2,3.946489284562176,2.271697298325307,25,0.4620251201801004,8.699765750716383,0.3899945318698883,408.3534851074219,0.23766529200293007
161,TOI_3505.01_50.000s_R-0161_out.fits,TOI_3505.01_50.000s_R-0161_aligned.fits,written,2459782.718958702,-8,0,2,1,1.9960391364454608,1.162112557524324,25,0.4209810659119974,9.741705292682013,0.3233366012573242,420.0487060546875,0.20139437499892665
162,TOI_3505.01_50.000s_R-0162_out.fits,TOI_3505.01_50.000s_R-0162_aligned.fits,written,2459782.7197117265,0,0,3,1,2.9735455333473055,0.5917257823614364,25,0.5650739880011175,9.46387410484605,0.45601704716682434,410.0663146972656,0.20023212500018417
163,TOI_3505.01_50.000s_R-0163_out.fits,TOI_3505.01_50.000s_R-0163_aligned.fits,written,2459782.7204649015,0,0,1,0,0.7783632352834502,0.021877809975194396,25,0.4846480456262437,9.60495182055339,0.39783626794815063,423.2340393066406,0.23258766700018896
164,TOI_3505.01_50.000s_R-0164_out.fits,TOI_3505.01_50.000s_R-0164_aligned.fits,written,2459782.721217446,-8,0,-2,0,-2.028590597297125,0.34764257221195294,25,0.5557902179764916,9.557705504244037,0.3615853786468506,430.3897399902344,0.2088205830004881
165,TOI_3505.01_50.000s_R-0165_out.fits,TOI_3505.01_50.000s_R-0165_aligned.fits,written,2459782.721970246,0,0,0,0,0.19561894351159026,0.2887067323995325,25,0.5877761915882043,8.928922059371523,0.39655500650405884,428.7975158691406,0.1960788340002182
166,TOI_3505.01_50.000s_R-0166_out.fits,TOI_3505.01_50.000s_R-0166_aligned.fits,written,2459782.7227233686,-8,0,-3,1,-2.797057752076853,0.651169889555149,25,0.47649908761602233,9.709756279803011,0.3783046007156372,425.03021240234375,0.2235776249981427
167,TOI_3505.01_50.000s_R-0167_out.fits,TOI_3505.01_50.000s_R-0167_aligned.fits,written,2459782.7234762423,0,8,2,2,2.0188215333600965,2.1316753199037066,25,0.34424479500258365,8.5951665223633,0.374177485704422,432.30731201171875,0.19996395799898892
168,TOI_3505.01_50.000s_R-0168_out.fits,TOI_3505.01_50.000s_R-0168_aligned.fits,written,2459782.7242292752,0,0,1,2,0.9162700798988226,1.762359932145955,25,0.4752306226014059,9.820292384023643,0.2890109419822693,430.072509765625,0.2082937920022232
169,TOI_3505.01_50.000s_R-0169_out.fits,TOI_3505.01_50.000s_R-0169_aligned.fits,written,2459782.7249825085,0,0,2,0,2.3595967125691004,0.08259504967736575,25,0.5599213917258543,8.82554477037569,0.37495964765548706,430.164306640625,0.2156240420008544
170,TOI_3505.01_50.000s_R-0170_out.fits,TOI_3505.01_50.000s_R-0170_aligned.fits,written,2459782.7257356197,-8,0,-1,0,-1.235372361306645,-0.37565548139446037,25,0.5424019411109039,9.541223467059757,0.30983978509902954,432.40350341796875,0.1979070830020646
171,TOI_3505.01_50.000s_R-0171_out.fits,TOI_3505.01_50.000s_R-0171_aligned.fits,written,2459782.7264877493,0,0,2,1,1.9143930442610326,0.8760464165901567,25,0.4482729897675157,9.039889502335415,0.3237020969390869,432.8766174316406,0.2062077499977022
172,TOI_3505.01_50.000s_R-0172_out.fits,TOI_3505.01_50.000s_R-0172_aligned.fits,written,2459782.7272400553,0,8,3,4,3.1332915549287463,4.00906166267805,25,0.4039764256766658,7.7959347359219135,0.25576865673065186,434.329833984375,0.23952666700279224
173,TOI_3505.01_50.000s_R-0173_out.fits,TOI_3505.01_50.000s_R-0173_aligned.fits,written,2459782.727992862,-8,0,0,2,0.0289001701048619,1.5371883140542195,25,0.5769572036217845,8.725003021435226,0.29965806007385254,433.1810607910156,0.18702179200045066
174,TOI_3505.01_50.000s_R-0174_out.fits,TOI_3505.01_50.000s_R-0174_aligned.fits,written,2459782.72874574,0,8,4,4,3.7343376336680194,4.103603663153763,25,0.45808587091397507,7.80254050082423,0.2673432230949402,434.666259765625,0.20267116700051702
175,TOI_3505.01_50.000s_R-0175_out.fits,TOI_3505.01_50.000s_R-0175_aligned.fits,written,2459782.7294984516,-8,0,1,1,0.7032799057965349,1.375281326336676,25,0.643537893422158,9.080053595472503,0.3932202160358429,436.67193603515625,0.2191909579996718
176,TOI_3505.01_50.000s_R-0176_out.fits,TOI_3505.01_50.000s_R-0176_aligned.fits,written,2459782.7302514496,8,0,5,1,5.010568774425337,0.5868195713487694,25,0.5456505112784565,8.220351093794104,0.3019925057888031,435.4430847167969,0.18726129199785646
177,TOI_3505.01_50.000s_R-0177_out.fits,TOI_3505.01_50.000s_R-0177_aligned.fits,written,2459782.731004524,-8,0,-6,0,-6.292514755210277,0.2415221040355391,25,0.6158283063865551,8.941098692126964,0.3616917133331299,438.9319152832031,0.19975762499962002
178,TOI_3505.01_50.000s_R-0178_out.fits,TOI_3505.01_50.000s_R-0178_aligned.fits,written,2459782.731757289,8,0,8,0,8.269795310955033,0.1986629917546452,25,0.6221375297338078,9.214395936258411,0.34150564670562744,434.707763671875,0.2174293329990178
179,TOI_3505.01_50.000s_R-0179_out.fits,TOI_3505.01_50.000s_R-0179_aligned.fits,written,2459782.7325102086,0,0,3,0,3.0164790897763396,-0.07007789167209921,25,0.4374932759669229,8.712679317651322,0.38294917345046997,436.2294616699219,0.225308542001585
180,TOI_3505.01_50.000s_R-0180_out.fits,TOI_3505.01_50.000s_R-0180_aligned.fits,written,2459782.733262666,-8,0,-1,0,-0.7740130885918006,-0.4077564942499521,25,0.5725207527655566,9.442740113359777,0.31387442350387573,433.82550048828125,0.20076362500185496
181,TOI_3505.01_50.000s_R-0181_out.fits,TOI_3505.01_50.000s_R-0181_aligned.fits,written,2459782.7340161237,-8,0,-1,0,-1.2055081698993035,-0.46083511030838054,25,0.6357787843860851,9.687359537530183,0.375075101852417,434.59716796875,0.21953075000055833
182,TOI_3505.01_50.000s_R-0182_out.fits,TOI_3505.01_50.000s_R-0182_aligned.fits,written,2459782.7347689266,-8,0,-2,1,-2.0689898667401394,0.7573838254411385,25,0.5164912592102399,9.741889374431354,0.2931200861930847,436.45770263671875,0.21715612499974668
183,TOI_3505.01_50.000s_R-0183_out.fits,TOI_3505.01_50.000s_R-0183_aligned.fits,written,2459782.7355222134,0,8,4,4,3.5408493918723707,3.957160758682676,25,0.6172663074936102,7.66636253756158,0.21949806809425354,433.969970703125,0.20790033400044194
184,TOI_3505.01_50.000s_R-0184_out.fits,TOI_3505.01_50.000s_R-0184_aligned.fits,written,2459782.736275309,-8,8,1,2,0.6249355969725912,2.366479348846724,25,0.6583765118408718,8.990883935898212,0.2917010486125946,432.1575927734375,0.24260162499922444
185,TOI_3505.01_50.000s_R-0185_out.fits,TOI_3505.01_50.000s_R-0185_aligned.fits,written,2459782.737028593,8,0,8,1,7.993382174798626,0.9676980682711473,25,0.5068122760443655,9.393104800468844,0.3307434320449829,434.3068542480469,0.19412429200019687
186,TOI_3505.01_50.000s_R-0186_out.fits,TOI_3505.01_50.000s_R-0186_aligned.fits,written,2459782.737780814,0,0,0,1,0.49259102097971663,1.0085823276583596,25,0.704866436906944,9.343892671501578,0.27761900424957275,436.0711669921875,0.20754508399841143
187,TOI_3505.01_50.000s_R-0187_out.fits,TOI_3505.01_50.000s_R-0187_aligned.fits,written,2459782.7385334913,0,0,3,0,2.672302530569141,-0.3939448146193172,25,0.6642942508917312,8.628909274715186,0.2457170933485031,437.292236328125,0.23824237499866285
188,TOI_3505.01_50.000s_R-0188_out.fits,TOI_3505.01_50.000s_R-0188_aligned.fits,written,2459782.739286782,0,0,0,0,-0.304271741539651,-0.30139888022040395,25,0.5538369133033839,9.397147670753952,0.31617313623428345,437.37908935546875,0.19651900000098976
189,TOI_3505.01_50.000s_R-0189_out.fits,TOI_3505.01_50.000s_R-0189_aligned.fits,written,2459782.7400401398,0,0,1,0,1.1415046901197456,-0.15532507072430235,25,0.5248543032004656,9.291591717919632,0.3755645155906677,438.89300537109375,0.23151845900065382
190,TOI_3505.01_50.000s_R-0190_out.fits,TOI_3505.01_50.000s_R-0190_aligned.fits,written,2459782.740792903,0,0,2,1,2.0949003209038892,0.5153264951893561,25,0.7185488482067693,8.710515854988229,0.21438908576965332,440.4859619140625,0.2348129579986562
191,TOI_3505.01_50.000s_R-0191_out.fits,TOI_3505.01_50.000s_R-0191_aligned.fits,written,2459782.7415451775,0,0,-1,0,-1.3953698467648792,0.040412684485318096,25,0.6802624894556268,9.55008549239872,0.3340867757797241,445.26837158203125,0.20932249999896158
192,TOI_3505.01_50.000s_R-0192_out.fits,TOI_3505.01_50.000s_R-0192_aligned.fits,written,2459782.7422982855,8,0,4,-1,3.762708144022099,-0.8195328583142327,25,0.61490126618419,7.577978739393845,0.3146459460258484,444.26019287109375,0.21309129200017196
193,TOI_3505.01_50.000s_R-0193_out.fits,TOI_3505.01_50.000s_R-0193_aligned.fits,written,2459782.7430506404,-8,0,0,0,0.45158361953917847,-0.10223368524430043,25,0.581870306506263,9.744037046470751,0.2559654414653778,442.08404541015625,0.22237904199937475
194,TOI_3505.01_50.000s_R-0194_out.fits,TOI_3505.01_50.000s_R-0194_aligned.fits,written,2459782.7438030676,0,0,2,-1,2.4352712553509264,-0.5906612983717423,25,0.7940176306749409,8.775244538492268,0.3240238428115845,438.44378662109375,0.22108120799748576
195,TOI_3505.01_50.000s_R-0195_out.fits,TOI_3505.01_50.000s_R-0195_aligned.fits,written,2459782.7445556736,0,0,0,0,0.202376413034699,-0.2975929418303167,25,0.5097861868905789,9.899743888169095,0.30010950565338135,439.25885009765625,0.20312762499816017
196,TOI_3505.01_50.000s_R-0196_out.fits,TOI_3505.01_50.000s_R-0196_aligned.fits,written,2459782.7453087107,0,0,2,0,2.4349247823588485,0.3079364952096739,25,0.7343012279751222,8.745889353689835,0.24965724349021912,438.9427490234375,0.22841500000140513
197,TOI_3505.01_50.000s_R-0197_out.fits,TOI_3505.01_50.000s_R-0197_aligned.fits,written,2459782.746061389,0,0,1,0,1.0556853212299302,-0.03693870638153385,25,0.5346455315466955,8.973336675529767,0.3211478590965271,440.04937744140625,0.18537437500344822
198,TOI_3505.01_50.000s_R-0198_out.fits,TOI_3505.01_50.000s_R-0198_aligned.fits,written,2459782.746815371,0,0,2,0,2.0278830489996835,0.11558746779655849,25,0.5568838986369586,9.28826371308383,0.3059375584125519,441.27874755859375,0.20674145799785038
199,TOI_3505.01_50.000s_R-0199_out.fits,TOI_3505.01_50.000s_R-0199_aligned.fits,written,2459782.747567907,0,0,3,0,3.1159968755387126,-0.05062421991556221,25,0.5402277397181324,9.180543483062136,0.28537583351135254,443.4175109863281,0.2246897090008133
200,TOI_3505.01_50.000s_R-0200_out.fits,TOI_3505.01_50.000s_R-0200_aligned.fits,written,2459782.74832092,-8,0,-1,0,-0.598783215215235,0.1471204350214066,25,0.604518789965267,9.6140154010758,0.3052847981452942,444.315185546875,0.18459762499696808
201,TOI_3505.01_50.000s_R-0201_out.fits,TOI_3505.01_50.000s_R-0201_aligned.fits,written,2459782.749073596,0,0,3,0,2.7853044220969423,-0.1403950684184565,25,0.6177427697772433,8.30780778584253,0.3319159150123596,444.5845947265625,0.19960366699888255
202,TOI_3505.01_50.000s_R-0202_out.fits,TOI_3505.01_50.000s_R-0202_aligned.fits,written,2459782.749826342,0,0,0,1,-0.1591630767402421,0.6529974632971971,25,0.4993271612158995,9.914661644126173,0.2661973834037781,446.5796813964844,0.2147773340002459
203,TOI_3505.01_50.000s_R-0203_out.fits,TOI_3505.01_50.000s_R-0203_aligned.fits,written,2459782.750578894,8,0,4,0,3.699181878395393,-0.06846057638858838,25,0.5518629393082829,8.358121803735836,0.31028926372528076,445.4270935058594,0.25334633400052553
204,TOI_3505.01_50.000s_R-0204_out.fits,TOI_3505.01_50.000s_R-0204_aligned.fits,written,2459782.7513317387,0,0,2,1,1.657299132859407,0.6694766908119618,25,0.6977580164971796,9.825071218096083,0.288524329662323,445.85986328125,0.2025306659998023
205,TOI_3505.01_50.000s_R-0205_out.fits,TOI_3505.01_50.000s_R-0205_aligned.fits,written,2459782.7520842613,0,0,3,0,3.301418158364868,-0.34674056100413964,25,0.7157332825786608,8.95644985592778,0.27180004119873047,446.340087890625,0.21084862499992596
206,TOI_3505.01_50.000s_R-0206_out.fits,TOI_3505.01_50.000s_R-0206_aligned.fits,written,2459782.7528368193,0,0,1,-1,1.0902542647418159,-0.6025722609690547,25,0.6736489307106759,9.234035174815412,0.3574743866920471,447.9464111328125,0.22914708299867925
207,TOI_3505.01_50.000s_R-0207_out.fits,TOI_3505.01_50.000s_R-0207_aligned.fits,written,2459782.7535894997,0,0,-1,-1,-0.8364099234393052,-0.9136465217435443,25,0.5714144199380546,9.562700682790691,0.29666635394096375,448.7251892089844,0.18747970800177427
208,TOI_3505.01_50.000s_R-0208_out.fits,TOI_3505.01_50.000s_R-0208_aligned.fits,written,2459782.7543420116,0,0,2,0,2.1064674608719542,0.02753776126064622,25,0.5929141130309777,8.740730331844476,0.2996903955936432,450.03277587890625,0.17999837499883142
209,TOI_3505.01_50.000s_R-0209_out.fits,TOI_3505.01_50.000s_R-0209_aligned.fits,written,2459782.755095478,-8,0,-2,0,-1.7509855159075869,0.06080235448189342,25,0.48756988236569243,9.666780089333699,0.3271391987800598,450.5832824707031,0.1805967079999391
210,TOI_3505.01_50.000s_R-0210_out.fits,TOI_3505.01_50.000s_R-0210_aligned.fits,written,2459782.755848472,8,0,2,0,2.407573296232613,0.04888321625185199,25,0.647856627172001,8.002784746103423,0.27636629343032837,451.1407775878906,0.1922309170004155
211,TOI_3505.01_50.000s_R-0211_out.fits,TOI_3505.01_50.000s_R-0211_aligned.fits,written,2459782.7566008535,0,0,-1,1,-0.6308818423983666,0.7511131102805848,25,0.6025877780764908,9.88671511885288,0.28488510847091675,451.61334228515625,0.17571666599906166
212,TOI_3505.01_50.000s_R-0212_out.fits,TOI_3505.01_50.000s_R-0212_aligned.fits,written,2459782.7573540136,8,0,8,1,8.294857449653819,0.6385657964392522,25,0.707826410766776,9.322681466454362,0.32792115211486816,453.11328125,0.1916103750008915
213,TOI_3505.01_50.000s_R-0213_out.fits,TOI_3505.01_50.000s_R-0213_aligned.fits,written,2459782.758118466,-8,0,5,0,4.711362133179705,-0.03050963787291039,25,0.5404895253761707,9.508466819215014,0.34171271324157715,454.82537841796875,0.18245870799728436
214,TOI_3505.01_50.000s_R-0214_out.fits,TOI_3505.01_50.000s_R-0214_aligned.fits,written,2459782.7588714752,0,0,3,0,2.5636840562965517,0.2815596769391959,25,0.7813446535691329,8.846341166620014,0.30709192156791687,456.51007080078125,0.1817418339996948
215,TOI_3505.01_50.000s_R-0215_out.fits,TOI_3505.01_50.000s_R-0215_aligned.fits,written,2459782.7596239583,0,0,3,0,2.7408758118763217,-0.132254123968778,25,0.6471639143979528,8.448679528272285,0.25242671370506287,467.9560546875,0.18532554199919105
216,TOI_3505.01_50.000s_R-0216_out.fits,TOI_3505.01_50.000s_R-0216_aligned.fits,written,2459782.7603768315,0,0,1,0,0.8690057806406912,-0.07169474097258899,25,0.584945691330934,9.538842291158582,0.3199676275253296,472.4058837890625,0.18591454199849977
217,TOI_3505.01_50.000s_R-0217_out.fits,TOI_3505.01_50.000s_R-0217_aligned.fits,written,2459782.761129851,8,0,6,-1,5.772739542971749,-1.2416668318537631,25,0.6527792583662456,7.474822854718026,0.2848236858844757,489.20361328125,0.1769551670004148
218,TOI_3505.01_50.000s_R-0218_out.fits,TOI_3505.01_50.000s_R-0218_aligned.fits,written,2459782.761883038,0,0,3,-1,2.892361269794037,-0.5464409234969025,25,0.6709897262426825,10.15367454507287,0.3367777168750763,502.42230224609375,0.19434066699977848
219,TOI_3505.01_50.000s_R-0219_out.fits,TOI_3505.01_50.000s_R-0219_aligned.fits,written,2459782.7626361796,8,0,5,-1,5.303504088972659,-1.0225721892682031,25,0.6443456577433142,9.123059423946433,0.2805866301059723,492.2313537597656,0.18753004199970746
220,TOI_3505.01_50.000s_R-0220_out.fits,TOI_3505.01_50.000s_R-0220_aligned.fits,written,2459782.763388629,0,0,2,0,1.6708541904142749,-0.2142015345193613,25,0.5939154986947929,10.104065414774533,0.33288684487342834,471.7148742675781,0.18356366700027138
221,TOI_3505.01_50.000s_R-0221_out.fits,TOI_3505.01_50.000s_R-0221_aligned.fits,written,2459782.764141624,0,0,2,0,2.27982510196739,-0.30734695894375363,25,0.6931290547115564,9.363092794292257,0.2842835783958435,468.71051025390625,0.17921779199969023
222,TOI_3505.01_50.000s_R-0222_out.fits,TOI_3505.01_50.000s_R-0222_aligned.fits,written,2459782.764894705,0,0,-1,0,-0.8309183142446273,0.16989029674260792,25,0.5762445864747179,9.65789781461017,0.35122328996658325,470.1795349121094,0.2446070830010285
223,TOI_3505.01_50.000s_R-0223_out.fits,TOI_3505.01_50.000s_R-0223_aligned.fits,written,2459782.7656475278,0,0,1,0,0.8798139071607238,0.17786992251149059,25,0.7018051951864471,9.299533925581398,0.3703562915325165,473.10748291015625,0.1843780000017432
224,TOI_3505.01_50.000s_R-0224_out.fits,TOI_3505.01_50.000s_R-0224_aligned.fits,written,2459782.766400767,8,0,5,-1,5.2110372220251975,-0.8026189428617272,25,0.6218392934187292,7.826999587941705,0.37269097566604614,475.0276184082031,0.20194824999998673
225,TOI_3505.01_50.000s_R-0225_out.fits,TOI_3505.01_50.000s_R-0225_aligned.fits,written,2459782.7671540114,0,0,1,-1,0.9497328626296166,-0.7778820417634051,25,0.695136693350675,9.347028260912314,0.37840425968170166,476.9027099609375,0.21509941700060153
226,TOI_3505.01_50.000s_R-0226_out.fits,TOI_3505.01_50.000s_R-0226_aligned.fits,written,2459782.767906488,0,0,3,-2,3.164930824885687,-2.217373859145937,25,0.6194445773900393,8.253778057746713,0.29468849301338196,479.02105712890625,0.28339599999890197
227,TOI_3505.01_50.000s_R-0227_out.fits,TOI_3505.01_50.000s_R-0227_aligned.fits,written,2459782.768659885,-8,0,-4,-3,-4.1833733807791305,-2.917904946088356,25,0.5920128631313563,7.977401828215302,0.40988558530807495,480.49835205078125,0.2173118329992576
228,TOI_3505.01_50.000s_R-0228_out.fits,TOI_3505.01_50.000s_R-0228_aligned.fits,written,2459782.7694134377,0,0,1,-3,1.1462864728259774,-3.494778665129161,25,0.6941412693538703,7.709624280763808,0.4041433334350586,482.4529113769531,0.21304041600160417
229,TOI_3505.01_50.000s_R-0229_out.fits,TOI_3505.01_50.000s_R-0229_aligned.fits,written,2459782.770166432,-8,0,-3,-2,-3.3729893852841997,-2.2729061807867765,25,0.6563333394958685,7.741686505966508,0.36288100481033325,484.81536865234375,0.24975174999781302
230,TOI_3505.01_50.000s_R-0230_out.fits,TOI_3505.01_50.000s_R-0230_aligned.fits,written,2459782.7709195474,0,0,2,-2,1.783160860283033,-1.923038259167015,25,0.7003370550957907,8.773743414231982,0.373456209897995,488.32177734375,0.19784904200059827
231,TOI_3505.01_50.000s_R-0231_out.fits,TOI_3505.01_50.000s_R-0231_aligned.fits,written,2459782.7716841977,0,-8,1,-5,0.6659211078831504,-5.370224220739374,25,0.8104616372125141,9.389028486757006,0.32118022441864014,496.53546142578125,0.21130437499959953
232,TOI_3505.01_50.000s_R-0232_out.fits,TOI_3505.01_50.000s_R-0232_aligned.fits,written,2459782.7724372265,0,-8,0,-7,0.2176859598584997,-6.7491988720757945,25,0.7298915894134153,9.586784001516312,0.381547212600708,500.340576171875,0.24280691599778947
233,TOI_3505.01_50.000s_R-0233_out.fits,TOI_3505.01_50.000s_R-0233_aligned.fits,written,2459782.773190157,0,-8,3,-8,2.788281987813889,-7.77196431459015,25,0.7271518143086722,8.901013802825045,0.38217347860336304,502.46734619140625,0.19444970800032024
234,TOI_3505.01_50.000s_R-0234_out.fits,TOI_3505.01_50.000s_R-0234_aligned.fits,written,2459782.7739435956,0,-8,1,-8,1.1398787282764715,-8.423558849179244,25,0.6769186805856944,9.607765688607483,0.30445846915245056,505.255615234375,0.22272841700032586
235,TOI_3505.01_50.000s_R-0235_out.fits,TOI_3505.01_50.000s_R-0235_aligned.fits,written,2459782.7746966756,280,-128,281,-128,281.0263270896471,-127.56873837706871,25,0.7188248785020399,9.859967591708175,0.316152423620224,529.3052368164062,0.23032100000273203
236,TOI_3505.01_50.000s_R-0236_out.fits,TOI_3505.01_50.000s_R-0236_aligned.fits,written,2459782.7754508555,272,-128,277,-129,276.6523007704611,-128.7430313096387,25,0.6326925364422495,8.364694925800562,0.39181017875671387,520.6806640625,0.2044798749993788
237,TOI_3505.01_50.000s_R-0237_out.fits,TOI_3505.01_50.000s_R-0237_aligned.fits,written,2459782.776204678,280,-136,281,-139,281.4933907683976,-138.87369409854796,25,0.7167979432567689,9.263200025947608,0.2931819558143616,525.7535400390625,0.23153729099794873
238,TOI_3505.01_50.000s_R-0238_out.fits,TOI_3505.01_50.000s_R-0238_aligned.fits,written,2459782.776958206,280,-144,280,-143,279.93039392057835,-143.28646368011982,25,0.6191461027521724,10.42584842889762,0.3176723122596741,545.9652709960938,0.21896783400006825
239,TOI_3505.01_50.000s_R-0239_out.fits,TOI_3505.01_50.000s_R-0239_aligned.fits,written,2459782.7777132667,280,-144,280,-144,279.65148078986,-144.24255117063285,25,0.6939807870340181,10.033973904530365,0.34952354431152344,572.5943603515625,0.20981787500204518
240,TOI_3505.01_50.000s_R-0240_out.fits,TOI_3505.01_50.000s_R-0240_aligned.fits,written,2459782.7784713698,288,-144,285,-146,284.88577106014145,-145.64675193179437,25,0.6158808010018237,7.888311158649869,0.3515560030937195,561.5404052734375,0.211294207998435
241,TOI_3505.01_50.000s_R-0241_out.fits,TOI_3505.01_50.000s_R-0241_aligned.fits,written,2459782.779228662,280,-144,286,-147,285.9412013696434,-147.3673628148333,25,0.6415771773004983,9.831468555155313,0.23324772715568542,608.81005859375,0.22547587499866495
242,TOI_3505.01_50.000s_R-0242_out.fits,TOI_3505.01_50.000s_R-0242_aligned.fits,written,2459782.7799883364,296,-152,296,-151,296.212530562137,-151.169605117404,25,0.5640199591972953,10.278447487786194,0.30478033423423767,660.6460571289062,0.18206125000142492
243,TOI_3505.01_50.000s_R-0243_out.fits,TOI_3505.01_50.000s_R-0243_aligned.fits,written,2459782.780745573,272,-152,273,-152,272.6672957662829,-152.07643102284987,25,0.6589128166155962,9.936295953508967,0.3380236029624939,692.7520751953125,0.20746412500011502
244,TOI_3505.01_50.000s_R-0244_out.fits,TOI_3505.01_50.000s_R-0244_aligned.fits,written,2459782.781499937,288,-152,288,-153,287.86147888734445,-153.07524021449672,25,0.6253861484824973,10.156311203658108,0.38330078125,701.1873168945312,0.25153162499918835
245,TOI_3505.01_50.000s_R-0245_out.fits,TOI_3505.01_50.000s_R-0245_aligned.fits,written,2459782.782254858,288,-176,288,-155,288.3876766080225,-155.18233145790828,25,0.7028021804740852,9.865472902627651,0.1949995756149292,700.623046875,0.19395779200203833
246,TOI_3505.01_50.000s_R-0246_out.fits,TOI_3505.01_50.000s_R-0246_aligned.fits,written,2459782.7830085154,288,-192,286,-191,285.9220904552176,-190.67240175348343,25,0.5336284838980131,10.652510069838009,0.19470469653606415,667.6925659179688,0.20207333299913444
247,TOI_3505.01_50.000s_R-0247_out.fits,TOI_3505.01_50.000s_R-0247_aligned.fits,written,2459782.7837648145,280,-192,284,-191,284.38181055868745,-190.8323312894995,25,0.6816186162687955,10.586970242220207,0.2185293734073639,634.3277587890625,0.2197870000018156
248,TOI_3505.01_50.000s_R-0248_out.fits,TOI_3505.01_50.000s_R-0248_aligned.fits,written,2459782.7845243327,288,-192,287,-193,287.15071813872385,-193.08083909278457,25,0.5420271626416291,10.285757694726902,0.30972516536712646,589.4785766601562,0.22306483300053515
249,TOI_3505.01_50.000s_R-0249_out.fits,TOI_3505.01_50.000s_R-0249_aligned.fits,written,2459782.785284568,288,-192,291,-194,291.09470530267913,-194.44845477410763,25,0.7225033631628015,8.63903718797762,0.29794061183929443,561.1948852539062,0.2024119999987306
250,TOI_3505.01_50.000s_R-0250_out.fits,TOI_3505.01_50.000s_R-0250_aligned.fits,written,2459782.7860405776,280,-192,289,-196,289.15950789647786,-195.73534795553314,25,0.57009315071119,10.078245960778194,0.2404434084892273,589.545654296875,0.22235420800279826
251,TOI_3505.01_50.000s_R-0251_out.fits,TOI_3505.01_50.000s_R-0251_aligned.fits,written,2459782.786801026,296,-200,295,-200,294.8950666102967,-200.0875006110516,25,0.5747676541059685,10.470600609245192,0.35313957929611206,625.206787109375,0.20208091699896613
252,TOI_3505.01_50.000s_R-0252_out.fits,TOI_3505.01_50.000s_R-0252_aligned.fits,written,2459782.7875607163,288,-200,287,-201,286.56686482968917,-200.65687270595663,25,0.7228582651168938,10.671263607987811,0.2943485379219055,631.8355712890625,0.19932129199878545
253,TOI_3505.01_50.000s_R-0253_out.fits,TOI_3505.01_50.000s_R-0253_aligned.fits,written,2459782.788320157,296,-296,297,-297,296.70930972227393,-297.4511846730286,25,0.7932191310317309,9.918137487188021,0.29404404759407043,601.18017578125,0.20897187499940628
254,TOI_3505.01_50.000s_R-0254_out.fits,TOI_3505.01_50.000s_R-0254_aligned.fits,written,2459782.78908171,288,-312,290,-310,290.1435376827112,-309.7982962254405,25,0.6094963209975461,9.26381982289933,0.2537990212440491,574.4366455078125,0.22900941599800717
255,TOI_3505.01_50.000s_R-0255_out.fits,TOI_3505.01_50.000s_R-0255_aligned.fits,written,2459782.7898395183,264,-312,263,-312,263.0334305941698,-312.1085023551309,25,0.5387082631452954,10.322963945123776,0.32053813338279724,583.7864990234375,0.19400737499745446
256,TOI_3505.01_50.000s_R-0256_out.fits,TOI_3505.01_50.000s_R-0256_aligned.fits,written,2459782.790599863,256,-312,258,-313,258.29399983609983,-313.32785567306155,25,0.7166938434398658,9.01400627626913,0.2512473464012146,546.8587646484375,0.20780604100218625
257,TOI_3505.01_50.000s_R-0257_out.fits,TOI_3505.01_50.000s_R-0257_aligned.fits,written,2459782.791353831,256,-312,261,-314,260.59334058347577,-313.87913571162494,25,0.7162687058605747,9.237980946073776,0.4034554958343506,535.4935302734375,0.21472416699907626
258,TOI_3505.01_50.000s_R-0258_out.fits,TOI_3505.01_50.000s_R-0258_aligned.fits,written,2459782.792107612,264,-312,265,-316,265.0057301780573,-315.6930860050684,25,0.6494922446675082,8.296243811593623,0.3135835528373718,539.7574462890625,0.19861591600056272
259,TOI_3505.01_50.000s_R-0259_out.fits,TOI_3505.01_50.000s_R-0259_aligned.fits,written,2459782.792861672,264,-320,265,-318,265.04667456335676,-318.2916580697729,25,0.6936424315928089,9.648334724273097,0.2974599599838257,549.33642578125,0.20244750000347267
260,TOI_3505.01_50.000s_R-0260_out.fits,TOI_3505.01_50.000s_R-0260_aligned.fits,written,2459782.7936161715,272,-320,267,-318,266.82186445413686,-318.2348698862729,25,0.6630903896882179,9.381562482591104,0.27922165393829346,589.95166015625,0.21489754100184655
261,TOI_3505.01_50.000s_R-0261_out.fits,TOI_3505.01_50.000s_R-0261_aligned.fits,written,2459782.794377061,264,-320,264,-322,263.7428489462154,-322.1129111179132,25,0.65411287069694,9.711681115436292,0.27745968103408813,653.015625,0.21382945799996378
262,TOI_3505.01_50.000s_R-0262_out.fits,TOI_3505.01_50.000s_R-0262_aligned.fits,written,2459782.795135025,272,-328,270,-326,270.0518499391594,-326.4562801949264,25,0.6378355526684152,10.750175996920447,0.251446396112442,663.3662719726562,0.19604083399826777
263,TOI_3505.01_50.000s_R-0263_out.fits,TOI_3505.01_50.000s_R-0263_aligned.fits,written,2459782.795891534,264,-328,268,-329,268.14096983626797,-328.69290410704025,25,0.5692765279055456,9.69666381439316,0.23870696127414703,733.39697265625,0.19683391700164066
264,TOI_3505.01_50.000s_R-0264_out.fits,TOI_3505.01_50.000s_R-0264_aligned.fits,written,2459782.7966453354,272,-336,268,-333,268.1517390762722,-333.3556850113184,25,0.6148246220437991,8.928952907813322,0.2983326017856598,727.720703125,0.23749483299980056
265,TOI_3505.01_50.000s_R-0265_out.fits,TOI_3505.01_50.000s_R-0265_aligned.fits,written,2459782.7973991074,264,-336,264,-337,264.0008902491836,-337.05283132311547,25,0.7062266992332832,9.970268475943294,0.24068954586982727,738.77392578125,0.17555995899965637
266,TOI_3505.01_50.000s_R-0266_out.fits,TOI_3505.01_50.000s_R-0266_aligned.fits,written,2459782.798152912,256,-336,266,-340,266.29047614746924,-340.17075715240117,25,0.6814769571187916,8.737256617224974,0.19209975004196167,870.4429931640625,0.2000493750019814
267,TOI_3505.01_50.000s_R-0267_out.fits,TOI_3505.01_50.000s_R-0267_aligned.fits,written,2459782.7989072786,272,-352,267,-345,267.1070534095081,-345.08827849309364,25,0.5117796684676912,8.33611479177385,0.21143436431884766,802.0489501953125,0.20759195899881888
268,TOI_3505.01_50.000s_R-0268_out.fits,TOI_3505.01_50.000s_R-0268_aligned.fits,written,2459782.7996603507,248,-336,265,-341,265.43428528719323,-341.3446969034353,25,0.7487262970260528,10.29531510114693,0.24571950733661652,817.7245483398438,0.24319174999982351
269,TOI_3505.01_50.000s_R-0269_out.fits,TOI_3505.01_50.000s_R-0269_aligned.fits,written,2459782.8004136644,264,-328,265,-337,265.34754487189184,-336.98712717602257,25,0.5648343821525303,9.719473790095684,0.21333259344100952,804.54833984375,0.18610645800072234
270,TOI_3505.01_50.000s_R-0270_out.fits,TOI_3505.01_50.000s_R-0270_aligned.fits,written,2459782.801166833,248,-320,264,-333,264.2519861476585,-332.67429127039804,25,0.6136232120889317,9.756342137965106,0.12792469561100006,905.3477783203125,0.19472795800174936
271,TOI_3505.01_50.000s_R-0271_out.fits,TOI_3505.01_50.000s_R-0271_aligned.fits,written,2459782.8019205416,272,-328,266,-329,266.17361066599517,-329.1163932540444,25,0.5078363670057491,9.187479458681317,0.1830529421567917,831.6405029296875,0.21818974999769125
272,TOI_3505.01_50.000s_R-0272_out.fits,TOI_3505.01_50.000s_R-0272_aligned.fits,written,2459782.8026749203,264,-320,265,-323,264.8087551795129,-323.3813164911958,25,0.7341385788070779,8.984216760593975,0.23572497069835663,773.2195434570312,0.2387287079982343
273,TOI_3505.01_50.000s_R-0273_out.fits,TOI_3505.01_50.000s_R-0273_aligned.fits,written,2459782.803428186,272,-328,271,-326,270.9941690079115,-325.90765801684574,25,0.5264237689584341,10.676958108623614,0.2275063395500183,800.6777954101562,0.17267274999903748
274,TOI_3505.01_50.000s_R-0274_out.fits,TOI_3505.01_50.000s_R-0274_aligned.fits,written,2459782.8041823604,272,-320,270,-325,269.6889474810242,-325.25719934211156,25,0.61878402811969,10.580904377180657,0.17764811217784882,789.6334228515625,0.17745183399892994
275,TOI_3505.01_50.000s_R-0275_out.fits,TOI_3505.01_50.000s_R-0275_aligned.fits,written,2459782.8049353827,264,-328,262,-325,262.1585764261922,-324.9838772594421,25,0.5286463971328035,10.435590057158263,0.2098250389099121,836.7376098632812,0.18221316600102
276,TOI_3505.01_50.000s_R-0276_out.fits,TOI_3505.01_50.000s_R-0276_aligned.fits,written,2459782.805689197,272,-320,271,-322,270.6660694527377,-322.32813415257147,25,0.7426976060607958,9.564909755905404,0.19675076007843018,885.569580078125,0.17566120799892815
277,TOI_3505.01_50.000s_R-0277_out.fits,TOI_3505.01_50.000s_R-0277_aligned.fits,written,2459782.806443451,264,-320,265,-323,264.6309395338401,-323.4838597543567,25,0.81897352259436,9.039998872205171,0.20062324404716492,881.9650268554688,0.19779741700040177
278,TOI_3505.01_50.000s_R-0278_out.fits,TOI_3505.01_50.000s_R-0278_aligned.fits,written,2459782.8071970316,272,-328,271,-327,271.2125909679835,-326.7694097209005,25,0.6180626991984502,10.76784376694698,0.3228437900543213,772.7760009765625,0.18789879199903226
279,TOI_3505.01_50.000s_R-0279_out.fits,TOI_3505.01_50.000s_R-0279_aligned.fits,written,2459782.807950425,264,-328,270,-326,269.7477614800773,-325.8434787346464,25,0.5594134736773457,10.650410637332584,0.34368640184402466,788.843017578125,0.18790566600000602
280,TOI_3505.01_50.000s_R-0280_out.fits,TOI_3505.01_50.000s_R-0280_aligned.fits,written,2459782.808704688,264,-328,268,-326,268.2152528217323,-325.82997871621365,25,0.5833202763140944,10.722565033328385,0.41886067390441895,786.364990234375,0.19083058399701258
281,TOI_3505.01_50.000s_R-0281_out.fits,TOI_3505.01_50.000s_R-0281_aligned.fits,written,2459782.8094587056,264,-328,266,-326,266.08611243284963,-326.1392837340795,25,0.5199189432258332,10.726871834342548,0.32795989513397217,834.5413818359375,0.20211245799873723
