duration_label,duration_hours,midpoint_hours_since_first_image,event_coverage_fraction,depth_ppt,depth_error_ppt,depth_snr,upper_limit_ppt,in_event_points,baseline_points_before,baseline_points_after,reduced_chi_square,residual_scatter_ppt
TOI catalog,2.004,1.4367716326999997,1.0000000000000002,0.6598123988932824,0.5131036908804918,1.2859240941358983,2.1991234715347576,110,21,132,3.001767430604143,2.426819768148856
TOI catalog,2.004,1.470104966033333,1.0000000000000002,0.5774503141024239,0.4993808634343429,1.1563324836502176,2.0755929044054526,109,23,131,3.005402763117559,2.409041003010638
TOI catalog,2.004,1.5034382993666664,1.0,0.8252075266384252,0.48512047216936527,1.7010362868181097,2.280568943146521,109,25,129,2.9876097502031427,2.420995209396534
TOI catalog,2.004,1.5367716326999996,1.0,0.9040670280775986,0.47364585525071945,1.9087405031741285,2.3250045938297568,110,26,127,2.979113392153411,2.4313588468963716
TOI catalog,2.004,1.570104966033333,0.9999999999999998,0.9639606152087216,0.46429772213848297,2.076169167423155,2.3568537816241704,110,28,125,2.9715933383683093,2.3739763736108523
TOI catalog,2.004,1.6034382993666663,0.9999999999999998,0.9554094465876485,0.4554627666756277,2.0976675076232385,2.3217977466145316,110,30,123,2.9705848568028403,2.360392874516951
TOI catalog,2.004,1.6367716326999997,1.0,0.9692745299438847,0.4467188533775945,2.1697640979674384,2.309431090076668,110,32,121,2.9671321762816714,2.336266123642837
TOI catalog,2.004,1.670104966033333,1.0,0.9353481132851823,0.4381757607504262,2.134641386103356,2.2498753955364608,109,34,120,2.968827760460319,2.3614413082143475
TOI catalog,2.004,1.7034382993666664,1.0000000000000002,0.8576694695851782,0.4304518493949044,1.9924864320848499,2.1490250177698913,109,36,118,2.975426186372992,2.362666712419423
TOI catalog,2.004,1.7367716326999996,1.0000000000000002,0.9296325093277953,0.42330850125034386,2.196111126003615,2.1995580130788266,109,38,116,2.965843379916876,2.3249602158923235
TOI catalog,2.004,1.770104966033333,1.0,0.8920582641889532,0.41862644392725906,2.130917138965923,2.1479375959707303,110,39,114,2.969006042143088,2.3972405648747195
TOI catalog,2.004,1.8034382993666662,1.0,0.876413255275515,0.4131435672257672,2.1213285763120413,2.1158439569528165,110,41,112,2.9694637171642206,2.4110693922491637
TOI catalog,2.004,1.8367716326999997,0.9999999999999998,0.8791505987834677,0.4072007440289728,2.1590102957201744,2.1007528308703862,110,43,110,2.9676540595912346,2.379060191559865
TOI catalog,2.004,1.8701049660333329,0.9999999999999998,0.7984943567109126,0.40179701164096443,1.9873078534103854,2.0038853916338057,109,45,109,2.975658513390171,2.457463068295728
TOI catalog,2.004,1.9034382993666663,1.0,0.6610047688430692,0.39717097187629813,1.6642826783648834,1.8525176844719637,109,47,107,2.98901603918506,2.494855951639729
TOI catalog,2.004,1.9367716326999995,1.0,0.6094205585359755,0.3933922341799765,1.549142320529811,1.789597261075905,109,49,105,2.993230678550325,2.5011802183426006
TOI catalog,2.004,1.970104966033333,1.0000000000000002,0.40346210862569803,0.39128710898781216,1.0311152587402646,1.5773234355891343,110,50,103,3.0085560159008886,2.389908671098388
TOI catalog,2.004,2.003438299366666,1.0000000000000002,0.31789568012102165,0.38862378398969927,0.8180036663156152,1.4837670320901193,110,52,101,3.013104224942761,2.386750958093985
TOI catalog,2.004,2.0367716326999994,1.0000000000000002,0.19824659610790185,0.38573172111308396,0.5139494245789094,1.3554417594471537,110,54,99,3.0177927885302296,2.3696779052558803
TOI catalog,2.004,2.070104966033333,0.9999999999999998,0.16655397977677255,0.38201330492605345,0.43598999728298077,1.312593894554933,110,56,97,3.018651729307055,2.4034875228142125
TOI catalog,2.004,2.1034382993666663,0.9999999999999998,0.0975382116533491,0.37852622414631476,0.2576788751514528,1.2331168840922935,109,58,96,3.020087415111939,2.4157684031405355
TOI catalog,2.004,2.1367716326999995,0.9999999999999998,-0.07765691767380395,0.37581940388577106,-0.20663360345653542,1.0498012939835093,109,60,94,3.0203626736042564,2.440364170722312
TOI catalog,2.004,2.1701049660333327,0.9999999999999998,-0.11951086569198868,0.3743658698754583,-0.3192354733933059,1.003586743934386,110,61,92,3.0196750689825937,2.4010140679130227
TOI catalog,2.004,2.2034382993666664,1.0000000000000002,-0.11134625636157966,0.37351987305797735,-0.29809995235326237,1.0092133628123523,110,63,90,3.019826555023179,2.4101311375160357
TOI catalog,2.004,2.2367716326999996,1.0000000000000002,-0.10953662421479989,0.3722214513770783,-0.29427810731905935,1.007127729916435,110,65,88,3.0198528417227486,2.416527892014633
TOI catalog,2.004,2.270104966033333,1.0000000000000002,0.005402536708554734,0.3707074041023639,0.014573587278723262,1.1175247490156466,110,67,86,3.020856212736577,2.4712921839538584
TOI catalog,2.004,2.303438299366666,1.0000000000000002,0.07869668586157508,0.36893982995797653,0.21330493341024984,1.1855161757355046,109,69,85,3.020330134326777,2.4402702304061537
TOI catalog,2.004,2.3367716326999997,0.9999999999999998,0.08735102598343904,0.3676330685356848,0.23760383235209484,1.1902502315904935,109,71,83,3.0202028830789724,2.4510375242976936
TOI catalog,2.004,2.370104966033333,0.9999999999999998,0.0007393257806709351,0.36790575858711716,0.0020095520752656786,1.1044566015420225,109,73,81,3.0208586335013905,2.4636210594869437
TOI catalog,2.004,2.403438299366666,0.9999999999999998,-0.06228174300614255,0.3687161834037855,-0.16891513258569688,1.0438668072052137,110,74,79,3.020527208671217,2.4470269072651427
TOI catalog,2.004,2.4367716326999993,0.9999999999999998,-0.14465194701070175,0.36939243858009624,-0.3915942285303074,0.963525368729587,110,76,77,3.0190780509480444,2.4371990969640036
TOI catalog,2.004,2.470104966033333,1.0000000000000002,-0.08409512806820585,0.36990497852216775,-0.2273425148376752,1.0256198074982974,110,78,75,3.0202582923469996,2.4400686767524657
TOI catalog,2.004,2.503438299366666,1.0000000000000002,-0.13400637977011676,0.3697840217539092,-0.3623909414325583,0.9753456854916107,110,80,73,3.019333601148488,2.3943368446671522
TOI catalog,2.004,2.5367716326999994,1.0000000000000002,-0.2661511662787248,0.3698637006241118,-0.7195925575546306,0.8434399355936106,109,82,72,3.014854326126947,2.425175993632735
TOI catalog,2.004,2.5701049660333326,1.0000000000000002,-0.2413031253850445,0.37140355414470366,-0.6497060210980902,0.8729075370490665,109,84,70,3.015962174032093,2.416205209392182
TOI catalog,2.004,2.6034382993666663,0.9999999999999998,-0.23943357731218956,0.3738778584340606,-0.6404058756381733,0.8821999979899922,110,85,68,3.0161011325439895,2.421454941598776
TOI catalog,2.004,2.6367716326999995,0.9999999999999998,-0.3744377647945065,0.3761176000264561,-0.9955337499977894,0.7539150352848618,110,87,66,3.0093872729192817,2.4478949244503525
TOI catalog,2.004,2.6701049660333327,0.9999999999999998,-0.5476165865652849,0.3773171619011667,-1.4513429068692238,0.5843348991382151,110,89,64,2.996581801118541,2.4782731610574453
TOI catalog,2.004,2.703438299366666,0.9999999999999998,-0.5914363341894229,0.3787072271347051,-1.5617244451980068,0.5446853472146924,110,91,62,2.9927842548570425,2.5313427128327475
TOI catalog,2.004,2.7367716326999996,1.0000000000000002,-0.6095451400645587,0.3802959849067924,-1.6028177110887813,0.5313428146558185,109,93,61,2.991302032146588,2.5554330159906566
TOI catalog,2.004,2.770104966033333,1.0000000000000002,-0.6594457187604131,0.3825743938130838,-1.7237058449933838,0.4882774626788381,109,95,59,2.98672771346399,2.513856633899863
TOI catalog,2.004,2.803438299366666,1.0000000000000002,-0.7666718574856239,0.38576445665990505,-1.9874092707341666,0.39062151249409127,109,97,57,2.975653968953416,2.525469063449208
TOI catalog,2.004,2.836771632699999,1.0000000000000002,-0.8762258115805511,0.38912378678603665,-2.2517919524214336,0.2911455487775588,110,98,55,2.9630723086599136,2.5172338741120646
TOI catalog,2.004,2.870104966033333,0.9999999999999998,-1.0053723855323382,0.39210355509782885,-2.564048125708782,0.17093827976114828,110,100,53,2.9463572851250475,2.49244352127577
TOI catalog,2.004,2.903438299366666,0.9999999999999998,-1.177759329547124,0.3943224099219477,-2.9867927865937167,0.005207900218719086,110,102,51,2.9206475433156855,2.6249718263117554
TOI catalog,2.004,2.9367716326999993,0.9999999999999998,-1.4182701160804472,0.3944748126336389,-3.595337574563066,-0.23484567817953028,110,104,49,2.8777835580333906,2.6326240768389635
TOI catalog,2.004,2.9701049660333325,0.9999999999999998,-1.3943738497306883,0.39934529097404686,-3.491649660697533,-0.1963379768085478,109,106,48,2.8855527019805276,2.692583478091583
TOI catalog,2.004,3.003438299366666,1.0000000000000002,-1.45769434774703,0.4047800367827306,-3.60120118406299,-0.2433542373988382,109,108,46,2.8773386870665916,2.6377984981320983
TOI catalog,2.004,3.0367716326999994,1.0000000000000002,-1.5110376714907776,0.4112501320709713,-3.6742545561785036,-0.2772872752778639,110,109,44,2.8717471154421306,2.5909562617974973
TOI catalog,2.004,3.0701049660333326,1.0000000000000002,-1.5802852390868631,0.4180212819296779,-3.780394222494893,-0.3262213932978293,110,111,42,2.8634631374209394,2.545489547794371
TOI catalog,2.004,3.103438299366666,1.0000000000000002,-1.683930520923307,0.42522123703357106,-3.9601279857768756,-0.4082668098225939,110,113,40,2.8490126615949776,2.5489111568349063
TOI catalog,2.004,3.1367716326999995,0.9999999999999998,-1.9044739683632355,0.4303304803866182,-4.425607887808028,-0.6134825272033808,110,115,38,2.80923666552429,2.4651220902497117
TOI catalog,2.004,3.1701049660333327,0.9999999999999998,-2.156079769836935,0.4352474218468747,-4.953687630562164,-0.850337504296311,109,117,37,2.7603358363980366,2.4312853683334272
TOI catalog,2.004,3.203438299366666,0.9999999999999998,-2.277052290755392,0.4443117147336466,-5.124898163264558,-0.9441171465544522,109,119,35,2.7436969451881152,2.4867337020858207
TOI catalog,2.004,3.236771632699999,0.9999999999999998,-2.41366869614304,0.4526966497719711,-5.331757364139617,-1.0555787468271267,109,121,33,2.7231206627611493,2.450597808581737
TOI catalog,2.004,3.270104966033333,1.0000000000000002,-2.5067948003242866,0.46560330189262583,-5.383971269392728,-1.109984894646409,110,122,31,2.7178484097643825,2.328539963723462
TOI catalog,2.004,3.303438299366666,1.0000000000000002,-2.587679287601527,0.4777575384215724,-5.416302369923389,-1.1544066723368098,110,124,29,2.714568382101635,2.492575089828151
TOI catalog,2.004,3.336771632699999,1.0000000000000002,-2.4969331657462592,0.4875892319959443,-5.120976842587509,-1.0341654697584264,111,125,27,2.7440820783308473,2.4882322023341827
TOI catalog,2.004,3.3701049660333324,1.0000000000000002,-2.4869830867195457,0.49707574420548917,-5.003227608087505,-0.9957558541030782,111,126,26,2.7555589107424017,2.5219253987517902
TOI catalog,2.004,3.403438299366666,0.9999999999999998,-2.3707214552313287,0.504940223803469,-4.695053678579689,-0.8559007838209216,111,128,24,2.7847590035831757,2.524004476747171
TOI catalog,2.004,3.4367716326999993,0.9999999999999998,-2.4987901384850177,0.5072631802762143,-4.926023089482623,-0.9770005976563749,110,130,23,2.76298986230042,2.492900398204026
TOI catalog,2.004,3.4701049660333325,0.9999999999999998,-2.481948005026676,0.5199247425970771,-4.773667805515646,-0.9221737772354448,111,131,21,2.777428754619138,2.4814594048907557
SPOC multi-sector,2.7111916374936995,1.770104966033333,1.0,-0.08926051698161219,0.4769295125753583,-0.18715662299784475,1.3415280207444629,149,20,94,3.0204517604953933,2.462124552128558
SPOC multi-sector,2.7111916374936995,1.8034382993666662,1.0,-0.27443618788757207,0.46186904806421136,-0.5941861422361833,1.111170956305062,148,22,93,3.016762182253969,2.3959484959424366
SPOC multi-sector,2.7111916374936995,1.8367716326999997,1.0000000000000002,-0.15017021587811796,0.44948697396082676,-0.33409247559464417,1.1982907060043624,149,23,91,3.019562384818332,2.402198016147503
SPOC multi-sector,2.7111916374936995,1.8701049660333329,1.0000000000000002,-0.005438742344776626,0.44021615747942217,-0.012354708595699057,1.31520973009349,149,25,89,3.02085690695939,2.450382648489533
SPOC multi-sector,2.7111916374936995,1.9034382993666663,1.0,0.13605239318462573,0.4307893272745777,0.3158211788703583,1.4284203750083588,149,27,87,3.019700241910855,2.4577855361753898
SPOC multi-sector,2.7111916374936995,1.9367716326999995,1.0,0.2324550621098523,0.42164751484970453,0.5513018668987305,1.4973976066589658,149,29,85,3.0173314924563,2.4516087744432835
SPOC multi-sector,2.7111916374936995,1.970104966033333,0.9999999999999999,0.3117592254772116,0.4125472747844829,0.7556933339096141,1.54940104983066,149,31,83,3.014238110279437,2.4541649461780413
SPOC multi-sector,2.7111916374936995,2.003438299366666,0.9999999999999999,0.3323143903756969,0.4044167404504336,0.8217127461280902,1.5455646117269977,148,33,82,3.013033925911201,2.401343224318983
SPOC multi-sector,2.7111916374936995,2.0367716326999994,0.9999999999999999,0.4220889565300652,0.39735580579775387,1.062244342152383,1.6141563739233267,148,35,80,3.0078052332513736,2.4577745930352783
SPOC multi-sector,2.7111916374936995,2.070104966033333,1.0000000000000002,0.22876938484004813,0.3936509971520648,0.5811477336399989,1.4097223762962425,149,36,78,3.0169397605139947,2.4004785510778426
SPOC multi-sector,2.7111916374936995,2.1034382993666663,1.0000000000000002,0.27369015615782694,0.3898432188130912,0.7020518581574882,1.4432198125971005,149,38,76,3.01514293412969,2.3964828877278657
SPOC multi-sector,2.7111916374936995,2.1367716326999995,1.0000000000000002,0.2914612267161141,0.3861566802020463,0.7547745297675924,1.4499312673222529,149,40,74,3.014254164458521,2.4582914027486145
SPOC multi-sector,2.7111916374936995,2.1701049660333327,1.0000000000000002,0.3052755267876412,0.38232695306558345,0.7984671871545372,1.4522563859843916,149,42,72,3.0134693077208934,2.442148857571928
SPOC multi-sector,2.7111916374936995,2.2034382993666664,0.9999999999999999,0.2573941578798694,0.378880283739229,0.6793548488182232,1.3940350090975562,149,44,70,3.0155058905857426,2.417582877687421
SPOC multi-sector,2.7111916374936995,2.2367716326999996,0.9999999999999999,0.28997671141918935,0.37633169435708247,0.7705349184436345,1.4189717944904368,148,46,69,3.013976102996851,2.4212688168553855
SPOC multi-sector,2.7111916374936995,2.270104966033333,0.9999999999999999,0.34321737523855156,0.37485162660626775,0.9156086058526196,1.4677722550573549,149,47,67,3.0111495862222997,2.4455535296050805
SPOC multi-sector,2.7111916374936995,2.303438299366666,0.9999999999999999,0.07508535821934507,0.3752365848783531,0.20010137935693767,1.2007951128544045,149,49,65,3.0203935332879768,2.43969616383932
SPOC multi-sector,2.7111916374936995,2.3367716326999997,1.0000000000000002,-0.12282302903392356,0.37470779323048525,-0.3277834922381086,1.0013003506575322,149,51,63,3.0196108608680823,2.4093399060840976
SPOC multi-sector,2.7111916374936995,2.370104966033333,1.0000000000000002,-0.21703853759224342,0.3740653383137426,-0.5802155809748004,0.9051574773489843,149,53,61,3.0169523059710177,2.4070190469832866
SPOC multi-sector,2.7111916374936995,2.403438299366666,1.0000000000000002,-0.28413306290191903,0.3730273709937186,-0.7616949451859487,0.8349490500792367,149,55,59,3.014132768472376,2.4228160195221022
SPOC multi-sector,2.7111916374936995,2.4367716326999993,1.0000000000000002,-0.3863962095725348,0.3725563717004735,-1.0371483053930646,0.7312729055288858,148,57,58,3.008412224056814,2.4808090185299823
SPOC multi-sector,2.7111916374936995,2.470104966033333,0.9999999999999999,-0.48144614361703836,0.3733153919296711,-1.2896498618190861,0.6385000321719749,148,59,56,3.0016573466068865,2.40790714748635
SPOC multi-sector,2.7111916374936995,2.503438299366666,0.9999999999999999,-0.6790544066205116,0.3748504726046963,-1.8115340815819587,0.4454970111935773,149,60,54,2.983205399311316,2.38503366933076
SPOC multi-sector,2.7111916374936995,2.5367716326999994,0.9999999999999999,-0.7477580560456291,0.3768665774997398,-1.9841453200931445,0.38284167645359035,149,62,52,2.975800114822944,2.402882311234735
SPOC multi-sector,2.7111916374936995,2.5701049660333326,0.9999999999999999,-0.872141304706347,0.37781045551230746,-2.308409658816169,0.26129006183057546,149,64,50,2.9601889793548253,2.4438859907852097
SPOC multi-sector,2.7111916374936995,2.6034382993666663,1.0000000000000002,-0.851581094676984,0.38012493960514826,-2.2402663070767126,0.28879372413846083,149,66,48,2.9636511722183414,2.443551277260934
SPOC multi-sector,2.7111916374936995,2.6367716326999995,1.0000000000000002,-0.8736687601886033,0.382445758000536,-2.284425286232038,0.2736685138130046,148,68,47,2.9614184683938465,2.499741292685683
SPOC multi-sector,2.7111916374936995,2.6701049660333327,1.0000000000000002,-0.9427556738500249,0.3864779388881469,-2.439351846478549,0.21667814281441578,148,70,45,2.953269280159037,2.3711462625272826
SPOC multi-sector,2.7111916374936995,2.703438299366666,1.0000000000000002,-0.9455530724083037,0.3925515651511947,-2.408735963246295,0.23210162304528037,149,71,43,2.9549184373734594,2.4048980057505314
SPOC multi-sector,2.7111916374936995,2.7367716326999996,0.9999999999999999,-1.0843478420108805,0.39818921018551695,-2.7231974505428744,0.11021978854567038,149,73,41,2.9370861561646078,2.4451943987770632
SPOC multi-sector,2.7111916374936995,2.770104966033333,0.9999999999999999,-1.139726348991587,0.40463909702516965,-2.816649101311861,0.07419094208392196,149,75,39,2.931411045143403,2.424695592335145
SPOC multi-sector,2.7111916374936995,2.803438299366666,0.9999999999999999,-1.353862408024667,0.40908875347420354,-3.3094588803210385,-0.1265961476020565,149,77,37,2.8987486902639783,2.4930998189731977
SPOC multi-sector,2.7111916374936995,2.836771632699999,0.9999999999999999,-1.4525927213936558,0.4146621669756184,-3.5030751225468473,-0.20860622046680066,149,79,35,2.8847057258603392,2.448113703600698
SPOC multi-sector,2.7111916374936995,2.870104966033333,1.0000000000000002,-1.7468555566060189,0.41803850170157897,-4.178695382113463,-0.4927400515012821,148,81,34,2.830746863223355,2.4593593181827997
SPOC multi-sector,2.7111916374936995,2.903438299366666,1.0000000000000002,-1.6636265277313695,0.4303237115009404,-3.8659885181059424,-0.37265539322854835,148,83,32,2.856646891422896,2.475512384274104
SPOC multi-sector,2.7111916374936995,2.9367716326999993,1.0000000000000002,-1.7583434817108972,0.4416157572841734,-3.981613999745549,-0.433496209858377,149,84,30,2.8472503288879403,2.535998758360531
SPOC multi-sector,2.7111916374936995,2.9701049660333325,1.0000000000000002,-1.9292707448455664,0.4508597028786194,-4.279093324437038,-0.5766916362097083,149,86,28,2.8221100631111296,2.527844360177954
SPOC multi-sector,2.7111916374936995,3.003438299366666,0.9999999999999999,-1.9890394213621618,0.45932390202976486,-4.330363415821695,-0.6110677152728672,149,88,26,2.817641213689493,2.4988956615571123
SPOC multi-sector,2.7111916374936995,3.0367716326999994,0.9999999999999999,-1.9550577894409744,0.46588802217194875,-4.196411361525424,-0.5573937229251282,149,90,24,2.8292339234065347,2.496111529032754
SPOC multi-sector,2.7111916374936995,3.0701049660333326,0.9999999999999999,-1.7596034638552114,0.4718694309266497,-3.7290049927577003,-0.34399517107526245,147,92,24,2.867497437319662,2.5057902852224525
SPOC multi-sector,2.7111916374936995,3.103438299366666,0.9999999999999999,-1.6363651990203374,0.48406932625037113,-3.380435632424216,-0.18415722026922388,147,94,22,2.893677704881288,2.377871834784324
SPOC multi-sector,2.7111916374936995,3.1367716326999995,1.0000000000000002,-1.5023956911817018,0.5034296842716173,-2.984320825966847,0.00789336163315002,148,95,20,2.9208078587243174,2.385844190357328
